Fitter report for register_cpu
Sun Jun  7 02:45:43 2026
Quartus Prime Version 24.1std.0 Build 1077 03/04/2025 SC Lite Edition


---------------------
; Table of Contents ;
---------------------
  1. Legal Notice
  2. Fitter Summary
  3. Fitter Settings
  4. Parallel Compilation
  5. Fitter Netlist Optimizations
  6. Incremental Compilation Preservation Summary
  7. Incremental Compilation Partition Settings
  8. Incremental Compilation Placement Preservation
  9. Pin-Out File
 10. Fitter Resource Usage Summary
 11. Fitter Partition Statistics
 12. Input Pins
 13. Output Pins
 14. I/O Bank Usage
 15. All Package Pins
 16. I/O Assignment Warnings
 17. Fitter Resource Utilization by Entity
 18. Delay Chain Summary
 19. Pad To Core Delay Chain Fanout
 20. Control Signals
 21. Global & Other Fast Signals
 22. Routing Usage Summary
 23. I/O Rules Summary
 24. I/O Rules Details
 25. I/O Rules Matrix
 26. Fitter Device Options
 27. Operating Settings and Conditions
 28. Estimated Delay Added for Hold Timing Summary
 29. Estimated Delay Added for Hold Timing Details
 30. Fitter Messages
 31. Fitter Suppressed Messages



----------------
; Legal Notice ;
----------------
Copyright (C) 2025  Altera Corporation. All rights reserved.
Your use of Altera Corporation's design tools, logic functions 
and other software and tools, and any partner logic 
functions, and any output files from any of the foregoing 
(including device programming or simulation files), and any 
associated documentation or information are expressly subject 
to the terms and conditions of the Altera Program License 
Subscription Agreement, the Altera Quartus Prime License Agreement,
the Altera IP License Agreement, or other applicable license
agreement, including, without limitation, that your use is for
the sole purpose of programming logic devices manufactured by
Altera and sold by Altera or its authorized distributors.  Please
refer to the Altera Software License Subscription Agreements 
on the Quartus Prime software download page.



+-----------------------------------------------------------------------------------+
; Fitter Summary                                                                    ;
+---------------------------------+-------------------------------------------------+
; Fitter Status                   ; Successful - Sun Jun  7 02:45:43 2026           ;
; Quartus Prime Version           ; 24.1std.0 Build 1077 03/04/2025 SC Lite Edition ;
; Revision Name                   ; register_cpu                                    ;
; Top-level Entity Name           ; register_cpu                                    ;
; Family                          ; Cyclone V                                       ;
; Device                          ; 5CGXFC7C7F23C8                                  ;
; Timing Models                   ; Final                                           ;
; Logic utilization (in ALMs)     ; 435 / 56,480 ( < 1 % )                          ;
; Total registers                 ; 496                                             ;
; Total pins                      ; 210 / 268 ( 78 % )                              ;
; Total virtual pins              ; 0                                               ;
; Total block memory bits         ; 0 / 7,024,640 ( 0 % )                           ;
; Total RAM Blocks                ; 0 / 686 ( 0 % )                                 ;
; Total DSP Blocks                ; 0 / 156 ( 0 % )                                 ;
; Total HSSI RX PCSs              ; 0 / 6 ( 0 % )                                   ;
; Total HSSI PMA RX Deserializers ; 0 / 6 ( 0 % )                                   ;
; Total HSSI TX PCSs              ; 0 / 6 ( 0 % )                                   ;
; Total HSSI PMA TX Serializers   ; 0 / 6 ( 0 % )                                   ;
; Total PLLs                      ; 0 / 13 ( 0 % )                                  ;
; Total DLLs                      ; 0 / 4 ( 0 % )                                   ;
+---------------------------------+-------------------------------------------------+


+----------------------------------------------------------------------------------------------------------------------------------------------------+
; Fitter Settings                                                                                                                                    ;
+--------------------------------------------------------------------+---------------------------------------+---------------------------------------+
; Option                                                             ; Setting                               ; Default Value                         ;
+--------------------------------------------------------------------+---------------------------------------+---------------------------------------+
; Device                                                             ; 5CGXFC7C7F23C8                        ;                                       ;
; Minimum Core Junction Temperature                                  ; 0                                     ;                                       ;
; Maximum Core Junction Temperature                                  ; 85                                    ;                                       ;
; Use smart compilation                                              ; Off                                   ; Off                                   ;
; Enable parallel Assembler and Timing Analyzer during compilation   ; On                                    ; On                                    ;
; Enable compact report table                                        ; Off                                   ; Off                                   ;
; Router Timing Optimization Level                                   ; Normal                                ; Normal                                ;
; Perform Clocking Topology Analysis During Routing                  ; Off                                   ; Off                                   ;
; Placement Effort Multiplier                                        ; 1.0                                   ; 1.0                                   ;
; Device initialization clock source                                 ; INIT_INTOSC                           ; INIT_INTOSC                           ;
; Optimize Hold Timing                                               ; All Paths                             ; All Paths                             ;
; Optimize Multi-Corner Timing                                       ; On                                    ; On                                    ;
; Auto RAM to MLAB Conversion                                        ; On                                    ; On                                    ;
; Equivalent RAM and MLAB Power Up                                   ; Auto                                  ; Auto                                  ;
; Equivalent RAM and MLAB Paused Read Capabilities                   ; Care                                  ; Care                                  ;
; Power Optimization During Fitting                                  ; Normal compilation                    ; Normal compilation                    ;
; SSN Optimization                                                   ; Off                                   ; Off                                   ;
; Optimize Timing                                                    ; Normal compilation                    ; Normal compilation                    ;
; Optimize Timing for ECOs                                           ; Off                                   ; Off                                   ;
; Regenerate Full Fit Report During ECO Compiles                     ; Off                                   ; Off                                   ;
; Optimize IOC Register Placement for Timing                         ; Normal                                ; Normal                                ;
; Final Placement Optimizations                                      ; Automatically                         ; Automatically                         ;
; Fitter Aggressive Routability Optimizations                        ; Automatically                         ; Automatically                         ;
; Fitter Initial Placement Seed                                      ; 1                                     ; 1                                     ;
; Periphery to Core Placement and Routing Optimization               ; Off                                   ; Off                                   ;
; Weak Pull-Up Resistor                                              ; Off                                   ; Off                                   ;
; Enable Bus-Hold Circuitry                                          ; Off                                   ; Off                                   ;
; Auto Packed Registers                                              ; Auto                                  ; Auto                                  ;
; Auto Delay Chains                                                  ; On                                    ; On                                    ;
; Auto Delay Chains for High Fanout Input Pins                       ; Off                                   ; Off                                   ;
; Treat Bidirectional Pin as Output Pin                              ; Off                                   ; Off                                   ;
; Perform Physical Synthesis for Combinational Logic for Fitting     ; Off                                   ; Off                                   ;
; Perform Physical Synthesis for Combinational Logic for Performance ; Off                                   ; Off                                   ;
; Perform Register Duplication for Performance                       ; Off                                   ; Off                                   ;
; Perform Register Retiming for Performance                          ; Off                                   ; Off                                   ;
; Perform Asynchronous Signal Pipelining                             ; Off                                   ; Off                                   ;
; Fitter Effort                                                      ; Auto Fit                              ; Auto Fit                              ;
; Physical Synthesis Effort Level                                    ; Normal                                ; Normal                                ;
; Logic Cell Insertion - Logic Duplication                           ; Auto                                  ; Auto                                  ;
; Auto Register Duplication                                          ; Auto                                  ; Auto                                  ;
; Auto Global Clock                                                  ; On                                    ; On                                    ;
; Auto Global Register Control Signals                               ; On                                    ; On                                    ;
; Reserve all unused pins                                            ; As input tri-stated with weak pull-up ; As input tri-stated with weak pull-up ;
; Synchronizer Identification                                        ; Auto                                  ; Auto                                  ;
; Enable Beneficial Skew Optimization                                ; On                                    ; On                                    ;
; Optimize Design for Metastability                                  ; On                                    ; On                                    ;
; Active Serial clock source                                         ; FREQ_100MHz                           ; FREQ_100MHz                           ;
; Force Fitter to Avoid Periphery Placement Warnings                 ; Off                                   ; Off                                   ;
; Clamping Diode                                                     ; Off                                   ; Off                                   ;
; Enable input tri-state on active configuration pins in user mode   ; Off                                   ; Off                                   ;
; Advanced Physical Optimization                                     ; On                                    ; On                                    ;
+--------------------------------------------------------------------+---------------------------------------+---------------------------------------+


+------------------------------------------+
; Parallel Compilation                     ;
+----------------------------+-------------+
; Processors                 ; Number      ;
+----------------------------+-------------+
; Number detected on machine ; 12          ;
; Maximum allowed            ; 6           ;
;                            ;             ;
; Average used               ; 1.03        ;
; Maximum used               ; 6           ;
;                            ;             ;
; Usage by Processor         ; % Time Used ;
;     Processor 1            ; 100.0%      ;
;     Processor 2            ;   0.5%      ;
;     Processor 3            ;   0.5%      ;
;     Processor 4            ;   0.5%      ;
;     Processor 5            ;   0.5%      ;
;     Processor 6            ;   0.5%      ;
+----------------------------+-------------+


+------------------------------------------------------------------------------------------------------------------------------------------------------------------+
; Fitter Netlist Optimizations                                                                                                                                     ;
+--------------------+---------+-----------+----------------------------+-----------+----------------+------------------+------------------+-----------------------+
; Node               ; Action  ; Operation ; Reason                     ; Node Port ; Node Port Name ; Destination Node ; Destination Port ; Destination Port Name ;
+--------------------+---------+-----------+----------------------------+-----------+----------------+------------------+------------------+-----------------------+
; clk~inputCLKENA0   ; Created ; Placement ; Fitter Periphery Placement ;           ;                ;                  ;                  ;                       ;
; reset~inputCLKENA0 ; Created ; Placement ; Fitter Periphery Placement ;           ;                ;                  ;                  ;                       ;
+--------------------+---------+-----------+----------------------------+-----------+----------------+------------------+------------------+-----------------------+


+---------------------------------------------------------------------------------------------------+
; Incremental Compilation Preservation Summary                                                      ;
+---------------------+---------------------+----------------------------+--------------------------+
; Type                ; Total [A + B]       ; From Design Partitions [A] ; From Rapid Recompile [B] ;
+---------------------+---------------------+----------------------------+--------------------------+
; Placement (by node) ;                     ;                            ;                          ;
;     -- Requested    ; 0.00 % ( 0 / 1469 ) ; 0.00 % ( 0 / 1469 )        ; 0.00 % ( 0 / 1469 )      ;
;     -- Achieved     ; 0.00 % ( 0 / 1469 ) ; 0.00 % ( 0 / 1469 )        ; 0.00 % ( 0 / 1469 )      ;
;                     ;                     ;                            ;                          ;
; Routing (by net)    ;                     ;                            ;                          ;
;     -- Requested    ; 0.00 % ( 0 / 0 )    ; 0.00 % ( 0 / 0 )           ; 0.00 % ( 0 / 0 )         ;
;     -- Achieved     ; 0.00 % ( 0 / 0 )    ; 0.00 % ( 0 / 0 )           ; 0.00 % ( 0 / 0 )         ;
+---------------------+---------------------+----------------------------+--------------------------+


+----------------------------------------------------------------------------------------------------------------------------------------------------------------------------------------+
; Incremental Compilation Partition Settings                                                                                                                                             ;
+--------------------------------+----------------+-------------------+-------------------------+------------------------+------------------------------+--------------------------------+
; Partition Name                 ; Partition Type ; Netlist Type Used ; Preservation Level Used ; Netlist Type Requested ; Preservation Level Requested ; Contents                       ;
+--------------------------------+----------------+-------------------+-------------------------+------------------------+------------------------------+--------------------------------+
; Top                            ; User-created   ; Source File       ; N/A                     ; Source File            ; N/A                          ;                                ;
; hard_block:auto_generated_inst ; Auto-generated ; Source File       ; N/A                     ; Source File            ; N/A                          ; hard_block:auto_generated_inst ;
+--------------------------------+----------------+-------------------+-------------------------+------------------------+------------------------------+--------------------------------+


+------------------------------------------------------------------------------------------------------------------------------------+
; Incremental Compilation Placement Preservation                                                                                     ;
+--------------------------------+-----------------------+-------------------------+-------------------+---------------------+-------+
; Partition Name                 ; Preservation Achieved ; Preservation Level Used ; Netlist Type Used ; Preservation Method ; Notes ;
+--------------------------------+-----------------------+-------------------------+-------------------+---------------------+-------+
; Top                            ; 0.00 % ( 0 / 1469 )   ; N/A                     ; Source File       ; N/A                 ;       ;
; hard_block:auto_generated_inst ; 0.00 % ( 0 / 0 )      ; N/A                     ; Source File       ; N/A                 ;       ;
+--------------------------------+-----------------------+-------------------------+-------------------+---------------------+-------+


+--------------+
; Pin-Out File ;
+--------------+
The pin-out file can be found in C:/Users/odrow/OneDrive/Dokumenty/quartus/CPU/laby/Lab2_Rejestry/output_files/register_cpu.pin.


+---------------------------------------------------------------------------------------------+
; Fitter Resource Usage Summary                                                               ;
+-------------------------------------------------------------+-----------------------+-------+
; Resource                                                    ; Usage                 ; %     ;
+-------------------------------------------------------------+-----------------------+-------+
; Logic utilization (ALMs needed / total ALMs on device)      ; 435 / 56,480          ; < 1 % ;
; ALMs needed [=A-B+C]                                        ; 435                   ;       ;
;     [A] ALMs used in final placement [=a+b+c+d]             ; 488 / 56,480          ; < 1 % ;
;         [a] ALMs used for LUT logic and registers           ; 115                   ;       ;
;         [b] ALMs used for LUT logic                         ; 249                   ;       ;
;         [c] ALMs used for registers                         ; 124                   ;       ;
;         [d] ALMs used for memory (up to half of total ALMs) ; 0                     ;       ;
;     [B] Estimate of ALMs recoverable by dense packing       ; 54 / 56,480           ; < 1 % ;
;     [C] Estimate of ALMs unavailable [=a+b+c+d]             ; 1 / 56,480            ; < 1 % ;
;         [a] Due to location constrained logic               ; 0                     ;       ;
;         [b] Due to LAB-wide signal conflicts                ; 0                     ;       ;
;         [c] Due to LAB input limits                         ; 1                     ;       ;
;         [d] Due to virtual I/Os                             ; 0                     ;       ;
;                                                             ;                       ;       ;
; Difficulty packing design                                   ; Low                   ;       ;
;                                                             ;                       ;       ;
; Total LABs:  partially or completely used                   ; 60 / 5,648            ; 1 %   ;
;     -- Logic LABs                                           ; 60                    ;       ;
;     -- Memory LABs (up to half of total LABs)               ; 0                     ;       ;
;                                                             ;                       ;       ;
; Combinational ALUT usage for logic                          ; 551                   ;       ;
;     -- 7 input functions                                    ; 0                     ;       ;
;     -- 6 input functions                                    ; 361                   ;       ;
;     -- 5 input functions                                    ; 72                    ;       ;
;     -- 4 input functions                                    ; 6                     ;       ;
;     -- <=3 input functions                                  ; 112                   ;       ;
; Combinational ALUT usage for route-throughs                 ; 70                    ;       ;
;                                                             ;                       ;       ;
; Dedicated logic registers                                   ; 496                   ;       ;
;     -- By type:                                             ;                       ;       ;
;         -- Primary logic registers                          ; 477 / 112,960         ; < 1 % ;
;         -- Secondary logic registers                        ; 19 / 112,960          ; < 1 % ;
;     -- By function:                                         ;                       ;       ;
;         -- Design implementation registers                  ; 496                   ;       ;
;         -- Routing optimization registers                   ; 0                     ;       ;
;                                                             ;                       ;       ;
; Virtual pins                                                ; 0                     ;       ;
; I/O pins                                                    ; 210 / 268             ; 78 %  ;
;     -- Clock pins                                           ; 8 / 11                ; 73 %  ;
;     -- Dedicated input pins                                 ; 0 / 23                ; 0 %   ;
;                                                             ;                       ;       ;
; M10K blocks                                                 ; 0 / 686               ; 0 %   ;
; Total MLAB memory bits                                      ; 0                     ;       ;
; Total block memory bits                                     ; 0 / 7,024,640         ; 0 %   ;
; Total block memory implementation bits                      ; 0 / 7,024,640         ; 0 %   ;
;                                                             ;                       ;       ;
; Total DSP Blocks                                            ; 0 / 156               ; 0 %   ;
;                                                             ;                       ;       ;
; Fractional PLLs                                             ; 0 / 7                 ; 0 %   ;
; Global signals                                              ; 2                     ;       ;
;     -- Global clocks                                        ; 2 / 16                ; 13 %  ;
;     -- Quadrant clocks                                      ; 0 / 88                ; 0 %   ;
;     -- Horizontal periphery clocks                          ; 0 / 18                ; 0 %   ;
; SERDES Transmitters                                         ; 0 / 120               ; 0 %   ;
; SERDES Receivers                                            ; 0 / 120               ; 0 %   ;
; JTAGs                                                       ; 0 / 1                 ; 0 %   ;
; ASMI blocks                                                 ; 0 / 1                 ; 0 %   ;
; CRC blocks                                                  ; 0 / 1                 ; 0 %   ;
; Remote update blocks                                        ; 0 / 1                 ; 0 %   ;
; Oscillator blocks                                           ; 0 / 1                 ; 0 %   ;
; Hard IPs                                                    ; 0 / 1                 ; 0 %   ;
; Standard RX PCSs                                            ; 0 / 6                 ; 0 %   ;
; HSSI PMA RX Deserializers                                   ; 0 / 6                 ; 0 %   ;
; Standard TX PCSs                                            ; 0 / 6                 ; 0 %   ;
; HSSI PMA TX Serializers                                     ; 0 / 6                 ; 0 %   ;
; Channel PLLs                                                ; 0 / 6                 ; 0 %   ;
; Impedance control blocks                                    ; 0 / 3                 ; 0 %   ;
; Hard Memory Controllers                                     ; 0 / 2                 ; 0 %   ;
; Average interconnect usage (total/H/V)                      ; 0.6% / 0.4% / 1.1%    ;       ;
; Peak interconnect usage (total/H/V)                         ; 14.0% / 14.4% / 13.1% ;       ;
; Maximum fan-out                                             ; 496                   ;       ;
; Highest non-global fan-out                                  ; 80                    ;       ;
; Total fan-out                                               ; 5441                  ;       ;
; Average fan-out                                             ; 3.54                  ;       ;
+-------------------------------------------------------------+-----------------------+-------+


+-----------------------------------------------------------------------------------------------------------------------+
; Fitter Partition Statistics                                                                                           ;
+-------------------------------------------------------------+------------------------+--------------------------------+
; Statistic                                                   ; Top                    ; hard_block:auto_generated_inst ;
+-------------------------------------------------------------+------------------------+--------------------------------+
; Logic utilization (ALMs needed / total ALMs on device)      ; 435 / 56480 ( < 1 % )  ; 0 / 56480 ( 0 % )              ;
; ALMs needed [=A-B+C]                                        ; 435                    ; 0                              ;
;     [A] ALMs used in final placement [=a+b+c+d]             ; 488 / 56480 ( < 1 % )  ; 0 / 56480 ( 0 % )              ;
;         [a] ALMs used for LUT logic and registers           ; 115                    ; 0                              ;
;         [b] ALMs used for LUT logic                         ; 249                    ; 0                              ;
;         [c] ALMs used for registers                         ; 124                    ; 0                              ;
;         [d] ALMs used for memory (up to half of total ALMs) ; 0                      ; 0                              ;
;     [B] Estimate of ALMs recoverable by dense packing       ; 54 / 56480 ( < 1 % )   ; 0 / 56480 ( 0 % )              ;
;     [C] Estimate of ALMs unavailable [=a+b+c+d]             ; 1 / 56480 ( < 1 % )    ; 0 / 56480 ( 0 % )              ;
;         [a] Due to location constrained logic               ; 0                      ; 0                              ;
;         [b] Due to LAB-wide signal conflicts                ; 0                      ; 0                              ;
;         [c] Due to LAB input limits                         ; 1                      ; 0                              ;
;         [d] Due to virtual I/Os                             ; 0                      ; 0                              ;
;                                                             ;                        ;                                ;
; Difficulty packing design                                   ; Low                    ; Low                            ;
;                                                             ;                        ;                                ;
; Total LABs:  partially or completely used                   ; 60 / 5648 ( 1 % )      ; 0 / 5648 ( 0 % )               ;
;     -- Logic LABs                                           ; 60                     ; 0                              ;
;     -- Memory LABs (up to half of total LABs)               ; 0                      ; 0                              ;
;                                                             ;                        ;                                ;
; Combinational ALUT usage for logic                          ; 551                    ; 0                              ;
;     -- 7 input functions                                    ; 0                      ; 0                              ;
;     -- 6 input functions                                    ; 361                    ; 0                              ;
;     -- 5 input functions                                    ; 72                     ; 0                              ;
;     -- 4 input functions                                    ; 6                      ; 0                              ;
;     -- <=3 input functions                                  ; 112                    ; 0                              ;
; Combinational ALUT usage for route-throughs                 ; 70                     ; 0                              ;
; Memory ALUT usage                                           ; 0                      ; 0                              ;
;     -- 64-address deep                                      ; 0                      ; 0                              ;
;     -- 32-address deep                                      ; 0                      ; 0                              ;
;                                                             ;                        ;                                ;
; Dedicated logic registers                                   ; 0                      ; 0                              ;
;     -- By type:                                             ;                        ;                                ;
;         -- Primary logic registers                          ; 477 / 112960 ( < 1 % ) ; 0 / 112960 ( 0 % )             ;
;         -- Secondary logic registers                        ; 19 / 112960 ( < 1 % )  ; 0 / 112960 ( 0 % )             ;
;     -- By function:                                         ;                        ;                                ;
;         -- Design implementation registers                  ; 496                    ; 0                              ;
;         -- Routing optimization registers                   ; 0                      ; 0                              ;
;                                                             ;                        ;                                ;
;                                                             ;                        ;                                ;
; Virtual pins                                                ; 0                      ; 0                              ;
; I/O pins                                                    ; 210                    ; 0                              ;
; I/O registers                                               ; 0                      ; 0                              ;
; Total block memory bits                                     ; 0                      ; 0                              ;
; Total block memory implementation bits                      ; 0                      ; 0                              ;
; Clock enable block                                          ; 2 / 122 ( 1 % )        ; 0 / 122 ( 0 % )                ;
;                                                             ;                        ;                                ;
; Connections                                                 ;                        ;                                ;
;     -- Input Connections                                    ; 0                      ; 0                              ;
;     -- Registered Input Connections                         ; 0                      ; 0                              ;
;     -- Output Connections                                   ; 0                      ; 0                              ;
;     -- Registered Output Connections                        ; 0                      ; 0                              ;
;                                                             ;                        ;                                ;
; Internal Connections                                        ;                        ;                                ;
;     -- Total Connections                                    ; 5441                   ; 0                              ;
;     -- Registered Connections                               ; 1348                   ; 0                              ;
;                                                             ;                        ;                                ;
; External Connections                                        ;                        ;                                ;
;     -- Top                                                  ; 0                      ; 0                              ;
;     -- hard_block:auto_generated_inst                       ; 0                      ; 0                              ;
;                                                             ;                        ;                                ;
; Partition Interface                                         ;                        ;                                ;
;     -- Input Ports                                          ; 62                     ; 0                              ;
;     -- Output Ports                                         ; 148                    ; 0                              ;
;     -- Bidir Ports                                          ; 0                      ; 0                              ;
;                                                             ;                        ;                                ;
; Registered Ports                                            ;                        ;                                ;
;     -- Registered Input Ports                               ; 0                      ; 0                              ;
;     -- Registered Output Ports                              ; 0                      ; 0                              ;
;                                                             ;                        ;                                ;
; Port Connectivity                                           ;                        ;                                ;
;     -- Input Ports driven by GND                            ; 0                      ; 0                              ;
;     -- Output Ports driven by GND                           ; 0                      ; 0                              ;
;     -- Input Ports driven by VCC                            ; 0                      ; 0                              ;
;     -- Output Ports driven by VCC                           ; 0                      ; 0                              ;
;     -- Input Ports with no Source                           ; 0                      ; 0                              ;
;     -- Output Ports with no Source                          ; 0                      ; 0                              ;
;     -- Input Ports with no Fanout                           ; 0                      ; 0                              ;
;     -- Output Ports with no Fanout                          ; 0                      ; 0                              ;
+-------------------------------------------------------------+------------------------+--------------------------------+


+---------------------------------------------------------------------------------------------------------------------------------------------------------------------------------------------------------------------------------------------------------------------------------------+
; Input Pins                                                                                                                                                                                                                                                                            ;
+--------+-------+----------+--------------+--------------+--------------+-----------------------+--------------------+--------+----------------+-----------------+----------+--------------+--------------+-------------+---------------------------+----------------------+-----------+
; Name   ; Pin # ; I/O Bank ; X coordinate ; Y coordinate ; Z coordinate ; Combinational Fan-Out ; Registered Fan-Out ; Global ; Input Register ; PCI I/O Enabled ; Bus Hold ; Weak Pull Up ; I/O Standard ; Termination ; Termination Control Block ; Location assigned by ; Slew Rate ;
+--------+-------+----------+--------------+--------------+--------------+-----------------------+--------------------+--------+----------------+-----------------+----------+--------------+--------------+-------------+---------------------------+----------------------+-----------+
; BA[0]  ; AB21  ; 4A       ; 58           ; 0            ; 74           ; 31                    ; 0                  ; no     ; no             ; no              ; no       ; Off          ; 2.5 V        ; Off         ; --                        ; Fitter               ; no        ;
; BA[10] ; W19   ; 4A       ; 62           ; 0            ; 0            ; 31                    ; 0                  ; no     ; no             ; no              ; no       ; Off          ; 2.5 V        ; Off         ; --                        ; Fitter               ; no        ;
; BA[11] ; V14   ; 4A       ; 56           ; 0            ; 17           ; 31                    ; 0                  ; no     ; no             ; no              ; no       ; Off          ; 2.5 V        ; Off         ; --                        ; Fitter               ; no        ;
; BA[12] ; Y15   ; 4A       ; 54           ; 0            ; 0            ; 31                    ; 0                  ; no     ; no             ; no              ; no       ; Off          ; 2.5 V        ; Off         ; --                        ; Fitter               ; no        ;
; BA[13] ; AA14  ; 4A       ; 52           ; 0            ; 51           ; 31                    ; 0                  ; no     ; no             ; no              ; no       ; Off          ; 2.5 V        ; Off         ; --                        ; Fitter               ; no        ;
; BA[14] ; Y16   ; 4A       ; 58           ; 0            ; 57           ; 31                    ; 0                  ; no     ; no             ; no              ; no       ; Off          ; 2.5 V        ; Off         ; --                        ; Fitter               ; no        ;
; BA[15] ; AB15  ; 4A       ; 54           ; 0            ; 51           ; 31                    ; 0                  ; no     ; no             ; no              ; no       ; Off          ; 2.5 V        ; Off         ; --                        ; Fitter               ; no        ;
; BA[1]  ; AB12  ; 4A       ; 50           ; 0            ; 74           ; 31                    ; 0                  ; no     ; no             ; no              ; no       ; Off          ; 2.5 V        ; Off         ; --                        ; Fitter               ; no        ;
; BA[2]  ; T12   ; 4A       ; 52           ; 0            ; 17           ; 31                    ; 0                  ; no     ; no             ; no              ; no       ; Off          ; 2.5 V        ; Off         ; --                        ; Fitter               ; no        ;
; BA[3]  ; U13   ; 4A       ; 50           ; 0            ; 40           ; 31                    ; 0                  ; no     ; no             ; no              ; no       ; Off          ; 2.5 V        ; Off         ; --                        ; Fitter               ; no        ;
; BA[4]  ; T13   ; 4A       ; 52           ; 0            ; 0            ; 31                    ; 0                  ; no     ; no             ; no              ; no       ; Off          ; 2.5 V        ; Off         ; --                        ; Fitter               ; no        ;
; BA[5]  ; AA13  ; 4A       ; 52           ; 0            ; 34           ; 31                    ; 0                  ; no     ; no             ; no              ; no       ; Off          ; 2.5 V        ; Off         ; --                        ; Fitter               ; no        ;
; BA[6]  ; AB18  ; 4A       ; 56           ; 0            ; 34           ; 31                    ; 0                  ; no     ; no             ; no              ; no       ; Off          ; 2.5 V        ; Off         ; --                        ; Fitter               ; no        ;
; BA[7]  ; AB13  ; 4A       ; 50           ; 0            ; 91           ; 31                    ; 0                  ; no     ; no             ; no              ; no       ; Off          ; 2.5 V        ; Off         ; --                        ; Fitter               ; no        ;
; BA[8]  ; V13   ; 4A       ; 50           ; 0            ; 57           ; 31                    ; 0                  ; no     ; no             ; no              ; no       ; Off          ; 2.5 V        ; Off         ; --                        ; Fitter               ; no        ;
; BA[9]  ; V15   ; 4A       ; 56           ; 0            ; 0            ; 31                    ; 0                  ; no     ; no             ; no              ; no       ; Off          ; 2.5 V        ; Off         ; --                        ; Fitter               ; no        ;
; DI[0]  ; A14   ; 7A       ; 66           ; 81           ; 91           ; 2                     ; 0                  ; no     ; no             ; no              ; no       ; Off          ; 2.5 V        ; Off         ; --                        ; Fitter               ; no        ;
; DI[10] ; T22   ; 5A       ; 89           ; 6            ; 37           ; 2                     ; 0                  ; no     ; no             ; no              ; no       ; Off          ; 2.5 V        ; Off         ; --                        ; Fitter               ; no        ;
; DI[11] ; F13   ; 7A       ; 58           ; 81           ; 57           ; 2                     ; 0                  ; no     ; no             ; no              ; no       ; Off          ; 2.5 V        ; Off         ; --                        ; Fitter               ; no        ;
; DI[12] ; T10   ; 3B       ; 34           ; 0            ; 57           ; 2                     ; 0                  ; no     ; no             ; no              ; no       ; Off          ; 2.5 V        ; Off         ; --                        ; Fitter               ; no        ;
; DI[13] ; K22   ; 5B       ; 89           ; 38           ; 54           ; 2                     ; 0                  ; no     ; no             ; no              ; no       ; Off          ; 2.5 V        ; Off         ; --                        ; Fitter               ; no        ;
; DI[14] ; H10   ; 7A       ; 58           ; 81           ; 91           ; 2                     ; 0                  ; no     ; no             ; no              ; no       ; Off          ; 2.5 V        ; Off         ; --                        ; Fitter               ; no        ;
; DI[15] ; J18   ; 7A       ; 68           ; 81           ; 51           ; 2                     ; 0                  ; no     ; no             ; no              ; no       ; Off          ; 2.5 V        ; Off         ; --                        ; Fitter               ; no        ;
; DI[1]  ; D17   ; 7A       ; 70           ; 81           ; 0            ; 2                     ; 0                  ; no     ; no             ; no              ; no       ; Off          ; 2.5 V        ; Off         ; --                        ; Fitter               ; no        ;
; DI[2]  ; G18   ; 7A       ; 68           ; 81           ; 0            ; 2                     ; 0                  ; no     ; no             ; no              ; no       ; Off          ; 2.5 V        ; Off         ; --                        ; Fitter               ; no        ;
; DI[3]  ; E16   ; 7A       ; 70           ; 81           ; 17           ; 2                     ; 0                  ; no     ; no             ; no              ; no       ; Off          ; 2.5 V        ; Off         ; --                        ; Fitter               ; no        ;
; DI[4]  ; H11   ; 7A       ; 52           ; 81           ; 0            ; 2                     ; 0                  ; no     ; no             ; no              ; no       ; Off          ; 2.5 V        ; Off         ; --                        ; Fitter               ; no        ;
; DI[5]  ; L8    ; 7A       ; 52           ; 81           ; 34           ; 2                     ; 0                  ; no     ; no             ; no              ; no       ; Off          ; 2.5 V        ; Off         ; --                        ; Fitter               ; no        ;
; DI[6]  ; G11   ; 7A       ; 56           ; 81           ; 34           ; 2                     ; 0                  ; no     ; no             ; no              ; no       ; Off          ; 2.5 V        ; Off         ; --                        ; Fitter               ; no        ;
; DI[7]  ; B16   ; 7A       ; 72           ; 81           ; 34           ; 2                     ; 0                  ; no     ; no             ; no              ; no       ; Off          ; 2.5 V        ; Off         ; --                        ; Fitter               ; no        ;
; DI[8]  ; R6    ; 3A       ; 2            ; 0            ; 57           ; 2                     ; 0                  ; no     ; no             ; no              ; no       ; Off          ; 2.5 V        ; Off         ; --                        ; Fitter               ; no        ;
; DI[9]  ; B15   ; 7A       ; 62           ; 81           ; 17           ; 2                     ; 0                  ; no     ; no             ; no              ; no       ; Off          ; 2.5 V        ; Off         ; --                        ; Fitter               ; no        ;
; FI[0]  ; H15   ; 7A       ; 64           ; 81           ; 17           ; 1                     ; 0                  ; no     ; no             ; no              ; no       ; Off          ; 2.5 V        ; Off         ; --                        ; Fitter               ; no        ;
; FI[1]  ; K20   ; 7A       ; 72           ; 81           ; 0            ; 1                     ; 0                  ; no     ; no             ; no              ; no       ; Off          ; 2.5 V        ; Off         ; --                        ; Fitter               ; no        ;
; FI[2]  ; A17   ; 7A       ; 74           ; 81           ; 57           ; 1                     ; 0                  ; no     ; no             ; no              ; no       ; Off          ; 2.5 V        ; Off         ; --                        ; Fitter               ; no        ;
; FI[3]  ; J17   ; 7A       ; 64           ; 81           ; 34           ; 1                     ; 0                  ; no     ; no             ; no              ; no       ; Off          ; 2.5 V        ; Off         ; --                        ; Fitter               ; no        ;
; LDF    ; G16   ; 7A       ; 70           ; 81           ; 51           ; 1                     ; 0                  ; no     ; no             ; no              ; no       ; Off          ; 2.5 V        ; Off         ; --                        ; Fitter               ; no        ;
; Sa[0]  ; Y21   ; 4A       ; 68           ; 0            ; 51           ; 32                    ; 0                  ; no     ; no             ; no              ; no       ; Off          ; 2.5 V        ; Off         ; --                        ; Fitter               ; no        ;
; Sa[1]  ; V19   ; 4A       ; 70           ; 0            ; 17           ; 32                    ; 0                  ; no     ; no             ; no              ; no       ; Off          ; 2.5 V        ; Off         ; --                        ; Fitter               ; no        ;
; Sas[0] ; W16   ; 4A       ; 64           ; 0            ; 0            ; 16                    ; 0                  ; no     ; no             ; no              ; no       ; Off          ; 2.5 V        ; Off         ; --                        ; Fitter               ; no        ;
; Sas[1] ; T14   ; 4A       ; 60           ; 0            ; 17           ; 16                    ; 0                  ; no     ; no             ; no              ; no       ; Off          ; 2.5 V        ; Off         ; --                        ; Fitter               ; no        ;
; Sba[0] ; V6    ; 3A       ; 6            ; 0            ; 34           ; 31                    ; 0                  ; no     ; no             ; no              ; no       ; Off          ; 2.5 V        ; Off         ; --                        ; Fitter               ; no        ;
; Sba[1] ; U8    ; 3A       ; 2            ; 0            ; 74           ; 31                    ; 0                  ; no     ; no             ; no              ; no       ; Off          ; 2.5 V        ; Off         ; --                        ; Fitter               ; no        ;
; Sba[2] ; L22   ; 5B       ; 89           ; 36           ; 54           ; 31                    ; 0                  ; no     ; no             ; no              ; no       ; Off          ; 2.5 V        ; Off         ; --                        ; Fitter               ; no        ;
; Sba[3] ; M22   ; 5B       ; 89           ; 36           ; 37           ; 31                    ; 0                  ; no     ; no             ; no              ; no       ; Off          ; 2.5 V        ; Off         ; --                        ; Fitter               ; no        ;
; Sba[4] ; U7    ; 3A       ; 2            ; 0            ; 91           ; 31                    ; 0                  ; no     ; no             ; no              ; no       ; Off          ; 2.5 V        ; Off         ; --                        ; Fitter               ; no        ;
; Sbb[0] ; U15   ; 4A       ; 60           ; 0            ; 0            ; 80                    ; 0                  ; no     ; no             ; no              ; no       ; Off          ; 2.5 V        ; Off         ; --                        ; Fitter               ; no        ;
; Sbb[1] ; Y20   ; 4A       ; 66           ; 0            ; 57           ; 67                    ; 0                  ; no     ; no             ; no              ; no       ; Off          ; 2.5 V        ; Off         ; --                        ; Fitter               ; no        ;
; Sbb[2] ; AB17  ; 4A       ; 56           ; 0            ; 51           ; 20                    ; 0                  ; no     ; no             ; no              ; no       ; Off          ; 2.5 V        ; Off         ; --                        ; Fitter               ; no        ;
; Sbb[3] ; AB20  ; 4A       ; 58           ; 0            ; 91           ; 19                    ; 0                  ; no     ; no             ; no              ; no       ; Off          ; 2.5 V        ; Off         ; --                        ; Fitter               ; no        ;
; Sbb[4] ; V20   ; 4A       ; 62           ; 0            ; 17           ; 18                    ; 0                  ; no     ; no             ; no              ; no       ; Off          ; 2.5 V        ; Off         ; --                        ; Fitter               ; no        ;
; Sbc[0] ; AA15  ; 4A       ; 54           ; 0            ; 34           ; 80                    ; 0                  ; no     ; no             ; no              ; no       ; Off          ; 2.5 V        ; Off         ; --                        ; Fitter               ; no        ;
; Sbc[1] ; Y17   ; 4A       ; 58           ; 0            ; 40           ; 67                    ; 0                  ; no     ; no             ; no              ; no       ; Off          ; 2.5 V        ; Off         ; --                        ; Fitter               ; no        ;
; Sbc[2] ; AA17  ; 4A       ; 60           ; 0            ; 51           ; 20                    ; 0                  ; no     ; no             ; no              ; no       ; Off          ; 2.5 V        ; Off         ; --                        ; Fitter               ; no        ;
; Sbc[3] ; AA18  ; 4A       ; 60           ; 0            ; 34           ; 19                    ; 0                  ; no     ; no             ; no              ; no       ; Off          ; 2.5 V        ; Off         ; --                        ; Fitter               ; no        ;
; Sbc[4] ; AB22  ; 4A       ; 64           ; 0            ; 51           ; 18                    ; 0                  ; no     ; no             ; no              ; no       ; Off          ; 2.5 V        ; Off         ; --                        ; Fitter               ; no        ;
; Sid[0] ; AA22  ; 4A       ; 64           ; 0            ; 34           ; 64                    ; 0                  ; no     ; no             ; no              ; no       ; Off          ; 2.5 V        ; Off         ; --                        ; Fitter               ; no        ;
; Sid[1] ; R7    ; 3A       ; 8            ; 0            ; 51           ; 6                     ; 0                  ; no     ; no             ; no              ; no       ; Off          ; 2.5 V        ; Off         ; --                        ; Fitter               ; no        ;
; Sid[2] ; Y22   ; 4A       ; 66           ; 0            ; 91           ; 6                     ; 0                  ; no     ; no             ; no              ; no       ; Off          ; 2.5 V        ; Off         ; --                        ; Fitter               ; no        ;
; clk    ; M16   ; 5B       ; 89           ; 35           ; 60           ; 496                   ; 0                  ; yes    ; no             ; no              ; no       ; Off          ; 2.5 V        ; Off         ; --                        ; Fitter               ; no        ;
; reg_we ; V16   ; 4A       ; 64           ; 0            ; 17           ; 31                    ; 0                  ; no     ; no             ; no              ; no       ; Off          ; 2.5 V        ; Off         ; --                        ; Fitter               ; no        ;
; reset  ; M9    ; 3B       ; 32           ; 0            ; 0            ; 496                   ; 0                  ; yes    ; no             ; no              ; no       ; Off          ; 2.5 V        ; Off         ; --                        ; Fitter               ; no        ;
+--------+-------+----------+--------------+--------------+--------------+-----------------------+--------------------+--------+----------------+-----------------+----------+--------------+--------------+-------------+---------------------------+----------------------+-----------+


+-------------------------------------------------------------------------------------------------------------------------------------------------------------------------------------------------------------------------------------------------------------------------------------------------------------------------------------------------------------------------------------------------------------------------------------------------------------------------------------------------+
; Output Pins                                                                                                                                                                                                                                                                                                                                                                                                                                                                                     ;
+------------+-------+----------+--------------+--------------+--------------+-----------------+------------------------+-----------+-----------------+------------+---------------+----------+--------------+--------------+------------------+-----------------------------------+---------------------------+----------------------------+-----------------------------+---------------------+-----------------------------+----------------------+----------------------+---------------------+
; Name       ; Pin # ; I/O Bank ; X coordinate ; Y coordinate ; Z coordinate ; Output Register ; Output Enable Register ; Slew Rate ; PCI I/O Enabled ; Open Drain ; TRI Primitive ; Bus Hold ; Weak Pull Up ; I/O Standard ; Current Strength ; Termination                       ; Termination Control Block ; Output Buffer Pre-emphasis ; Voltage Output Differential ; Output Buffer Delay ; Output Buffer Delay Control ; Location assigned by ; Output Enable Source ; Output Enable Group ;
+------------+-------+----------+--------------+--------------+--------------+-----------------+------------------------+-----------+-----------------+------------+---------------+----------+--------------+--------------+------------------+-----------------------------------+---------------------------+----------------------------+-----------------------------+---------------------+-----------------------------+----------------------+----------------------+---------------------+
; ADR[0]     ; Y9    ; 3B       ; 34           ; 0            ; 74           ; no              ; no                     ; 1         ; no              ; no         ; no            ; no       ; Off          ; 2.5 V        ; Default          ; Series 50 Ohm without Calibration ; --                        ; no                         ; no                          ; 0                   ; Off                         ; Fitter               ; -                    ; -                   ;
; ADR[10]    ; U22   ; 4A       ; 70           ; 0            ; 51           ; no              ; no                     ; 1         ; no              ; no         ; no            ; no       ; Off          ; 2.5 V        ; Default          ; Series 50 Ohm without Calibration ; --                        ; no                         ; no                          ; 0                   ; Off                         ; Fitter               ; -                    ; -                   ;
; ADR[11]    ; AB8   ; 3B       ; 30           ; 0            ; 34           ; no              ; no                     ; 1         ; no              ; no         ; no            ; no       ; Off          ; 2.5 V        ; Default          ; Series 50 Ohm without Calibration ; --                        ; no                         ; no                          ; 0                   ; Off                         ; Fitter               ; -                    ; -                   ;
; ADR[12]    ; U11   ; 3B       ; 36           ; 0            ; 17           ; no              ; no                     ; 1         ; no              ; no         ; no            ; no       ; Off          ; 2.5 V        ; Default          ; Series 50 Ohm without Calibration ; --                        ; no                         ; no                          ; 0                   ; Off                         ; Fitter               ; -                    ; -                   ;
; ADR[13]    ; E20   ; 7A       ; 76           ; 81           ; 34           ; no              ; no                     ; 1         ; no              ; no         ; no            ; no       ; Off          ; 2.5 V        ; Default          ; Series 50 Ohm without Calibration ; --                        ; no                         ; no                          ; 0                   ; Off                         ; Fitter               ; -                    ; -                   ;
; ADR[14]    ; W21   ; 4A       ; 68           ; 0            ; 34           ; no              ; no                     ; 1         ; no              ; no         ; no            ; no       ; Off          ; 2.5 V        ; Default          ; Series 50 Ohm without Calibration ; --                        ; no                         ; no                          ; 0                   ; Off                         ; Fitter               ; -                    ; -                   ;
; ADR[15]    ; N21   ; 5B       ; 89           ; 35           ; 94           ; no              ; no                     ; 1         ; no              ; no         ; no            ; no       ; Off          ; 2.5 V        ; Default          ; Series 50 Ohm without Calibration ; --                        ; no                         ; no                          ; 0                   ; Off                         ; Fitter               ; -                    ; -                   ;
; ADR[16]    ; B22   ; 7A       ; 78           ; 81           ; 34           ; no              ; no                     ; 1         ; no              ; no         ; no            ; no       ; Off          ; 2.5 V        ; Default          ; Series 50 Ohm without Calibration ; --                        ; no                         ; no                          ; 0                   ; Off                         ; Fitter               ; -                    ; -                   ;
; ADR[17]    ; R21   ; 5A       ; 89           ; 8            ; 37           ; no              ; no                     ; 1         ; no              ; no         ; no            ; no       ; Off          ; 2.5 V        ; Default          ; Series 50 Ohm without Calibration ; --                        ; no                         ; no                          ; 0                   ; Off                         ; Fitter               ; -                    ; -                   ;
; ADR[18]    ; R16   ; 5A       ; 89           ; 8            ; 3            ; no              ; no                     ; 1         ; no              ; no         ; no            ; no       ; Off          ; 2.5 V        ; Default          ; Series 50 Ohm without Calibration ; --                        ; no                         ; no                          ; 0                   ; Off                         ; Fitter               ; -                    ; -                   ;
; ADR[19]    ; F20   ; 7A       ; 76           ; 81           ; 51           ; no              ; no                     ; 1         ; no              ; no         ; no            ; no       ; Off          ; 2.5 V        ; Default          ; Series 50 Ohm without Calibration ; --                        ; no                         ; no                          ; 0                   ; Off                         ; Fitter               ; -                    ; -                   ;
; ADR[1]     ; M18   ; 5B       ; 89           ; 36           ; 20           ; no              ; no                     ; 1         ; no              ; no         ; no            ; no       ; Off          ; 2.5 V        ; Default          ; Series 50 Ohm without Calibration ; --                        ; no                         ; no                          ; 0                   ; Off                         ; Fitter               ; -                    ; -                   ;
; ADR[20]    ; V21   ; 4A       ; 70           ; 0            ; 34           ; no              ; no                     ; 1         ; no              ; no         ; no            ; no       ; Off          ; 2.5 V        ; Default          ; Series 50 Ohm without Calibration ; --                        ; no                         ; no                          ; 0                   ; Off                         ; Fitter               ; -                    ; -                   ;
; ADR[21]    ; U16   ; 4A       ; 72           ; 0            ; 17           ; no              ; no                     ; 1         ; no              ; no         ; no            ; no       ; Off          ; 2.5 V        ; Default          ; Series 50 Ohm without Calibration ; --                        ; no                         ; no                          ; 0                   ; Off                         ; Fitter               ; -                    ; -                   ;
; ADR[22]    ; V9    ; 3B       ; 26           ; 0            ; 57           ; no              ; no                     ; 1         ; no              ; no         ; no            ; no       ; Off          ; 2.5 V        ; Default          ; Series 50 Ohm without Calibration ; --                        ; no                         ; no                          ; 0                   ; Off                         ; Fitter               ; -                    ; -                   ;
; ADR[23]    ; J7    ; 8A       ; 38           ; 81           ; 0            ; no              ; no                     ; 1         ; no              ; no         ; no            ; no       ; Off          ; 2.5 V        ; Default          ; Series 50 Ohm without Calibration ; --                        ; no                         ; no                          ; 0                   ; Off                         ; Fitter               ; -                    ; -                   ;
; ADR[24]    ; R17   ; 5A       ; 89           ; 8            ; 20           ; no              ; no                     ; 1         ; no              ; no         ; no            ; no       ; Off          ; 2.5 V        ; Default          ; Series 50 Ohm without Calibration ; --                        ; no                         ; no                          ; 0                   ; Off                         ; Fitter               ; -                    ; -                   ;
; ADR[25]    ; E22   ; 7A       ; 80           ; 81           ; 34           ; no              ; no                     ; 1         ; no              ; no         ; no            ; no       ; Off          ; 2.5 V        ; Default          ; Series 50 Ohm without Calibration ; --                        ; no                         ; no                          ; 0                   ; Off                         ; Fitter               ; -                    ; -                   ;
; ADR[26]    ; R14   ; 4A       ; 68           ; 0            ; 0            ; no              ; no                     ; 1         ; no              ; no         ; no            ; no       ; Off          ; 2.5 V        ; Default          ; Series 50 Ohm without Calibration ; --                        ; no                         ; no                          ; 0                   ; Off                         ; Fitter               ; -                    ; -                   ;
; ADR[27]    ; J22   ; 7A       ; 84           ; 81           ; 17           ; no              ; no                     ; 1         ; no              ; no         ; no            ; no       ; Off          ; 2.5 V        ; Default          ; Series 50 Ohm without Calibration ; --                        ; no                         ; no                          ; 0                   ; Off                         ; Fitter               ; -                    ; -                   ;
; ADR[28]    ; R11   ; 3B       ; 38           ; 0            ; 0            ; no              ; no                     ; 1         ; no              ; no         ; no            ; no       ; Off          ; 2.5 V        ; Default          ; Series 50 Ohm without Calibration ; --                        ; no                         ; no                          ; 0                   ; Off                         ; Fitter               ; -                    ; -                   ;
; ADR[29]    ; F22   ; 7A       ; 82           ; 81           ; 91           ; no              ; no                     ; 1         ; no              ; no         ; no            ; no       ; Off          ; 2.5 V        ; Default          ; Series 50 Ohm without Calibration ; --                        ; no                         ; no                          ; 0                   ; Off                         ; Fitter               ; -                    ; -                   ;
; ADR[2]     ; T17   ; 5A       ; 89           ; 4            ; 60           ; no              ; no                     ; 1         ; no              ; no         ; no            ; no       ; Off          ; 2.5 V        ; Default          ; Series 50 Ohm without Calibration ; --                        ; no                         ; no                          ; 0                   ; Off                         ; Fitter               ; -                    ; -                   ;
; ADR[30]    ; N20   ; 5B       ; 89           ; 35           ; 77           ; no              ; no                     ; 1         ; no              ; no         ; no            ; no       ; Off          ; 2.5 V        ; Default          ; Series 50 Ohm without Calibration ; --                        ; no                         ; no                          ; 0                   ; Off                         ; Fitter               ; -                    ; -                   ;
; ADR[31]    ; C19   ; 7A       ; 78           ; 81           ; 0            ; no              ; no                     ; 1         ; no              ; no         ; no            ; no       ; Off          ; 2.5 V        ; Default          ; Series 50 Ohm without Calibration ; --                        ; no                         ; no                          ; 0                   ; Off                         ; Fitter               ; -                    ; -                   ;
; ADR[3]     ; F19   ; 7A       ; 76           ; 81           ; 0            ; no              ; no                     ; 1         ; no              ; no         ; no            ; no       ; Off          ; 2.5 V        ; Default          ; Series 50 Ohm without Calibration ; --                        ; no                         ; no                          ; 0                   ; Off                         ; Fitter               ; -                    ; -                   ;
; ADR[4]     ; A22   ; 7A       ; 78           ; 81           ; 51           ; no              ; no                     ; 1         ; no              ; no         ; no            ; no       ; Off          ; 2.5 V        ; Default          ; Series 50 Ohm without Calibration ; --                        ; no                         ; no                          ; 0                   ; Off                         ; Fitter               ; -                    ; -                   ;
; ADR[5]     ; U17   ; 4A       ; 72           ; 0            ; 0            ; no              ; no                     ; 1         ; no              ; no         ; no            ; no       ; Off          ; 2.5 V        ; Default          ; Series 50 Ohm without Calibration ; --                        ; no                         ; no                          ; 0                   ; Off                         ; Fitter               ; -                    ; -                   ;
; ADR[6]     ; N9    ; 3B       ; 40           ; 0            ; 0            ; no              ; no                     ; 1         ; no              ; no         ; no            ; no       ; Off          ; 2.5 V        ; Default          ; Series 50 Ohm without Calibration ; --                        ; no                         ; no                          ; 0                   ; Off                         ; Fitter               ; -                    ; -                   ;
; ADR[7]     ; Y14   ; 4A       ; 54           ; 0            ; 17           ; no              ; no                     ; 1         ; no              ; no         ; no            ; no       ; Off          ; 2.5 V        ; Default          ; Series 50 Ohm without Calibration ; --                        ; no                         ; no                          ; 0                   ; Off                         ; Fitter               ; -                    ; -                   ;
; ADR[8]     ; P22   ; 5A       ; 89           ; 8            ; 54           ; no              ; no                     ; 1         ; no              ; no         ; no            ; no       ; Off          ; 2.5 V        ; Default          ; Series 50 Ohm without Calibration ; --                        ; no                         ; no                          ; 0                   ; Off                         ; Fitter               ; -                    ; -                   ;
; ADR[9]     ; K19   ; 7A       ; 72           ; 81           ; 17           ; no              ; no                     ; 1         ; no              ; no         ; no            ; no       ; Off          ; 2.5 V        ; Default          ; Series 50 Ohm without Calibration ; --                        ; no                         ; no                          ; 0                   ; Off                         ; Fitter               ; -                    ; -                   ;
; BB[0]      ; F7    ; 8A       ; 26           ; 81           ; 74           ; no              ; no                     ; 1         ; no              ; no         ; no            ; no       ; Off          ; 2.5 V        ; Default          ; Series 50 Ohm without Calibration ; --                        ; no                         ; no                          ; 0                   ; Off                         ; Fitter               ; -                    ; -                   ;
; BB[10]     ; B12   ; 7A       ; 54           ; 81           ; 34           ; no              ; no                     ; 1         ; no              ; no         ; no            ; no       ; Off          ; 2.5 V        ; Default          ; Series 50 Ohm without Calibration ; --                        ; no                         ; no                          ; 0                   ; Off                         ; Fitter               ; -                    ; -                   ;
; BB[11]     ; J11   ; 7A       ; 58           ; 81           ; 74           ; no              ; no                     ; 1         ; no              ; no         ; no            ; no       ; Off          ; 2.5 V        ; Default          ; Series 50 Ohm without Calibration ; --                        ; no                         ; no                          ; 0                   ; Off                         ; Fitter               ; -                    ; -                   ;
; BB[12]     ; V10   ; 3B       ; 26           ; 0            ; 40           ; no              ; no                     ; 1         ; no              ; no         ; no            ; no       ; Off          ; 2.5 V        ; Default          ; Series 50 Ohm without Calibration ; --                        ; no                         ; no                          ; 0                   ; Off                         ; Fitter               ; -                    ; -                   ;
; BB[13]     ; R12   ; 3B       ; 36           ; 0            ; 51           ; no              ; no                     ; 1         ; no              ; no         ; no            ; no       ; Off          ; 2.5 V        ; Default          ; Series 50 Ohm without Calibration ; --                        ; no                         ; no                          ; 0                   ; Off                         ; Fitter               ; -                    ; -                   ;
; BB[14]     ; C13   ; 7A       ; 54           ; 81           ; 17           ; no              ; no                     ; 1         ; no              ; no         ; no            ; no       ; Off          ; 2.5 V        ; Default          ; Series 50 Ohm without Calibration ; --                        ; no                         ; no                          ; 0                   ; Off                         ; Fitter               ; -                    ; -                   ;
; BB[15]     ; J13   ; 7A       ; 60           ; 81           ; 17           ; no              ; no                     ; 1         ; no              ; no         ; no            ; no       ; Off          ; 2.5 V        ; Default          ; Series 50 Ohm without Calibration ; --                        ; no                         ; no                          ; 0                   ; Off                         ; Fitter               ; -                    ; -                   ;
; BB[1]      ; A9    ; 8A       ; 36           ; 81           ; 51           ; no              ; no                     ; 1         ; no              ; no         ; no            ; no       ; Off          ; 2.5 V        ; Default          ; Series 50 Ohm without Calibration ; --                        ; no                         ; no                          ; 0                   ; Off                         ; Fitter               ; -                    ; -                   ;
; BB[2]      ; F10   ; 8A       ; 40           ; 81           ; 17           ; no              ; no                     ; 1         ; no              ; no         ; no            ; no       ; Off          ; 2.5 V        ; Default          ; Series 50 Ohm without Calibration ; --                        ; no                         ; no                          ; 0                   ; Off                         ; Fitter               ; -                    ; -                   ;
; BB[3]      ; J8    ; 8A       ; 38           ; 81           ; 17           ; no              ; no                     ; 1         ; no              ; no         ; no            ; no       ; Off          ; 2.5 V        ; Default          ; Series 50 Ohm without Calibration ; --                        ; no                         ; no                          ; 0                   ; Off                         ; Fitter               ; -                    ; -                   ;
; BB[4]      ; AB6   ; 3B       ; 26           ; 0            ; 91           ; no              ; no                     ; 1         ; no              ; no         ; no            ; no       ; Off          ; 2.5 V        ; Default          ; Series 50 Ohm without Calibration ; --                        ; no                         ; no                          ; 0                   ; Off                         ; Fitter               ; -                    ; -                   ;
; BB[5]      ; B13   ; 7A       ; 60           ; 81           ; 34           ; no              ; no                     ; 1         ; no              ; no         ; no            ; no       ; Off          ; 2.5 V        ; Default          ; Series 50 Ohm without Calibration ; --                        ; no                         ; no                          ; 0                   ; Off                         ; Fitter               ; -                    ; -                   ;
; BB[6]      ; G12   ; 7A       ; 52           ; 81           ; 17           ; no              ; no                     ; 1         ; no              ; no         ; no            ; no       ; Off          ; 2.5 V        ; Default          ; Series 50 Ohm without Calibration ; --                        ; no                         ; no                          ; 0                   ; Off                         ; Fitter               ; -                    ; -                   ;
; BB[7]      ; B11   ; 7A       ; 50           ; 81           ; 91           ; no              ; no                     ; 1         ; no              ; no         ; no            ; no       ; Off          ; 2.5 V        ; Default          ; Series 50 Ohm without Calibration ; --                        ; no                         ; no                          ; 0                   ; Off                         ; Fitter               ; -                    ; -                   ;
; BB[8]      ; AA10  ; 3B       ; 32           ; 0            ; 51           ; no              ; no                     ; 1         ; no              ; no         ; no            ; no       ; Off          ; 2.5 V        ; Default          ; Series 50 Ohm without Calibration ; --                        ; no                         ; no                          ; 0                   ; Off                         ; Fitter               ; -                    ; -                   ;
; BB[9]      ; R10   ; 3B       ; 38           ; 0            ; 17           ; no              ; no                     ; 1         ; no              ; no         ; no            ; no       ; Off          ; 2.5 V        ; Default          ; Series 50 Ohm without Calibration ; --                        ; no                         ; no                          ; 0                   ; Off                         ; Fitter               ; -                    ; -                   ;
; BC[0]      ; B18   ; 7A       ; 84           ; 81           ; 34           ; no              ; no                     ; 1         ; no              ; no         ; no            ; no       ; Off          ; 2.5 V        ; Default          ; Series 50 Ohm without Calibration ; --                        ; no                         ; no                          ; 0                   ; Off                         ; Fitter               ; -                    ; -                   ;
; BC[10]     ; K16   ; 7A       ; 64           ; 81           ; 51           ; no              ; no                     ; 1         ; no              ; no         ; no            ; no       ; Off          ; 2.5 V        ; Default          ; Series 50 Ohm without Calibration ; --                        ; no                         ; no                          ; 0                   ; Off                         ; Fitter               ; -                    ; -                   ;
; BC[11]     ; E15   ; 7A       ; 66           ; 81           ; 40           ; no              ; no                     ; 1         ; no              ; no         ; no            ; no       ; Off          ; 2.5 V        ; Default          ; Series 50 Ohm without Calibration ; --                        ; no                         ; no                          ; 0                   ; Off                         ; Fitter               ; -                    ; -                   ;
; BC[12]     ; F14   ; 7A       ; 62           ; 81           ; 51           ; no              ; no                     ; 1         ; no              ; no         ; no            ; no       ; Off          ; 2.5 V        ; Default          ; Series 50 Ohm without Calibration ; --                        ; no                         ; no                          ; 0                   ; Off                         ; Fitter               ; -                    ; -                   ;
; BC[13]     ; M20   ; 5B       ; 89           ; 37           ; 37           ; no              ; no                     ; 1         ; no              ; no         ; no            ; no       ; Off          ; 2.5 V        ; Default          ; Series 50 Ohm without Calibration ; --                        ; no                         ; no                          ; 0                   ; Off                         ; Fitter               ; -                    ; -                   ;
; BC[14]     ; F12   ; 7A       ; 56           ; 81           ; 51           ; no              ; no                     ; 1         ; no              ; no         ; no            ; no       ; Off          ; 2.5 V        ; Default          ; Series 50 Ohm without Calibration ; --                        ; no                         ; no                          ; 0                   ; Off                         ; Fitter               ; -                    ; -                   ;
; BC[15]     ; U21   ; 4A       ; 72           ; 0            ; 51           ; no              ; no                     ; 1         ; no              ; no         ; no            ; no       ; Off          ; 2.5 V        ; Default          ; Series 50 Ohm without Calibration ; --                        ; no                         ; no                          ; 0                   ; Off                         ; Fitter               ; -                    ; -                   ;
; BC[1]      ; L18   ; 5B       ; 89           ; 38           ; 20           ; no              ; no                     ; 1         ; no              ; no         ; no            ; no       ; Off          ; 2.5 V        ; Default          ; Series 50 Ohm without Calibration ; --                        ; no                         ; no                          ; 0                   ; Off                         ; Fitter               ; -                    ; -                   ;
; BC[2]      ; F18   ; 7A       ; 76           ; 81           ; 17           ; no              ; no                     ; 1         ; no              ; no         ; no            ; no       ; Off          ; 2.5 V        ; Default          ; Series 50 Ohm without Calibration ; --                        ; no                         ; no                          ; 0                   ; Off                         ; Fitter               ; -                    ; -                   ;
; BC[3]      ; T7    ; 3A       ; 6            ; 0            ; 17           ; no              ; no                     ; 1         ; no              ; no         ; no            ; no       ; Off          ; 2.5 V        ; Default          ; Series 50 Ohm without Calibration ; --                        ; no                         ; no                          ; 0                   ; Off                         ; Fitter               ; -                    ; -                   ;
; BC[4]      ; R5    ; 3A       ; 2            ; 0            ; 40           ; no              ; no                     ; 1         ; no              ; no         ; no            ; no       ; Off          ; 2.5 V        ; Default          ; Series 50 Ohm without Calibration ; --                        ; no                         ; no                          ; 0                   ; Off                         ; Fitter               ; -                    ; -                   ;
; BC[5]      ; U20   ; 4A       ; 72           ; 0            ; 34           ; no              ; no                     ; 1         ; no              ; no         ; no            ; no       ; Off          ; 2.5 V        ; Default          ; Series 50 Ohm without Calibration ; --                        ; no                         ; no                          ; 0                   ; Off                         ; Fitter               ; -                    ; -                   ;
; BC[6]      ; K21   ; 5B       ; 89           ; 38           ; 37           ; no              ; no                     ; 1         ; no              ; no         ; no            ; no       ; Off          ; 2.5 V        ; Default          ; Series 50 Ohm without Calibration ; --                        ; no                         ; no                          ; 0                   ; Off                         ; Fitter               ; -                    ; -                   ;
; BC[7]      ; N19   ; 5B       ; 89           ; 36           ; 3            ; no              ; no                     ; 1         ; no              ; no         ; no            ; no       ; Off          ; 2.5 V        ; Default          ; Series 50 Ohm without Calibration ; --                        ; no                         ; no                          ; 0                   ; Off                         ; Fitter               ; -                    ; -                   ;
; BC[8]      ; M21   ; 5B       ; 89           ; 37           ; 54           ; no              ; no                     ; 1         ; no              ; no         ; no            ; no       ; Off          ; 2.5 V        ; Default          ; Series 50 Ohm without Calibration ; --                        ; no                         ; no                          ; 0                   ; Off                         ; Fitter               ; -                    ; -                   ;
; BC[9]      ; AA7   ; 3B       ; 28           ; 0            ; 51           ; no              ; no                     ; 1         ; no              ; no         ; no            ; no       ; Off          ; 2.5 V        ; Default          ; Series 50 Ohm without Calibration ; --                        ; no                         ; no                          ; 0                   ; Off                         ; Fitter               ; -                    ; -                   ;
; IRout[0]   ; F15   ; 7A       ; 66           ; 81           ; 57           ; no              ; no                     ; 1         ; no              ; no         ; no            ; no       ; Off          ; 2.5 V        ; Default          ; Series 50 Ohm without Calibration ; --                        ; no                         ; no                          ; 0                   ; Off                         ; Fitter               ; -                    ; -                   ;
; IRout[10]  ; G22   ; 7A       ; 82           ; 81           ; 74           ; no              ; no                     ; 1         ; no              ; no         ; no            ; no       ; Off          ; 2.5 V        ; Default          ; Series 50 Ohm without Calibration ; --                        ; no                         ; no                          ; 0                   ; Off                         ; Fitter               ; -                    ; -                   ;
; IRout[11]  ; P19   ; 5A       ; 89           ; 9            ; 37           ; no              ; no                     ; 1         ; no              ; no         ; no            ; no       ; Off          ; 2.5 V        ; Default          ; Series 50 Ohm without Calibration ; --                        ; no                         ; no                          ; 0                   ; Off                         ; Fitter               ; -                    ; -                   ;
; IRout[12]  ; T19   ; 5A       ; 89           ; 4            ; 77           ; no              ; no                     ; 1         ; no              ; no         ; no            ; no       ; Off          ; 2.5 V        ; Default          ; Series 50 Ohm without Calibration ; --                        ; no                         ; no                          ; 0                   ; Off                         ; Fitter               ; -                    ; -                   ;
; IRout[13]  ; T8    ; 3A       ; 6            ; 0            ; 0            ; no              ; no                     ; 1         ; no              ; no         ; no            ; no       ; Off          ; 2.5 V        ; Default          ; Series 50 Ohm without Calibration ; --                        ; no                         ; no                          ; 0                   ; Off                         ; Fitter               ; -                    ; -                   ;
; IRout[14]  ; T20   ; 5A       ; 89           ; 4            ; 94           ; no              ; no                     ; 1         ; no              ; no         ; no            ; no       ; Off          ; 2.5 V        ; Default          ; Series 50 Ohm without Calibration ; --                        ; no                         ; no                          ; 0                   ; Off                         ; Fitter               ; -                    ; -                   ;
; IRout[15]  ; H20   ; 7A       ; 80           ; 81           ; 17           ; no              ; no                     ; 1         ; no              ; no         ; no            ; no       ; Off          ; 2.5 V        ; Default          ; Series 50 Ohm without Calibration ; --                        ; no                         ; no                          ; 0                   ; Off                         ; Fitter               ; -                    ; -                   ;
; IRout[1]   ; C16   ; 7A       ; 72           ; 81           ; 51           ; no              ; no                     ; 1         ; no              ; no         ; no            ; no       ; Off          ; 2.5 V        ; Default          ; Series 50 Ohm without Calibration ; --                        ; no                         ; no                          ; 0                   ; Off                         ; Fitter               ; -                    ; -                   ;
; IRout[2]   ; H16   ; 7A       ; 64           ; 81           ; 0            ; no              ; no                     ; 1         ; no              ; no         ; no            ; no       ; Off          ; 2.5 V        ; Default          ; Series 50 Ohm without Calibration ; --                        ; no                         ; no                          ; 0                   ; Off                         ; Fitter               ; -                    ; -                   ;
; IRout[3]   ; R22   ; 5A       ; 89           ; 6            ; 54           ; no              ; no                     ; 1         ; no              ; no         ; no            ; no       ; Off          ; 2.5 V        ; Default          ; Series 50 Ohm without Calibration ; --                        ; no                         ; no                          ; 0                   ; Off                         ; Fitter               ; -                    ; -                   ;
; IRout[4]   ; T15   ; 5A       ; 89           ; 6            ; 3            ; no              ; no                     ; 1         ; no              ; no         ; no            ; no       ; Off          ; 2.5 V        ; Default          ; Series 50 Ohm without Calibration ; --                        ; no                         ; no                          ; 0                   ; Off                         ; Fitter               ; -                    ; -                   ;
; IRout[5]   ; T18   ; 5A       ; 89           ; 4            ; 43           ; no              ; no                     ; 1         ; no              ; no         ; no            ; no       ; Off          ; 2.5 V        ; Default          ; Series 50 Ohm without Calibration ; --                        ; no                         ; no                          ; 0                   ; Off                         ; Fitter               ; -                    ; -                   ;
; IRout[6]   ; P7    ; 3A       ; 8            ; 0            ; 34           ; no              ; no                     ; 1         ; no              ; no         ; no            ; no       ; Off          ; 2.5 V        ; Default          ; Series 50 Ohm without Calibration ; --                        ; no                         ; no                          ; 0                   ; Off                         ; Fitter               ; -                    ; -                   ;
; IRout[7]   ; V18   ; 4A       ; 70           ; 0            ; 0            ; no              ; no                     ; 1         ; no              ; no         ; no            ; no       ; Off          ; 2.5 V        ; Default          ; Series 50 Ohm without Calibration ; --                        ; no                         ; no                          ; 0                   ; Off                         ; Fitter               ; -                    ; -                   ;
; IRout[8]   ; N16   ; 5B       ; 89           ; 35           ; 43           ; no              ; no                     ; 1         ; no              ; no         ; no            ; no       ; Off          ; 2.5 V        ; Default          ; Series 50 Ohm without Calibration ; --                        ; no                         ; no                          ; 0                   ; Off                         ; Fitter               ; -                    ; -                   ;
; IRout[9]   ; P6    ; 3A       ; 4            ; 0            ; 17           ; no              ; no                     ; 1         ; no              ; no         ; no            ; no       ; Off          ; 2.5 V        ; Default          ; Series 50 Ohm without Calibration ; --                        ; no                         ; no                          ; 0                   ; Off                         ; Fitter               ; -                    ; -                   ;
; PC_dbg[0]  ; L17   ; 5B       ; 89           ; 37           ; 20           ; no              ; no                     ; 1         ; no              ; no         ; no            ; no       ; Off          ; 2.5 V        ; Default          ; Series 50 Ohm without Calibration ; --                        ; no                         ; no                          ; 0                   ; Off                         ; Fitter               ; -                    ; -                   ;
; PC_dbg[10] ; M8    ; 3B       ; 32           ; 0            ; 17           ; no              ; no                     ; 1         ; no              ; no         ; no            ; no       ; Off          ; 2.5 V        ; Default          ; Series 50 Ohm without Calibration ; --                        ; no                         ; no                          ; 0                   ; Off                         ; Fitter               ; -                    ; -                   ;
; PC_dbg[11] ; AA19  ; 4A       ; 62           ; 0            ; 51           ; no              ; no                     ; 1         ; no              ; no         ; no            ; no       ; Off          ; 2.5 V        ; Default          ; Series 50 Ohm without Calibration ; --                        ; no                         ; no                          ; 0                   ; Off                         ; Fitter               ; -                    ; -                   ;
; PC_dbg[12] ; U10   ; 3B       ; 30           ; 0            ; 0            ; no              ; no                     ; 1         ; no              ; no         ; no            ; no       ; Off          ; 2.5 V        ; Default          ; Series 50 Ohm without Calibration ; --                        ; no                         ; no                          ; 0                   ; Off                         ; Fitter               ; -                    ; -                   ;
; PC_dbg[13] ; P14   ; 4A       ; 68           ; 0            ; 17           ; no              ; no                     ; 1         ; no              ; no         ; no            ; no       ; Off          ; 2.5 V        ; Default          ; Series 50 Ohm without Calibration ; --                        ; no                         ; no                          ; 0                   ; Off                         ; Fitter               ; -                    ; -                   ;
; PC_dbg[14] ; AA20  ; 4A       ; 62           ; 0            ; 34           ; no              ; no                     ; 1         ; no              ; no         ; no            ; no       ; Off          ; 2.5 V        ; Default          ; Series 50 Ohm without Calibration ; --                        ; no                         ; no                          ; 0                   ; Off                         ; Fitter               ; -                    ; -                   ;
; PC_dbg[15] ; L19   ; 5B       ; 89           ; 38           ; 3            ; no              ; no                     ; 1         ; no              ; no         ; no            ; no       ; Off          ; 2.5 V        ; Default          ; Series 50 Ohm without Calibration ; --                        ; no                         ; no                          ; 0                   ; Off                         ; Fitter               ; -                    ; -                   ;
; PC_dbg[1]  ; P8    ; 3B       ; 28           ; 0            ; 17           ; no              ; no                     ; 1         ; no              ; no         ; no            ; no       ; Off          ; 2.5 V        ; Default          ; Series 50 Ohm without Calibration ; --                        ; no                         ; no                          ; 0                   ; Off                         ; Fitter               ; -                    ; -                   ;
; PC_dbg[2]  ; AA8   ; 3B       ; 30           ; 0            ; 51           ; no              ; no                     ; 1         ; no              ; no         ; no            ; no       ; Off          ; 2.5 V        ; Default          ; Series 50 Ohm without Calibration ; --                        ; no                         ; no                          ; 0                   ; Off                         ; Fitter               ; -                    ; -                   ;
; PC_dbg[3]  ; W22   ; 4A       ; 66           ; 0            ; 74           ; no              ; no                     ; 1         ; no              ; no         ; no            ; no       ; Off          ; 2.5 V        ; Default          ; Series 50 Ohm without Calibration ; --                        ; no                         ; no                          ; 0                   ; Off                         ; Fitter               ; -                    ; -                   ;
; PC_dbg[4]  ; U6    ; 3A       ; 6            ; 0            ; 51           ; no              ; no                     ; 1         ; no              ; no         ; no            ; no       ; Off          ; 2.5 V        ; Default          ; Series 50 Ohm without Calibration ; --                        ; no                         ; no                          ; 0                   ; Off                         ; Fitter               ; -                    ; -                   ;
; PC_dbg[5]  ; Y19   ; 4A       ; 66           ; 0            ; 40           ; no              ; no                     ; 1         ; no              ; no         ; no            ; no       ; Off          ; 2.5 V        ; Default          ; Series 50 Ohm without Calibration ; --                        ; no                         ; no                          ; 0                   ; Off                         ; Fitter               ; -                    ; -                   ;
; PC_dbg[6]  ; W8    ; 3A       ; 4            ; 0            ; 51           ; no              ; no                     ; 1         ; no              ; no         ; no            ; no       ; Off          ; 2.5 V        ; Default          ; Series 50 Ohm without Calibration ; --                        ; no                         ; no                          ; 0                   ; Off                         ; Fitter               ; -                    ; -                   ;
; PC_dbg[7]  ; N6    ; 3A       ; 4            ; 0            ; 0            ; no              ; no                     ; 1         ; no              ; no         ; no            ; no       ; Off          ; 2.5 V        ; Default          ; Series 50 Ohm without Calibration ; --                        ; no                         ; no                          ; 0                   ; Off                         ; Fitter               ; -                    ; -                   ;
; PC_dbg[8]  ; M6    ; 3A       ; 8            ; 0            ; 17           ; no              ; no                     ; 1         ; no              ; no         ; no            ; no       ; Off          ; 2.5 V        ; Default          ; Series 50 Ohm without Calibration ; --                        ; no                         ; no                          ; 0                   ; Off                         ; Fitter               ; -                    ; -                   ;
; PC_dbg[9]  ; W9    ; 3A       ; 4            ; 0            ; 34           ; no              ; no                     ; 1         ; no              ; no         ; no            ; no       ; Off          ; 2.5 V        ; Default          ; Series 50 Ohm without Calibration ; --                        ; no                         ; no                          ; 0                   ; Off                         ; Fitter               ; -                    ; -                   ;
; SEGout[0]  ; A18   ; 7A       ; 74           ; 81           ; 40           ; no              ; no                     ; 1         ; no              ; no         ; no            ; no       ; Off          ; 2.5 V        ; Default          ; Series 50 Ohm without Calibration ; --                        ; no                         ; no                          ; 0                   ; Off                         ; Fitter               ; -                    ; -                   ;
; SEGout[10] ; H14   ; 7A       ; 60           ; 81           ; 0            ; no              ; no                     ; 1         ; no              ; no         ; no            ; no       ; Off          ; 2.5 V        ; Default          ; Series 50 Ohm without Calibration ; --                        ; no                         ; no                          ; 0                   ; Off                         ; Fitter               ; -                    ; -                   ;
; SEGout[11] ; G17   ; 7A       ; 70           ; 81           ; 34           ; no              ; no                     ; 1         ; no              ; no         ; no            ; no       ; Off          ; 2.5 V        ; Default          ; Series 50 Ohm without Calibration ; --                        ; no                         ; no                          ; 0                   ; Off                         ; Fitter               ; -                    ; -                   ;
; SEGout[12] ; Y11   ; 3B       ; 40           ; 0            ; 51           ; no              ; no                     ; 1         ; no              ; no         ; no            ; no       ; Off          ; 2.5 V        ; Default          ; Series 50 Ohm without Calibration ; --                        ; no                         ; no                          ; 0                   ; Off                         ; Fitter               ; -                    ; -                   ;
; SEGout[13] ; G20   ; 7A       ; 80           ; 81           ; 0            ; no              ; no                     ; 1         ; no              ; no         ; no            ; no       ; Off          ; 2.5 V        ; Default          ; Series 50 Ohm without Calibration ; --                        ; no                         ; no                          ; 0                   ; Off                         ; Fitter               ; -                    ; -                   ;
; SEGout[14] ; R15   ; 5A       ; 89           ; 6            ; 20           ; no              ; no                     ; 1         ; no              ; no         ; no            ; no       ; Off          ; 2.5 V        ; Default          ; Series 50 Ohm without Calibration ; --                        ; no                         ; no                          ; 0                   ; Off                         ; Fitter               ; -                    ; -                   ;
; SEGout[15] ; A20   ; 7A       ; 74           ; 81           ; 74           ; no              ; no                     ; 1         ; no              ; no         ; no            ; no       ; Off          ; 2.5 V        ; Default          ; Series 50 Ohm without Calibration ; --                        ; no                         ; no                          ; 0                   ; Off                         ; Fitter               ; -                    ; -                   ;
; SEGout[1]  ; A19   ; 7A       ; 74           ; 81           ; 91           ; no              ; no                     ; 1         ; no              ; no         ; no            ; no       ; Off          ; 2.5 V        ; Default          ; Series 50 Ohm without Calibration ; --                        ; no                         ; no                          ; 0                   ; Off                         ; Fitter               ; -                    ; -                   ;
; SEGout[2]  ; P16   ; 5A       ; 89           ; 9            ; 3            ; no              ; no                     ; 1         ; no              ; no         ; no            ; no       ; Off          ; 2.5 V        ; Default          ; Series 50 Ohm without Calibration ; --                        ; no                         ; no                          ; 0                   ; Off                         ; Fitter               ; -                    ; -                   ;
; SEGout[3]  ; H18   ; 7A       ; 68           ; 81           ; 17           ; no              ; no                     ; 1         ; no              ; no         ; no            ; no       ; Off          ; 2.5 V        ; Default          ; Series 50 Ohm without Calibration ; --                        ; no                         ; no                          ; 0                   ; Off                         ; Fitter               ; -                    ; -                   ;
; SEGout[4]  ; A12   ; 7A       ; 54           ; 81           ; 51           ; no              ; no                     ; 1         ; no              ; no         ; no            ; no       ; Off          ; 2.5 V        ; Default          ; Series 50 Ohm without Calibration ; --                        ; no                         ; no                          ; 0                   ; Off                         ; Fitter               ; -                    ; -                   ;
; SEGout[5]  ; E14   ; 7A       ; 58           ; 81           ; 40           ; no              ; no                     ; 1         ; no              ; no         ; no            ; no       ; Off          ; 2.5 V        ; Default          ; Series 50 Ohm without Calibration ; --                        ; no                         ; no                          ; 0                   ; Off                         ; Fitter               ; -                    ; -                   ;
; SEGout[6]  ; C15   ; 7A       ; 62           ; 81           ; 0            ; no              ; no                     ; 1         ; no              ; no         ; no            ; no       ; Off          ; 2.5 V        ; Default          ; Series 50 Ohm without Calibration ; --                        ; no                         ; no                          ; 0                   ; Off                         ; Fitter               ; -                    ; -                   ;
; SEGout[7]  ; A13   ; 7A       ; 60           ; 81           ; 51           ; no              ; no                     ; 1         ; no              ; no         ; no            ; no       ; Off          ; 2.5 V        ; Default          ; Series 50 Ohm without Calibration ; --                        ; no                         ; no                          ; 0                   ; Off                         ; Fitter               ; -                    ; -                   ;
; SEGout[8]  ; J19   ; 7A       ; 68           ; 81           ; 34           ; no              ; no                     ; 1         ; no              ; no         ; no            ; no       ; Off          ; 2.5 V        ; Default          ; Series 50 Ohm without Calibration ; --                        ; no                         ; no                          ; 0                   ; Off                         ; Fitter               ; -                    ; -                   ;
; SEGout[9]  ; G15   ; 7A       ; 62           ; 81           ; 34           ; no              ; no                     ; 1         ; no              ; no         ; no            ; no       ; Off          ; 2.5 V        ; Default          ; Series 50 Ohm without Calibration ; --                        ; no                         ; no                          ; 0                   ; Off                         ; Fitter               ; -                    ; -                   ;
; flag_C     ; P18   ; 5A       ; 89           ; 9            ; 54           ; no              ; no                     ; 1         ; no              ; no         ; no            ; no       ; Off          ; 2.5 V        ; Default          ; Series 50 Ohm without Calibration ; --                        ; no                         ; no                          ; 0                   ; Off                         ; Fitter               ; -                    ; -                   ;
; flag_P     ; P17   ; 5A       ; 89           ; 9            ; 20           ; no              ; no                     ; 1         ; no              ; no         ; no            ; no       ; Off          ; 2.5 V        ; Default          ; Series 50 Ohm without Calibration ; --                        ; no                         ; no                          ; 0                   ; Off                         ; Fitter               ; -                    ; -                   ;
; flag_S     ; A15   ; 7A       ; 66           ; 81           ; 74           ; no              ; no                     ; 1         ; no              ; no         ; no            ; no       ; Off          ; 2.5 V        ; Default          ; Series 50 Ohm without Calibration ; --                        ; no                         ; no                          ; 0                   ; Off                         ; Fitter               ; -                    ; -                   ;
; flag_Z     ; C18   ; 7A       ; 78           ; 81           ; 17           ; no              ; no                     ; 1         ; no              ; no         ; no            ; no       ; Off          ; 2.5 V        ; Default          ; Series 50 Ohm without Calibration ; --                        ; no                         ; no                          ; 0                   ; Off                         ; Fitter               ; -                    ; -                   ;
; rA_dbg[0]  ; C11   ; 7A       ; 50           ; 81           ; 74           ; no              ; no                     ; 1         ; no              ; no         ; no            ; no       ; Off          ; 2.5 V        ; Default          ; Series 50 Ohm without Calibration ; --                        ; no                         ; no                          ; 0                   ; Off                         ; Fitter               ; -                    ; -                   ;
; rA_dbg[10] ; H8    ; 8A       ; 38           ; 81           ; 34           ; no              ; no                     ; 1         ; no              ; no         ; no            ; no       ; Off          ; 2.5 V        ; Default          ; Series 50 Ohm without Calibration ; --                        ; no                         ; no                          ; 0                   ; Off                         ; Fitter               ; -                    ; -                   ;
; rA_dbg[11] ; U12   ; 3B       ; 36           ; 0            ; 0            ; no              ; no                     ; 1         ; no              ; no         ; no            ; no       ; Off          ; 2.5 V        ; Default          ; Series 50 Ohm without Calibration ; --                        ; no                         ; no                          ; 0                   ; Off                         ; Fitter               ; -                    ; -                   ;
; rA_dbg[12] ; K7    ; 8A       ; 40           ; 81           ; 51           ; no              ; no                     ; 1         ; no              ; no         ; no            ; no       ; Off          ; 2.5 V        ; Default          ; Series 50 Ohm without Calibration ; --                        ; no                         ; no                          ; 0                   ; Off                         ; Fitter               ; -                    ; -                   ;
; rA_dbg[13] ; G10   ; 8A       ; 40           ; 81           ; 0            ; no              ; no                     ; 1         ; no              ; no         ; no            ; no       ; Off          ; 2.5 V        ; Default          ; Series 50 Ohm without Calibration ; --                        ; no                         ; no                          ; 0                   ; Off                         ; Fitter               ; -                    ; -                   ;
; rA_dbg[14] ; R9    ; 3B       ; 34           ; 0            ; 40           ; no              ; no                     ; 1         ; no              ; no         ; no            ; no       ; Off          ; 2.5 V        ; Default          ; Series 50 Ohm without Calibration ; --                        ; no                         ; no                          ; 0                   ; Off                         ; Fitter               ; -                    ; -                   ;
; rA_dbg[15] ; D12   ; 7A       ; 50           ; 81           ; 40           ; no              ; no                     ; 1         ; no              ; no         ; no            ; no       ; Off          ; 2.5 V        ; Default          ; Series 50 Ohm without Calibration ; --                        ; no                         ; no                          ; 0                   ; Off                         ; Fitter               ; -                    ; -                   ;
; rA_dbg[1]  ; L7    ; 8A       ; 40           ; 81           ; 34           ; no              ; no                     ; 1         ; no              ; no         ; no            ; no       ; Off          ; 2.5 V        ; Default          ; Series 50 Ohm without Calibration ; --                        ; no                         ; no                          ; 0                   ; Off                         ; Fitter               ; -                    ; -                   ;
; rA_dbg[2]  ; A5    ; 8A       ; 34           ; 81           ; 74           ; no              ; no                     ; 1         ; no              ; no         ; no            ; no       ; Off          ; 2.5 V        ; Default          ; Series 50 Ohm without Calibration ; --                        ; no                         ; no                          ; 0                   ; Off                         ; Fitter               ; -                    ; -                   ;
; rA_dbg[3]  ; A10   ; 8A       ; 36           ; 81           ; 34           ; no              ; no                     ; 1         ; no              ; no         ; no            ; no       ; Off          ; 2.5 V        ; Default          ; Series 50 Ohm without Calibration ; --                        ; no                         ; no                          ; 0                   ; Off                         ; Fitter               ; -                    ; -                   ;
; rA_dbg[4]  ; AB7   ; 3B       ; 28           ; 0            ; 34           ; no              ; no                     ; 1         ; no              ; no         ; no            ; no       ; Off          ; 2.5 V        ; Default          ; Series 50 Ohm without Calibration ; --                        ; no                         ; no                          ; 0                   ; Off                         ; Fitter               ; -                    ; -                   ;
; rA_dbg[5]  ; B20   ; 7A       ; 86           ; 81           ; 51           ; no              ; no                     ; 1         ; no              ; no         ; no            ; no       ; Off          ; 2.5 V        ; Default          ; Series 50 Ohm without Calibration ; --                        ; no                         ; no                          ; 0                   ; Off                         ; Fitter               ; -                    ; -                   ;
; rA_dbg[6]  ; H13   ; 7A       ; 56           ; 81           ; 0            ; no              ; no                     ; 1         ; no              ; no         ; no            ; no       ; Off          ; 2.5 V        ; Default          ; Series 50 Ohm without Calibration ; --                        ; no                         ; no                          ; 0                   ; Off                         ; Fitter               ; -                    ; -                   ;
; rA_dbg[7]  ; H9    ; 8A       ; 36           ; 81           ; 17           ; no              ; no                     ; 1         ; no              ; no         ; no            ; no       ; Off          ; 2.5 V        ; Default          ; Series 50 Ohm without Calibration ; --                        ; no                         ; no                          ; 0                   ; Off                         ; Fitter               ; -                    ; -                   ;
; rA_dbg[8]  ; E12   ; 7A       ; 50           ; 81           ; 57           ; no              ; no                     ; 1         ; no              ; no         ; no            ; no       ; Off          ; 2.5 V        ; Default          ; Series 50 Ohm without Calibration ; --                        ; no                         ; no                          ; 0                   ; Off                         ; Fitter               ; -                    ; -                   ;
; rA_dbg[9]  ; AA12  ; 3B       ; 40           ; 0            ; 34           ; no              ; no                     ; 1         ; no              ; no         ; no            ; no       ; Off          ; 2.5 V        ; Default          ; Series 50 Ohm without Calibration ; --                        ; no                         ; no                          ; 0                   ; Off                         ; Fitter               ; -                    ; -                   ;
; rB_dbg[0]  ; K9    ; 7A       ; 52           ; 81           ; 51           ; no              ; no                     ; 1         ; no              ; no         ; no            ; no       ; Off          ; 2.5 V        ; Default          ; Series 50 Ohm without Calibration ; --                        ; no                         ; no                          ; 0                   ; Off                         ; Fitter               ; -                    ; -                   ;
; rB_dbg[10] ; P9    ; 3B       ; 40           ; 0            ; 17           ; no              ; no                     ; 1         ; no              ; no         ; no            ; no       ; Off          ; 2.5 V        ; Default          ; Series 50 Ohm without Calibration ; --                        ; no                         ; no                          ; 0                   ; Off                         ; Fitter               ; -                    ; -                   ;
; rB_dbg[11] ; D13   ; 7A       ; 54           ; 81           ; 0            ; no              ; no                     ; 1         ; no              ; no         ; no            ; no       ; Off          ; 2.5 V        ; Default          ; Series 50 Ohm without Calibration ; --                        ; no                         ; no                          ; 0                   ; Off                         ; Fitter               ; -                    ; -                   ;
; rB_dbg[12] ; AA9   ; 3B       ; 32           ; 0            ; 34           ; no              ; no                     ; 1         ; no              ; no         ; no            ; no       ; Off          ; 2.5 V        ; Default          ; Series 50 Ohm without Calibration ; --                        ; no                         ; no                          ; 0                   ; Off                         ; Fitter               ; -                    ; -                   ;
; rB_dbg[13] ; P12   ; 3B       ; 36           ; 0            ; 34           ; no              ; no                     ; 1         ; no              ; no         ; no            ; no       ; Off          ; 2.5 V        ; Default          ; Series 50 Ohm without Calibration ; --                        ; no                         ; no                          ; 0                   ; Off                         ; Fitter               ; -                    ; -                   ;
; rB_dbg[14] ; Y10   ; 3B       ; 34           ; 0            ; 91           ; no              ; no                     ; 1         ; no              ; no         ; no            ; no       ; Off          ; 2.5 V        ; Default          ; Series 50 Ohm without Calibration ; --                        ; no                         ; no                          ; 0                   ; Off                         ; Fitter               ; -                    ; -                   ;
; rB_dbg[15] ; G8    ; 8A       ; 38           ; 81           ; 51           ; no              ; no                     ; 1         ; no              ; no         ; no            ; no       ; Off          ; 2.5 V        ; Default          ; Series 50 Ohm without Calibration ; --                        ; no                         ; no                          ; 0                   ; Off                         ; Fitter               ; -                    ; -                   ;
; rB_dbg[1]  ; AB10  ; 3B       ; 38           ; 0            ; 51           ; no              ; no                     ; 1         ; no              ; no         ; no            ; no       ; Off          ; 2.5 V        ; Default          ; Series 50 Ohm without Calibration ; --                        ; no                         ; no                          ; 0                   ; Off                         ; Fitter               ; -                    ; -                   ;
; rB_dbg[2]  ; M7    ; 3A       ; 8            ; 0            ; 0            ; no              ; no                     ; 1         ; no              ; no         ; no            ; no       ; Off          ; 2.5 V        ; Default          ; Series 50 Ohm without Calibration ; --                        ; no                         ; no                          ; 0                   ; Off                         ; Fitter               ; -                    ; -                   ;
; rB_dbg[3]  ; T9    ; 3B       ; 30           ; 0            ; 17           ; no              ; no                     ; 1         ; no              ; no         ; no            ; no       ; Off          ; 2.5 V        ; Default          ; Series 50 Ohm without Calibration ; --                        ; no                         ; no                          ; 0                   ; Off                         ; Fitter               ; -                    ; -                   ;
; rB_dbg[4]  ; AB11  ; 3B       ; 38           ; 0            ; 34           ; no              ; no                     ; 1         ; no              ; no         ; no            ; no       ; Off          ; 2.5 V        ; Default          ; Series 50 Ohm without Calibration ; --                        ; no                         ; no                          ; 0                   ; Off                         ; Fitter               ; -                    ; -                   ;
; rB_dbg[5]  ; N8    ; 3B       ; 28           ; 0            ; 0            ; no              ; no                     ; 1         ; no              ; no         ; no            ; no       ; Off          ; 2.5 V        ; Default          ; Series 50 Ohm without Calibration ; --                        ; no                         ; no                          ; 0                   ; Off                         ; Fitter               ; -                    ; -                   ;
; rB_dbg[6]  ; G13   ; 7A       ; 56           ; 81           ; 17           ; no              ; no                     ; 1         ; no              ; no         ; no            ; no       ; Off          ; 2.5 V        ; Default          ; Series 50 Ohm without Calibration ; --                        ; no                         ; no                          ; 0                   ; Off                         ; Fitter               ; -                    ; -                   ;
; rB_dbg[7]  ; AB5   ; 3B       ; 26           ; 0            ; 74           ; no              ; no                     ; 1         ; no              ; no         ; no            ; no       ; Off          ; 2.5 V        ; Default          ; Series 50 Ohm without Calibration ; --                        ; no                         ; no                          ; 0                   ; Off                         ; Fitter               ; -                    ; -                   ;
; rB_dbg[8]  ; K17   ; 5B       ; 89           ; 37           ; 3            ; no              ; no                     ; 1         ; no              ; no         ; no            ; no       ; Off          ; 2.5 V        ; Default          ; Series 50 Ohm without Calibration ; --                        ; no                         ; no                          ; 0                   ; Off                         ; Fitter               ; -                    ; -                   ;
; rB_dbg[9]  ; C9    ; 8A       ; 34           ; 81           ; 57           ; no              ; no                     ; 1         ; no              ; no         ; no            ; no       ; Off          ; 2.5 V        ; Default          ; Series 50 Ohm without Calibration ; --                        ; no                         ; no                          ; 0                   ; Off                         ; Fitter               ; -                    ; -                   ;
+------------+-------+----------+--------------+--------------+--------------+-----------------+------------------------+-----------+-----------------+------------+---------------+----------+--------------+--------------+------------------+-----------------------------------+---------------------------+----------------------------+-----------------------------+---------------------+-----------------------------+----------------------+----------------------+---------------------+


+-----------------------------------------------------------------------------+
; I/O Bank Usage                                                              ;
+----------+-------------------+---------------+--------------+---------------+
; I/O Bank ; Usage             ; VCCIO Voltage ; VREF Voltage ; VCCPD Voltage ;
+----------+-------------------+---------------+--------------+---------------+
; B2L      ; 0 / 0 ( -- )      ; --            ; --           ; --            ;
; B1L      ; 0 / 14 ( 0 % )    ; --            ; --           ; --            ;
; B0L      ; 0 / 14 ( 0 % )    ; --            ; --           ; --            ;
; 3A       ; 16 / 16 ( 100 % ) ; 2.5V          ; --           ; 2.5V          ;
; 3B       ; 32 / 32 ( 100 % ) ; 2.5V          ; --           ; 2.5V          ;
; 4A       ; 48 / 48 ( 100 % ) ; 2.5V          ; --           ; 2.5V          ;
; 5A       ; 16 / 16 ( 100 % ) ; 2.5V          ; --           ; 2.5V          ;
; 5B       ; 16 / 16 ( 100 % ) ; 2.5V          ; --           ; 2.5V          ;
; 7A       ; 68 / 80 ( 85 % )  ; 2.5V          ; --           ; 2.5V          ;
; 8A       ; 14 / 32 ( 44 % )  ; 2.5V          ; --           ; 2.5V          ;
+----------+-------------------+---------------+--------------+---------------+


+-----------------------------------------------------------------------------------------------------------------------------------------------------------------------------+
; All Package Pins                                                                                                                                                            ;
+----------+------------+----------+---------------------------------+--------+--------------+---------------------+--------------+-----------------+----------+--------------+
; Location ; Pad Number ; I/O Bank ; Pin Name/Usage                  ; Dir.   ; I/O Standard ; Voltage             ; I/O Type     ; User Assignment ; Bus Hold ; Weak Pull Up ;
+----------+------------+----------+---------------------------------+--------+--------------+---------------------+--------------+-----------------+----------+--------------+
; A1       ;            ;          ; RREF                            ;        ;              ;                     ; --           ;                 ; --       ; --           ;
; A2       ; 538        ; 9A       ; ^MSEL2                          ;        ;              ;                     ; --           ;                 ; --       ; --           ;
; A3       ;            ; --       ; VCCBAT                          ; power  ;              ; 1.2V                ; --           ;                 ; --       ; --           ;
; A4       ; 540        ; 9A       ; ^nCONFIG                        ;        ;              ;                     ; --           ;                 ; --       ; --           ;
; A5       ; 466        ; 8A       ; rA_dbg[2]                       ; output ; 2.5 V        ;                     ; Column I/O   ; N               ; no       ; Off          ;
; A6       ;            ; 8A       ; VCCIO8A                         ; power  ;              ; 2.5V                ; --           ;                 ; --       ; --           ;
; A7       ; 475        ; 8A       ; RESERVED_INPUT_WITH_WEAK_PULLUP ;        ;              ;                     ; Column I/O   ;                 ; no       ; On           ;
; A8       ; 473        ; 8A       ; RESERVED_INPUT_WITH_WEAK_PULLUP ;        ;              ;                     ; Column I/O   ;                 ; no       ; On           ;
; A9       ; 464        ; 8A       ; BB[1]                           ; output ; 2.5 V        ;                     ; Column I/O   ; N               ; no       ; Off          ;
; A10      ; 462        ; 8A       ; rA_dbg[3]                       ; output ; 2.5 V        ;                     ; Column I/O   ; N               ; no       ; Off          ;
; A11      ;            ;          ; GND                             ; gnd    ;              ;                     ; --           ;                 ; --       ; --           ;
; A12      ; 444        ; 7A       ; SEGout[4]                       ; output ; 2.5 V        ;                     ; Column I/O   ; N               ; no       ; Off          ;
; A13      ; 432        ; 7A       ; SEGout[7]                       ; output ; 2.5 V        ;                     ; Column I/O   ; N               ; no       ; Off          ;
; A14      ; 420        ; 7A       ; DI[0]                           ; input  ; 2.5 V        ;                     ; Column I/O   ; N               ; no       ; Off          ;
; A15      ; 418        ; 7A       ; flag_S                          ; output ; 2.5 V        ;                     ; Column I/O   ; N               ; no       ; Off          ;
; A16      ;            ; 7A       ; VCCIO7A                         ; power  ;              ; 2.5V                ; --           ;                 ; --       ; --           ;
; A17      ; 403        ; 7A       ; FI[2]                           ; input  ; 2.5 V        ;                     ; Column I/O   ; N               ; no       ; Off          ;
; A18      ; 401        ; 7A       ; SEGout[0]                       ; output ; 2.5 V        ;                     ; Column I/O   ; N               ; no       ; Off          ;
; A19      ; 404        ; 7A       ; SEGout[1]                       ; output ; 2.5 V        ;                     ; Column I/O   ; N               ; no       ; Off          ;
; A20      ; 402        ; 7A       ; SEGout[15]                      ; output ; 2.5 V        ;                     ; Column I/O   ; N               ; no       ; Off          ;
; A21      ;            ;          ; GND                             ; gnd    ;              ;                     ; --           ;                 ; --       ; --           ;
; A22      ; 396        ; 7A       ; ADR[4]                          ; output ; 2.5 V        ;                     ; Column I/O   ; N               ; no       ; Off          ;
; AA1      ; 39         ; B0L      ; GND                             ;        ;              ;                     ; --           ;                 ; --       ; --           ;
; AA2      ; 38         ; B0L      ; GND                             ;        ;              ;                     ; --           ;                 ; --       ; --           ;
; AA3      ;            ;          ; GND                             ; gnd    ;              ;                     ; --           ;                 ; --       ; --           ;
; AA4      ;            ;          ; GND                             ; gnd    ;              ;                     ; --           ;                 ; --       ; --           ;
; AA5      ; 47         ; 3A       ; ^AS_DATA2, DATA2                ;        ;              ;                     ; Weak Pull Up ;                 ; --       ; On           ;
; AA6      ;            ;          ; GND                             ; gnd    ;              ;                     ; --           ;                 ; --       ; --           ;
; AA7      ; 105        ; 3B       ; BC[9]                           ; output ; 2.5 V        ;                     ; Column I/O   ; N               ; no       ; Off          ;
; AA8      ; 108        ; 3B       ; PC_dbg[2]                       ; output ; 2.5 V        ;                     ; Column I/O   ; N               ; no       ; Off          ;
; AA9      ; 115        ; 3B       ; rB_dbg[12]                      ; output ; 2.5 V        ;                     ; Column I/O   ; N               ; no       ; Off          ;
; AA10     ; 113        ; 3B       ; BB[8]                           ; output ; 2.5 V        ;                     ; Column I/O   ; N               ; no       ; Off          ;
; AA11     ;            ;          ; GND                             ; gnd    ;              ;                     ; --           ;                 ; --       ; --           ;
; AA12     ; 131        ; 3B       ; rA_dbg[9]                       ; output ; 2.5 V        ;                     ; Column I/O   ; N               ; no       ; Off          ;
; AA13     ; 139        ; 4A       ; BA[5]                           ; input  ; 2.5 V        ;                     ; Column I/O   ; N               ; no       ; Off          ;
; AA14     ; 137        ; 4A       ; BA[13]                          ; input  ; 2.5 V        ;                     ; Column I/O   ; N               ; no       ; Off          ;
; AA15     ; 142        ; 4A       ; Sbc[0]                          ; input  ; 2.5 V        ;                     ; Column I/O   ; N               ; no       ; Off          ;
; AA16     ;            ; 4A       ; VCCIO4A                         ; power  ;              ; 2.5V                ; --           ;                 ; --       ; --           ;
; AA17     ; 153        ; 4A       ; Sbc[2]                          ; input  ; 2.5 V        ;                     ; Column I/O   ; N               ; no       ; Off          ;
; AA18     ; 155        ; 4A       ; Sbc[3]                          ; input  ; 2.5 V        ;                     ; Column I/O   ; N               ; no       ; Off          ;
; AA19     ; 156        ; 4A       ; PC_dbg[11]                      ; output ; 2.5 V        ;                     ; Column I/O   ; N               ; no       ; Off          ;
; AA20     ; 158        ; 4A       ; PC_dbg[14]                      ; output ; 2.5 V        ;                     ; Column I/O   ; N               ; no       ; Off          ;
; AA21     ;            ; 4A       ; VCCIO4A                         ; power  ;              ; 2.5V                ; --           ;                 ; --       ; --           ;
; AA22     ; 163        ; 4A       ; Sid[0]                          ; input  ; 2.5 V        ;                     ; Column I/O   ; N               ; no       ; Off          ;
; AB1      ;            ;          ; GND                             ; gnd    ;              ;                     ; --           ;                 ; --       ; --           ;
; AB2      ;            ;          ; GND                             ; gnd    ;              ;                     ; --           ;                 ; --       ; --           ;
; AB3      ; 49         ; 3A       ; ^AS_DATA1, DATA1                ;        ;              ;                     ; Weak Pull Up ;                 ; --       ; On           ;
; AB4      ; 51         ; 3A       ; ^AS_DATA0, ASDO, DATA0          ;        ;              ;                     ; Weak Pull Up ;                 ; --       ; On           ;
; AB5      ; 102        ; 3B       ; rB_dbg[7]                       ; output ; 2.5 V        ;                     ; Column I/O   ; N               ; no       ; Off          ;
; AB6      ; 100        ; 3B       ; BB[4]                           ; output ; 2.5 V        ;                     ; Column I/O   ; N               ; no       ; Off          ;
; AB7      ; 107        ; 3B       ; rA_dbg[4]                       ; output ; 2.5 V        ;                     ; Column I/O   ; N               ; no       ; Off          ;
; AB8      ; 110        ; 3B       ; ADR[11]                         ; output ; 2.5 V        ;                     ; Column I/O   ; N               ; no       ; Off          ;
; AB9      ;            ;          ; GND                             ; gnd    ;              ;                     ; --           ;                 ; --       ; --           ;
; AB10     ; 124        ; 3B       ; rB_dbg[1]                       ; output ; 2.5 V        ;                     ; Column I/O   ; N               ; no       ; Off          ;
; AB11     ; 126        ; 3B       ; rB_dbg[4]                       ; output ; 2.5 V        ;                     ; Column I/O   ; N               ; no       ; Off          ;
; AB12     ; 134        ; 4A       ; BA[1]                           ; input  ; 2.5 V        ;                     ; Column I/O   ; N               ; no       ; Off          ;
; AB13     ; 132        ; 4A       ; BA[7]                           ; input  ; 2.5 V        ;                     ; Column I/O   ; N               ; no       ; Off          ;
; AB14     ;            ;          ; GND                             ; gnd    ;              ;                     ; --           ;                 ; --       ; --           ;
; AB15     ; 140        ; 4A       ; BA[15]                          ; input  ; 2.5 V        ;                     ; Column I/O   ; N               ; no       ; Off          ;
; AB16     ;            ; 4A       ; VREFB4AN0                       ; power  ;              ;                     ; --           ;                 ; --       ; --           ;
; AB17     ; 145        ; 4A       ; Sbb[2]                          ; input  ; 2.5 V        ;                     ; Column I/O   ; N               ; no       ; Off          ;
; AB18     ; 147        ; 4A       ; BA[6]                           ; input  ; 2.5 V        ;                     ; Column I/O   ; N               ; no       ; Off          ;
; AB19     ;            ;          ; GND                             ; gnd    ;              ;                     ; --           ;                 ; --       ; --           ;
; AB20     ; 148        ; 4A       ; Sbb[3]                          ; input  ; 2.5 V        ;                     ; Column I/O   ; N               ; no       ; Off          ;
; AB21     ; 150        ; 4A       ; BA[0]                           ; input  ; 2.5 V        ;                     ; Column I/O   ; N               ; no       ; Off          ;
; AB22     ; 161        ; 4A       ; Sbc[4]                          ; input  ; 2.5 V        ;                     ; Column I/O   ; N               ; no       ; Off          ;
; B1       ;            ;          ; GND                             ; gnd    ;              ;                     ; --           ;                 ; --       ; --           ;
; B2       ;            ;          ; GND                             ; gnd    ;              ;                     ; --           ;                 ; --       ; --           ;
; B3       ;            ;          ; DNU                             ;        ;              ;                     ; --           ;                 ; --       ; --           ;
; B4       ;            ;          ; DNU                             ;        ;              ;                     ; --           ;                 ; --       ; --           ;
; B5       ; 468        ; 8A       ; RESERVED_INPUT_WITH_WEAK_PULLUP ;        ;              ;                     ; Column I/O   ;                 ; no       ; On           ;
; B6       ; 470        ; 8A       ; RESERVED_INPUT_WITH_WEAK_PULLUP ;        ;              ;                     ; Column I/O   ;                 ; no       ; On           ;
; B7       ; 472        ; 8A       ; RESERVED_INPUT_WITH_WEAK_PULLUP ;        ;              ;                     ; Column I/O   ;                 ; no       ; On           ;
; B8       ;            ; 8A       ; VREFB8AN0                       ; power  ;              ;                     ; --           ;                 ; --       ; --           ;
; B9       ;            ;          ; GND                             ; gnd    ;              ;                     ; --           ;                 ; --       ; --           ;
; B10      ; 465        ; 8A       ; RESERVED_INPUT_WITH_WEAK_PULLUP ;        ;              ;                     ; Column I/O   ;                 ; no       ; On           ;
; B11      ; 452        ; 7A       ; BB[7]                           ; output ; 2.5 V        ;                     ; Column I/O   ; N               ; no       ; Off          ;
; B12      ; 442        ; 7A       ; BB[10]                          ; output ; 2.5 V        ;                     ; Column I/O   ; N               ; no       ; Off          ;
; B13      ; 430        ; 7A       ; BB[5]                           ; output ; 2.5 V        ;                     ; Column I/O   ; N               ; no       ; Off          ;
; B14      ;            ;          ; GND                             ; gnd    ;              ;                     ; --           ;                 ; --       ; --           ;
; B15      ; 427        ; 7A       ; DI[9]                           ; input  ; 2.5 V        ;                     ; Column I/O   ; N               ; no       ; Off          ;
; B16      ; 406        ; 7A       ; DI[7]                           ; input  ; 2.5 V        ;                     ; Column I/O   ; N               ; no       ; Off          ;
; B17      ; 384        ; 7A       ; RESERVED_INPUT_WITH_WEAK_PULLUP ;        ;              ;                     ; Column I/O   ;                 ; no       ; On           ;
; B18      ; 382        ; 7A       ; BC[0]                           ; output ; 2.5 V        ;                     ; Column I/O   ; N               ; no       ; Off          ;
; B19      ;            ; 7A       ; VCCIO7A                         ; power  ;              ; 2.5V                ; --           ;                 ; --       ; --           ;
; B20      ; 380        ; 7A       ; rA_dbg[5]                       ; output ; 2.5 V        ;                     ; Column I/O   ; N               ; no       ; Off          ;
; B21      ; 387        ; 7A       ; RESERVED_INPUT_WITH_WEAK_PULLUP ;        ;              ;                     ; Column I/O   ;                 ; no       ; On           ;
; B22      ; 394        ; 7A       ; ADR[16]                         ; output ; 2.5 V        ;                     ; Column I/O   ; N               ; no       ; Off          ;
; C1       ; 19         ; B1L      ; GND                             ;        ;              ;                     ; --           ;                 ; --       ; --           ;
; C2       ; 18         ; B1L      ; GND                             ;        ;              ;                     ; --           ;                 ; --       ; --           ;
; C3       ;            ;          ; GND                             ; gnd    ;              ;                     ; --           ;                 ; --       ; --           ;
; C4       ;            ;          ; GND                             ; gnd    ;              ;                     ; --           ;                 ; --       ; --           ;
; C5       ; 542        ; 9A       ; ^GND                            ;        ;              ;                     ; --           ;                 ; --       ; --           ;
; C6       ; 474        ; 8A       ; RESERVED_INPUT_WITH_WEAK_PULLUP ;        ;              ;                     ; Column I/O   ;                 ; no       ; On           ;
; C7       ;            ; 8A       ; VCCIO8A                         ; power  ;              ; 2.5V                ; --           ;                 ; --       ; --           ;
; C8       ; 480        ; 8A       ; RESERVED_INPUT_WITH_WEAK_PULLUP ;        ;              ;                     ; Column I/O   ;                 ; no       ; On           ;
; C9       ; 467        ; 8A       ; rB_dbg[9]                       ; output ; 2.5 V        ;                     ; Column I/O   ; N               ; no       ; Off          ;
; C10      ;            ; 7A, 8A   ; VCCPD7A8A                       ; power  ;              ; 2.5V                ; --           ;                 ; --       ; --           ;
; C11      ; 450        ; 7A       ; rA_dbg[0]                       ; output ; 2.5 V        ;                     ; Column I/O   ; N               ; no       ; Off          ;
; C12      ;            ; 7A       ; VCCIO7A                         ; power  ;              ; 2.5V                ; --           ;                 ; --       ; --           ;
; C13      ; 443        ; 7A       ; BB[14]                          ; output ; 2.5 V        ;                     ; Column I/O   ; N               ; no       ; Off          ;
; C14      ;            ; 7A       ; VREFB7AN0                       ; power  ;              ;                     ; --           ;                 ; --       ; --           ;
; C15      ; 425        ; 7A       ; SEGout[6]                       ; output ; 2.5 V        ;                     ; Column I/O   ; N               ; no       ; Off          ;
; C16      ; 408        ; 7A       ; IRout[1]                        ; output ; 2.5 V        ;                     ; Column I/O   ; N               ; no       ; Off          ;
; C17      ;            ;          ; GND                             ; gnd    ;              ;                     ; --           ;                 ; --       ; --           ;
; C18      ; 395        ; 7A       ; flag_Z                          ; output ; 2.5 V        ;                     ; Column I/O   ; N               ; no       ; Off          ;
; C19      ; 393        ; 7A       ; ADR[31]                         ; output ; 2.5 V        ;                     ; Column I/O   ; N               ; no       ; Off          ;
; C20      ; 378        ; 7A       ; RESERVED_INPUT_WITH_WEAK_PULLUP ;        ;              ;                     ; Column I/O   ;                 ; no       ; On           ;
; C21      ; 385        ; 7A       ; RESERVED_INPUT_WITH_WEAK_PULLUP ;        ;              ;                     ; Column I/O   ;                 ; no       ; On           ;
; C22      ;            ; 7A       ; VCCIO7A                         ; power  ;              ; 2.5V                ; --           ;                 ; --       ; --           ;
; D1       ;            ;          ; GND                             ; gnd    ;              ;                     ; --           ;                 ; --       ; --           ;
; D2       ;            ;          ; GND                             ; gnd    ;              ;                     ; --           ;                 ; --       ; --           ;
; D3       ; 16         ; B1L      ; GXB_NC                          ;        ;              ;                     ; --           ;                 ; --       ; --           ;
; D4       ; 17         ; B1L      ; GXB_NC                          ;        ;              ;                     ; --           ;                 ; --       ; --           ;
; D5       ;            ;          ; GND                             ; gnd    ;              ;                     ; --           ;                 ; --       ; --           ;
; D6       ; 476        ; 8A       ; RESERVED_INPUT_WITH_WEAK_PULLUP ;        ;              ;                     ; Column I/O   ;                 ; no       ; On           ;
; D7       ; 478        ; 8A       ; RESERVED_INPUT_WITH_WEAK_PULLUP ;        ;              ;                     ; Column I/O   ;                 ; no       ; On           ;
; D8       ;            ; 7A, 8A   ; VCCPD7A8A                       ; power  ;              ; 2.5V                ; --           ;                 ; --       ; --           ;
; D9       ; 479        ; 8A       ; RESERVED_INPUT_WITH_WEAK_PULLUP ;        ;              ;                     ; Column I/O   ;                 ; no       ; On           ;
; D10      ;            ;          ; GND                             ; gnd    ;              ;                     ; --           ;                 ; --       ; --           ;
; D11      ;            ; --       ; VCC_AUX                         ; power  ;              ; 2.5V                ; --           ;                 ; --       ; --           ;
; D12      ; 449        ; 7A       ; rA_dbg[15]                      ; output ; 2.5 V        ;                     ; Column I/O   ; N               ; no       ; Off          ;
; D13      ; 441        ; 7A       ; rB_dbg[11]                      ; output ; 2.5 V        ;                     ; Column I/O   ; N               ; no       ; Off          ;
; D14      ;            ; 7A, 8A   ; VCCPD7A8A                       ; power  ;              ; 2.5V                ; --           ;                 ; --       ; --           ;
; D15      ;            ; 7A       ; VCCIO7A                         ; power  ;              ; 2.5V                ; --           ;                 ; --       ; --           ;
; D16      ;            ; 7A, 8A   ; VCCPD7A8A                       ; power  ;              ; 2.5V                ; --           ;                 ; --       ; --           ;
; D17      ; 409        ; 7A       ; DI[1]                           ; input  ; 2.5 V        ;                     ; Column I/O   ; N               ; no       ; Off          ;
; D18      ;            ; --       ; VCC_AUX                         ; power  ;              ; 2.5V                ; --           ;                 ; --       ; --           ;
; D19      ; 379        ; 7A       ; RESERVED_INPUT_WITH_WEAK_PULLUP ;        ;              ;                     ; Column I/O   ;                 ; no       ; On           ;
; D20      ;            ;          ; GND                             ; gnd    ;              ;                     ; --           ;                 ; --       ; --           ;
; D21      ; 376        ; 7A       ; RESERVED_INPUT_WITH_WEAK_PULLUP ;        ;              ;                     ; Column I/O   ;                 ; no       ; On           ;
; D22      ; 392        ; 7A       ; RESERVED_INPUT_WITH_WEAK_PULLUP ;        ;              ;                     ; Column I/O   ;                 ; no       ; On           ;
; E1       ; 20         ; B1L      ; GXB_NC                          ;        ;              ;                     ; --           ;                 ; --       ; --           ;
; E2       ; 21         ; B1L      ; GXB_NC                          ;        ;              ;                     ; --           ;                 ; --       ; --           ;
; E3       ;            ;          ; GND                             ; gnd    ;              ;                     ; --           ;                 ; --       ; --           ;
; E4       ;            ;          ; GND                             ; gnd    ;              ;                     ; --           ;                 ; --       ; --           ;
; E5       ; 539        ; 9A       ; ^MSEL3                          ;        ;              ;                     ; --           ;                 ; --       ; --           ;
; E6       ;            ; --       ; VCC_AUX                         ; power  ;              ; 2.5V                ; --           ;                 ; --       ; --           ;
; E7       ; 484        ; 8A       ; RESERVED_INPUT_WITH_WEAK_PULLUP ;        ;              ;                     ; Column I/O   ;                 ; no       ; On           ;
; E8       ;            ; 8A       ; VCCIO8A                         ; power  ;              ; 2.5V                ; --           ;                 ; --       ; --           ;
; E9       ; 477        ; 8A       ; RESERVED_INPUT_WITH_WEAK_PULLUP ;        ;              ;                     ; Column I/O   ;                 ; no       ; On           ;
; E10      ; 469        ; 8A       ; RESERVED_INPUT_WITH_WEAK_PULLUP ;        ;              ;                     ; Column I/O   ;                 ; no       ; On           ;
; E11      ;            ; 7A, 8A   ; VCCPD7A8A                       ; power  ;              ; 2.5V                ; --           ;                 ; --       ; --           ;
; E12      ; 451        ; 7A       ; rA_dbg[8]                       ; output ; 2.5 V        ;                     ; Column I/O   ; N               ; no       ; Off          ;
; E13      ;            ;          ; GND                             ; gnd    ;              ;                     ; --           ;                 ; --       ; --           ;
; E14      ; 433        ; 7A       ; SEGout[5]                       ; output ; 2.5 V        ;                     ; Column I/O   ; N               ; no       ; Off          ;
; E15      ; 417        ; 7A       ; BC[11]                          ; output ; 2.5 V        ;                     ; Column I/O   ; N               ; no       ; Off          ;
; E16      ; 411        ; 7A       ; DI[3]                           ; input  ; 2.5 V        ;                     ; Column I/O   ; N               ; no       ; Off          ;
; E17      ;            ;          ; DNU                             ;        ;              ;                     ; --           ;                 ; --       ; --           ;
; E18      ;            ; 7A       ; VCCIO7A                         ; power  ;              ; 2.5V                ; --           ;                 ; --       ; --           ;
; E19      ; 377        ; 7A       ; RESERVED_INPUT_WITH_WEAK_PULLUP ;        ;              ;                     ; Column I/O   ;                 ; no       ; On           ;
; E20      ; 398        ; 7A       ; ADR[13]                         ; output ; 2.5 V        ;                     ; Column I/O   ; N               ; no       ; Off          ;
; E21      ; 374        ; 7A       ; RESERVED_INPUT_WITH_WEAK_PULLUP ;        ;              ;                     ; Column I/O   ;                 ; no       ; On           ;
; E22      ; 390        ; 7A       ; ADR[25]                         ; output ; 2.5 V        ;                     ; Column I/O   ; N               ; no       ; Off          ;
; F1       ;            ;          ; GND                             ; gnd    ;              ;                     ; --           ;                 ; --       ; --           ;
; F2       ;            ;          ; GND                             ; gnd    ;              ;                     ; --           ;                 ; --       ; --           ;
; F3       ; 541        ; 9A       ; ^MSEL4                          ;        ;              ;                     ; --           ;                 ; --       ; --           ;
; F4       ;            ; --       ; VCCA_FPLL                       ; power  ;              ; 2.5V                ; --           ;                 ; --       ; --           ;
; F5       ; 14         ; B1L      ; GND                             ;        ;              ;                     ; Row I/O      ;                 ; --       ; --           ;
; F6       ;            ;          ; GND                             ; gnd    ;              ;                     ; --           ;                 ; --       ; --           ;
; F7       ; 482        ; 8A       ; BB[0]                           ; output ; 2.5 V        ;                     ; Column I/O   ; N               ; no       ; Off          ;
; F8       ;            ; --       ; VCCPGM                          ; power  ;              ; 1.8V/2.5V/3.0V/3.3V ; --           ;                 ; --       ; --           ;
; F9       ; 471        ; 8A       ; RESERVED_INPUT_WITH_WEAK_PULLUP ;        ;              ;                     ; Column I/O   ;                 ; no       ; On           ;
; F10      ; 455        ; 8A       ; BB[2]                           ; output ; 2.5 V        ;                     ; Column I/O   ; N               ; no       ; Off          ;
; F11      ;            ; 7A       ; VCCIO7A                         ; power  ;              ; 2.5V                ; --           ;                 ; --       ; --           ;
; F12      ; 440        ; 7A       ; BC[14]                          ; output ; 2.5 V        ;                     ; Column I/O   ; N               ; no       ; Off          ;
; F13      ; 435        ; 7A       ; DI[11]                          ; input  ; 2.5 V        ;                     ; Column I/O   ; N               ; no       ; Off          ;
; F14      ; 428        ; 7A       ; BC[12]                          ; output ; 2.5 V        ;                     ; Column I/O   ; N               ; no       ; Off          ;
; F15      ; 419        ; 7A       ; IRout[0]                        ; output ; 2.5 V        ;                     ; Column I/O   ; N               ; no       ; Off          ;
; F16      ;            ;          ; GND                             ; gnd    ;              ;                     ; --           ;                 ; --       ; --           ;
; F17      ; 372        ; 7A       ; ^GND                            ;        ;              ;                     ; --           ;                 ; --       ; --           ;
; F18      ; 399        ; 7A       ; BC[2]                           ; output ; 2.5 V        ;                     ; Column I/O   ; N               ; no       ; Off          ;
; F19      ; 397        ; 7A       ; ADR[3]                          ; output ; 2.5 V        ;                     ; Column I/O   ; N               ; no       ; Off          ;
; F20      ; 400        ; 7A       ; ADR[19]                         ; output ; 2.5 V        ;                     ; Column I/O   ; N               ; no       ; Off          ;
; F21      ;            ; 7A       ; VCCIO7A                         ; power  ;              ; 2.5V                ; --           ;                 ; --       ; --           ;
; F22      ; 388        ; 7A       ; ADR[29]                         ; output ; 2.5 V        ;                     ; Column I/O   ; N               ; no       ; Off          ;
; G1       ; 23         ; B1L      ; GND                             ;        ;              ;                     ; --           ;                 ; --       ; --           ;
; G2       ; 22         ; B1L      ; GND                             ;        ;              ;                     ; --           ;                 ; --       ; --           ;
; G3       ;            ;          ; GND                             ; gnd    ;              ;                     ; --           ;                 ; --       ; --           ;
; G4       ; 15         ; B1L      ; GND                             ;        ;              ;                     ; Row I/O      ;                 ; --       ; --           ;
; G5       ; 537        ; 9A       ; ^nCE                            ;        ;              ;                     ; --           ;                 ; --       ; --           ;
; G6       ; 481        ; 8A       ; RESERVED_INPUT_WITH_WEAK_PULLUP ;        ;              ;                     ; Column I/O   ;                 ; no       ; On           ;
; G7       ;            ; 8A       ; VCCIO8A                         ; power  ;              ; 2.5V                ; --           ;                 ; --       ; --           ;
; G8       ; 460        ; 8A       ; rB_dbg[15]                      ; output ; 2.5 V        ;                     ; Column I/O   ; N               ; no       ; Off          ;
; G9       ;            ;          ; GND                             ; gnd    ;              ;                     ; --           ;                 ; --       ; --           ;
; G10      ; 453        ; 8A       ; rA_dbg[13]                      ; output ; 2.5 V        ;                     ; Column I/O   ; N               ; no       ; Off          ;
; G11      ; 438        ; 7A       ; DI[6]                           ; input  ; 2.5 V        ;                     ; Column I/O   ; N               ; no       ; Off          ;
; G12      ; 447        ; 7A       ; BB[6]                           ; output ; 2.5 V        ;                     ; Column I/O   ; N               ; no       ; Off          ;
; G13      ; 439        ; 7A       ; rB_dbg[6]                       ; output ; 2.5 V        ;                     ; Column I/O   ; N               ; no       ; Off          ;
; G14      ;            ; 7A       ; VCCIO7A                         ; power  ;              ; 2.5V                ; --           ;                 ; --       ; --           ;
; G15      ; 426        ; 7A       ; SEGout[9]                       ; output ; 2.5 V        ;                     ; Column I/O   ; N               ; no       ; Off          ;
; G16      ; 412        ; 7A       ; LDF                             ; input  ; 2.5 V        ;                     ; Column I/O   ; N               ; no       ; Off          ;
; G17      ; 410        ; 7A       ; SEGout[11]                      ; output ; 2.5 V        ;                     ; Column I/O   ; N               ; no       ; Off          ;
; G18      ; 413        ; 7A       ; DI[2]                           ; input  ; 2.5 V        ;                     ; Column I/O   ; N               ; no       ; Off          ;
; G19      ;            ;          ; GND                             ; gnd    ;              ;                     ; --           ;                 ; --       ; --           ;
; G20      ; 389        ; 7A       ; SEGout[13]                      ; output ; 2.5 V        ;                     ; Column I/O   ; N               ; no       ; Off          ;
; G21      ; 375        ; 7A       ; RESERVED_INPUT_WITH_WEAK_PULLUP ;        ;              ;                     ; Column I/O   ;                 ; no       ; On           ;
; G22      ; 386        ; 7A       ; IRout[10]                       ; output ; 2.5 V        ;                     ; Column I/O   ; N               ; no       ; Off          ;
; H1       ;            ;          ; GND                             ; gnd    ;              ;                     ; --           ;                 ; --       ; --           ;
; H2       ;            ;          ; GND                             ; gnd    ;              ;                     ; --           ;                 ; --       ; --           ;
; H3       ;            ;          ; GND                             ; gnd    ;              ;                     ; --           ;                 ; --       ; --           ;
; H4       ;            ;          ; GND                             ; gnd    ;              ;                     ; --           ;                 ; --       ; --           ;
; H5       ; 536        ; 9A       ; ^nSTATUS                        ;        ;              ;                     ; --           ;                 ; --       ; --           ;
; H6       ; 483        ; 8A       ; RESERVED_INPUT_WITH_WEAK_PULLUP ;        ;              ;                     ; Column I/O   ;                 ; no       ; On           ;
; H7       ;            ;          ; GND                             ; gnd    ;              ;                     ; --           ;                 ; --       ; --           ;
; H8       ; 458        ; 8A       ; rA_dbg[10]                      ; output ; 2.5 V        ;                     ; Column I/O   ; N               ; no       ; Off          ;
; H9       ; 463        ; 8A       ; rA_dbg[7]                       ; output ; 2.5 V        ;                     ; Column I/O   ; N               ; no       ; Off          ;
; H10      ; 436        ; 7A       ; DI[14]                          ; input  ; 2.5 V        ;                     ; Column I/O   ; N               ; no       ; Off          ;
; H11      ; 445        ; 7A       ; DI[4]                           ; input  ; 2.5 V        ;                     ; Column I/O   ; N               ; no       ; Off          ;
; H12      ;            ;          ; GND                             ; gnd    ;              ;                     ; --           ;                 ; --       ; --           ;
; H13      ; 437        ; 7A       ; rA_dbg[6]                       ; output ; 2.5 V        ;                     ; Column I/O   ; N               ; no       ; Off          ;
; H14      ; 429        ; 7A       ; SEGout[10]                      ; output ; 2.5 V        ;                     ; Column I/O   ; N               ; no       ; Off          ;
; H15      ; 423        ; 7A       ; FI[0]                           ; input  ; 2.5 V        ;                     ; Column I/O   ; N               ; no       ; Off          ;
; H16      ; 421        ; 7A       ; IRout[2]                        ; output ; 2.5 V        ;                     ; Column I/O   ; N               ; no       ; Off          ;
; H17      ;            ; 7A       ; VCCIO7A                         ; power  ;              ; 2.5V                ; --           ;                 ; --       ; --           ;
; H18      ; 415        ; 7A       ; SEGout[3]                       ; output ; 2.5 V        ;                     ; Column I/O   ; N               ; no       ; Off          ;
; H19      ;            ; --       ; VCCA_FPLL                       ; power  ;              ; 2.5V                ; --           ;                 ; --       ; --           ;
; H20      ; 391        ; 7A       ; IRout[15]                       ; output ; 2.5 V        ;                     ; Column I/O   ; N               ; no       ; Off          ;
; H21      ; 373        ; 7A       ; RESERVED_INPUT_WITH_WEAK_PULLUP ;        ;              ;                     ; Column I/O   ;                 ; no       ; On           ;
; H22      ;            ;          ; GND                             ; gnd    ;              ;                     ; --           ;                 ; --       ; --           ;
; J1       ; 24         ; B1L      ; GXB_NC                          ;        ;              ;                     ; --           ;                 ; --       ; --           ;
; J2       ; 25         ; B1L      ; GXB_NC                          ;        ;              ;                     ; --           ;                 ; --       ; --           ;
; J3       ;            ;          ; GND                             ; gnd    ;              ;                     ; --           ;                 ; --       ; --           ;
; J4       ;            ; --       ; VCCE_GXBL                       ; power  ;              ; 1.1V                ; --           ;                 ; --       ; --           ;
; J5       ;            ;          ; GND                             ; gnd    ;              ;                     ; --           ;                 ; --       ; --           ;
; J6       ; 535        ; 9A       ; ^MSEL1                          ;        ;              ;                     ; --           ;                 ; --       ; --           ;
; J7       ; 457        ; 8A       ; ADR[23]                         ; output ; 2.5 V        ;                     ; Column I/O   ; N               ; no       ; Off          ;
; J8       ; 459        ; 8A       ; BB[3]                           ; output ; 2.5 V        ;                     ; Column I/O   ; N               ; no       ; Off          ;
; J9       ; 461        ; 8A       ; RESERVED_INPUT_WITH_WEAK_PULLUP ;        ;              ;                     ; Column I/O   ;                 ; no       ; On           ;
; J10      ;            ; --       ; VCC                             ; power  ;              ; 1.1V                ; --           ;                 ; --       ; --           ;
; J11      ; 434        ; 7A       ; BB[11]                          ; output ; 2.5 V        ;                     ; Column I/O   ; N               ; no       ; Off          ;
; J12      ;            ; --       ; VCC                             ; power  ;              ; 1.1V                ; --           ;                 ; --       ; --           ;
; J13      ; 431        ; 7A       ; BB[15]                          ; output ; 2.5 V        ;                     ; Column I/O   ; N               ; no       ; Off          ;
; J14      ;            ; --       ; VCC                             ; power  ;              ; 1.1V                ; --           ;                 ; --       ; --           ;
; J15      ;            ;          ; GND                             ; gnd    ;              ;                     ; --           ;                 ; --       ; --           ;
; J16      ;            ; --       ; VCC                             ; power  ;              ; 1.1V                ; --           ;                 ; --       ; --           ;
; J17      ; 422        ; 7A       ; FI[3]                           ; input  ; 2.5 V        ;                     ; Column I/O   ; N               ; no       ; Off          ;
; J18      ; 416        ; 7A       ; DI[15]                          ; input  ; 2.5 V        ;                     ; Column I/O   ; N               ; no       ; Off          ;
; J19      ; 414        ; 7A       ; SEGout[8]                       ; output ; 2.5 V        ;                     ; Column I/O   ; N               ; no       ; Off          ;
; J20      ;            ;          ; GND                             ; gnd    ;              ;                     ; --           ;                 ; --       ; --           ;
; J21      ; 381        ; 7A       ; RESERVED_INPUT_WITH_WEAK_PULLUP ;        ;              ;                     ; Column I/O   ;                 ; no       ; On           ;
; J22      ; 383        ; 7A       ; ADR[27]                         ; output ; 2.5 V        ;                     ; Column I/O   ; N               ; no       ; Off          ;
; K1       ;            ;          ; GND                             ; gnd    ;              ;                     ; --           ;                 ; --       ; --           ;
; K2       ;            ;          ; GND                             ; gnd    ;              ;                     ; --           ;                 ; --       ; --           ;
; K3       ;            ; --       ; VCCL_GXBL                       ; power  ;              ; 1.1V                ; --           ;                 ; --       ; --           ;
; K4       ;            ;          ; GND                             ; gnd    ;              ;                     ; --           ;                 ; --       ; --           ;
; K5       ;            ; --       ; VCCE_GXBL                       ; power  ;              ; 1.1V                ; --           ;                 ; --       ; --           ;
; K6       ; 534        ; 9A       ; ^CONF_DONE                      ;        ;              ;                     ; --           ;                 ; --       ; --           ;
; K7       ; 456        ; 8A       ; rA_dbg[12]                      ; output ; 2.5 V        ;                     ; Column I/O   ; N               ; no       ; Off          ;
; K8       ;            ;          ; GND                             ; gnd    ;              ;                     ; --           ;                 ; --       ; --           ;
; K9       ; 448        ; 7A       ; rB_dbg[0]                       ; output ; 2.5 V        ;                     ; Column I/O   ; N               ; no       ; Off          ;
; K10      ;            ;          ; GND                             ; gnd    ;              ;                     ; --           ;                 ; --       ; --           ;
; K11      ;            ; --       ; VCC                             ; power  ;              ; 1.1V                ; --           ;                 ; --       ; --           ;
; K12      ;            ;          ; GND                             ; gnd    ;              ;                     ; --           ;                 ; --       ; --           ;
; K13      ;            ; --       ; VCC                             ; power  ;              ; 1.1V                ; --           ;                 ; --       ; --           ;
; K14      ;            ;          ; GND                             ; gnd    ;              ;                     ; --           ;                 ; --       ; --           ;
; K15      ;            ; --       ; VCC                             ; power  ;              ; 1.1V                ; --           ;                 ; --       ; --           ;
; K16      ; 424        ; 7A       ; BC[10]                          ; output ; 2.5 V        ;                     ; Column I/O   ; N               ; no       ; Off          ;
; K17      ; 284        ; 5B       ; rB_dbg[8]                       ; output ; 2.5 V        ;                     ; Row I/O      ; N               ; no       ; Off          ;
; K18      ;            ; 5B       ; VCCIO5B                         ; power  ;              ; 2.5V                ; --           ;                 ; --       ; --           ;
; K19      ; 407        ; 7A       ; ADR[9]                          ; output ; 2.5 V        ;                     ; Column I/O   ; N               ; no       ; Off          ;
; K20      ; 405        ; 7A       ; FI[1]                           ; input  ; 2.5 V        ;                     ; Column I/O   ; N               ; no       ; Off          ;
; K21      ; 289        ; 5B       ; BC[6]                           ; output ; 2.5 V        ;                     ; Row I/O      ; N               ; no       ; Off          ;
; K22      ; 291        ; 5B       ; DI[13]                          ; input  ; 2.5 V        ;                     ; Row I/O      ; N               ; no       ; Off          ;
; L1       ; 27         ; B1L      ; GND                             ;        ;              ;                     ; --           ;                 ; --       ; --           ;
; L2       ; 26         ; B1L      ; GND                             ;        ;              ;                     ; --           ;                 ; --       ; --           ;
; L3       ;            ;          ; GND                             ; gnd    ;              ;                     ; --           ;                 ; --       ; --           ;
; L4       ;            ; --       ; VCCE_GXBL                       ; power  ;              ; 1.1V                ; --           ;                 ; --       ; --           ;
; L5       ;            ;          ; GND                             ; gnd    ;              ;                     ; --           ;                 ; --       ; --           ;
; L6       ; 533        ; 9A       ; ^MSEL0                          ;        ;              ;                     ; --           ;                 ; --       ; --           ;
; L7       ; 454        ; 8A       ; rA_dbg[1]                       ; output ; 2.5 V        ;                     ; Column I/O   ; N               ; no       ; Off          ;
; L8       ; 446        ; 7A       ; DI[5]                           ; input  ; 2.5 V        ;                     ; Column I/O   ; N               ; no       ; Off          ;
; L9       ;            ;          ; DNU                             ;        ;              ;                     ; --           ;                 ; --       ; --           ;
; L10      ;            ; --       ; VCC                             ; power  ;              ; 1.1V                ; --           ;                 ; --       ; --           ;
; L11      ;            ;          ; GND                             ; gnd    ;              ;                     ; --           ;                 ; --       ; --           ;
; L12      ;            ; --       ; VCC                             ; power  ;              ; 1.1V                ; --           ;                 ; --       ; --           ;
; L13      ;            ;          ; GND                             ; gnd    ;              ;                     ; --           ;                 ; --       ; --           ;
; L14      ;            ; --       ; VCC                             ; power  ;              ; 1.1V                ; --           ;                 ; --       ; --           ;
; L15      ;            ;          ; GND                             ; gnd    ;              ;                     ; --           ;                 ; --       ; --           ;
; L16      ;            ; --       ; VCC                             ; power  ;              ; 1.1V                ; --           ;                 ; --       ; --           ;
; L17      ; 286        ; 5B       ; PC_dbg[0]                       ; output ; 2.5 V        ;                     ; Row I/O      ; N               ; no       ; Off          ;
; L18      ; 290        ; 5B       ; BC[1]                           ; output ; 2.5 V        ;                     ; Row I/O      ; N               ; no       ; Off          ;
; L19      ; 288        ; 5B       ; PC_dbg[15]                      ; output ; 2.5 V        ;                     ; Row I/O      ; N               ; no       ; Off          ;
; L20      ;            ; 5B       ; VREFB5BN0                       ; power  ;              ;                     ; --           ;                 ; --       ; --           ;
; L21      ;            ;          ; GND                             ; gnd    ;              ;                     ; --           ;                 ; --       ; --           ;
; L22      ; 283        ; 5B       ; Sba[2]                          ; input  ; 2.5 V        ;                     ; Row I/O      ; N               ; no       ; Off          ;
; M1       ;            ;          ; GND                             ; gnd    ;              ;                     ; --           ;                 ; --       ; --           ;
; M2       ;            ;          ; GND                             ; gnd    ;              ;                     ; --           ;                 ; --       ; --           ;
; M3       ;            ; --       ; VCCH_GXBL                       ; power  ;              ; 2.5V                ; --           ;                 ; --       ; --           ;
; M4       ;            ;          ; GND                             ; gnd    ;              ;                     ; --           ;                 ; --       ; --           ;
; M5       ; 42         ; 3A       ; #TDO                            ; output ;              ;                     ; --           ;                 ; --       ; --           ;
; M6       ; 64         ; 3A       ; PC_dbg[8]                       ; output ; 2.5 V        ;                     ; Column I/O   ; N               ; no       ; Off          ;
; M7       ; 66         ; 3A       ; rB_dbg[2]                       ; output ; 2.5 V        ;                     ; Column I/O   ; N               ; no       ; Off          ;
; M8       ; 112        ; 3B       ; PC_dbg[10]                      ; output ; 2.5 V        ;                     ; Column I/O   ; N               ; no       ; Off          ;
; M9       ; 114        ; 3B       ; reset                           ; input  ; 2.5 V        ;                     ; Column I/O   ; N               ; no       ; Off          ;
; M10      ;            ;          ; GND                             ; gnd    ;              ;                     ; --           ;                 ; --       ; --           ;
; M11      ;            ; --       ; VCC                             ; power  ;              ; 1.1V                ; --           ;                 ; --       ; --           ;
; M12      ;            ;          ; GND                             ; gnd    ;              ;                     ; --           ;                 ; --       ; --           ;
; M13      ;            ; --       ; VCC                             ; power  ;              ; 1.1V                ; --           ;                 ; --       ; --           ;
; M14      ;            ;          ; GND                             ; gnd    ;              ;                     ; --           ;                 ; --       ; --           ;
; M15      ;            ; --       ; VCC                             ; power  ;              ; 1.1V                ; --           ;                 ; --       ; --           ;
; M16      ; 278        ; 5B       ; clk                             ; input  ; 2.5 V        ;                     ; Row I/O      ; N               ; no       ; Off          ;
; M17      ;            ; 5B       ; VCCPD5B                         ; power  ;              ; 2.5V                ; --           ;                 ; --       ; --           ;
; M18      ; 282        ; 5B       ; ADR[1]                          ; output ; 2.5 V        ;                     ; Row I/O      ; N               ; no       ; Off          ;
; M19      ;            ; 5B       ; VCCIO5B                         ; power  ;              ; 2.5V                ; --           ;                 ; --       ; --           ;
; M20      ; 285        ; 5B       ; BC[13]                          ; output ; 2.5 V        ;                     ; Row I/O      ; N               ; no       ; Off          ;
; M21      ; 287        ; 5B       ; BC[8]                           ; output ; 2.5 V        ;                     ; Row I/O      ; N               ; no       ; Off          ;
; M22      ; 281        ; 5B       ; Sba[3]                          ; input  ; 2.5 V        ;                     ; Row I/O      ; N               ; no       ; Off          ;
; N1       ; 28         ; B0L      ; GXB_NC                          ;        ;              ;                     ; --           ;                 ; --       ; --           ;
; N2       ; 29         ; B0L      ; GXB_NC                          ;        ;              ;                     ; --           ;                 ; --       ; --           ;
; N3       ;            ;          ; GND                             ; gnd    ;              ;                     ; --           ;                 ; --       ; --           ;
; N4       ;            ; --       ; VCCE_GXBL                       ; power  ;              ; 1.1V                ; --           ;                 ; --       ; --           ;
; N5       ;            ;          ; GND                             ; gnd    ;              ;                     ; --           ;                 ; --       ; --           ;
; N6       ; 58         ; 3A       ; PC_dbg[7]                       ; output ; 2.5 V        ;                     ; Column I/O   ; N               ; no       ; Off          ;
; N7       ;            ;          ; GND                             ; gnd    ;              ;                     ; --           ;                 ; --       ; --           ;
; N8       ; 106        ; 3B       ; rB_dbg[5]                       ; output ; 2.5 V        ;                     ; Column I/O   ; N               ; no       ; Off          ;
; N9       ; 130        ; 3B       ; ADR[6]                          ; output ; 2.5 V        ;                     ; Column I/O   ; N               ; no       ; Off          ;
; N10      ;            ; --       ; VCC                             ; power  ;              ; 1.1V                ; --           ;                 ; --       ; --           ;
; N11      ;            ;          ; GND                             ; gnd    ;              ;                     ; --           ;                 ; --       ; --           ;
; N12      ;            ; --       ; VCC                             ; power  ;              ; 1.1V                ; --           ;                 ; --       ; --           ;
; N13      ;            ;          ; GND                             ; gnd    ;              ;                     ; --           ;                 ; --       ; --           ;
; N14      ;            ; --       ; VCC                             ; power  ;              ; 1.1V                ; --           ;                 ; --       ; --           ;
; N15      ;            ;          ; GND                             ; gnd    ;              ;                     ; --           ;                 ; --       ; --           ;
; N16      ; 276        ; 5B       ; IRout[8]                        ; output ; 2.5 V        ;                     ; Row I/O      ; N               ; no       ; Off          ;
; N17      ;            ;          ; GND                             ; gnd    ;              ;                     ; --           ;                 ; --       ; --           ;
; N18      ;            ; 5B       ; VCCPD5B                         ; power  ;              ; 2.5V                ; --           ;                 ; --       ; --           ;
; N19      ; 280        ; 5B       ; BC[7]                           ; output ; 2.5 V        ;                     ; Row I/O      ; N               ; no       ; Off          ;
; N20      ; 277        ; 5B       ; ADR[30]                         ; output ; 2.5 V        ;                     ; Row I/O      ; N               ; no       ; Off          ;
; N21      ; 279        ; 5B       ; ADR[15]                         ; output ; 2.5 V        ;                     ; Row I/O      ; N               ; no       ; Off          ;
; N22      ;            ;          ; GND                             ; gnd    ;              ;                     ; --           ;                 ; --       ; --           ;
; P1       ;            ;          ; GND                             ; gnd    ;              ;                     ; --           ;                 ; --       ; --           ;
; P2       ;            ;          ; GND                             ; gnd    ;              ;                     ; --           ;                 ; --       ; --           ;
; P3       ;            ; --       ; VCCL_GXBL                       ; power  ;              ; 1.1V                ; --           ;                 ; --       ; --           ;
; P4       ;            ;          ; GND                             ; gnd    ;              ;                     ; --           ;                 ; --       ; --           ;
; P5       ; 44         ; 3A       ; #TMS                            ; input  ;              ;                     ; --           ;                 ; --       ; --           ;
; P6       ; 56         ; 3A       ; IRout[9]                        ; output ; 2.5 V        ;                     ; Column I/O   ; N               ; no       ; Off          ;
; P7       ; 67         ; 3A       ; IRout[6]                        ; output ; 2.5 V        ;                     ; Column I/O   ; N               ; no       ; Off          ;
; P8       ; 104        ; 3B       ; PC_dbg[1]                       ; output ; 2.5 V        ;                     ; Column I/O   ; N               ; no       ; Off          ;
; P9       ; 128        ; 3B       ; rB_dbg[10]                      ; output ; 2.5 V        ;                     ; Column I/O   ; N               ; no       ; Off          ;
; P10      ;            ;          ; GND                             ; gnd    ;              ;                     ; --           ;                 ; --       ; --           ;
; P11      ;            ; --       ; VCC                             ; power  ;              ; 1.1V                ; --           ;                 ; --       ; --           ;
; P12      ; 123        ; 3B       ; rB_dbg[13]                      ; output ; 2.5 V        ;                     ; Column I/O   ; N               ; no       ; Off          ;
; P13      ;            ; --       ; VCC                             ; power  ;              ; 1.1V                ; --           ;                 ; --       ; --           ;
; P14      ; 168        ; 4A       ; PC_dbg[13]                      ; output ; 2.5 V        ;                     ; Column I/O   ; N               ; no       ; Off          ;
; P15      ;            ; --       ; VCC                             ; power  ;              ; 1.1V                ; --           ;                 ; --       ; --           ;
; P16      ; 225        ; 5A       ; SEGout[2]                       ; output ; 2.5 V        ;                     ; Row I/O      ; N               ; no       ; Off          ;
; P17      ; 227        ; 5A       ; flag_P                          ; output ; 2.5 V        ;                     ; Row I/O      ; N               ; no       ; Off          ;
; P18      ; 226        ; 5A       ; flag_C                          ; output ; 2.5 V        ;                     ; Row I/O      ; N               ; no       ; Off          ;
; P19      ; 224        ; 5A       ; IRout[11]                       ; output ; 2.5 V        ;                     ; Row I/O      ; N               ; no       ; Off          ;
; P20      ;            ; 5A       ; VCCIO5A                         ; power  ;              ; 2.5V                ; --           ;                 ; --       ; --           ;
; P21      ;            ; 5A       ; VCCPD5A                         ; power  ;              ; 2.5V                ; --           ;                 ; --       ; --           ;
; P22      ; 222        ; 5A       ; ADR[8]                          ; output ; 2.5 V        ;                     ; Row I/O      ; N               ; no       ; Off          ;
; R1       ; 31         ; B0L      ; GND                             ;        ;              ;                     ; --           ;                 ; --       ; --           ;
; R2       ; 30         ; B0L      ; GND                             ;        ;              ;                     ; --           ;                 ; --       ; --           ;
; R3       ;            ;          ; GND                             ; gnd    ;              ;                     ; --           ;                 ; --       ; --           ;
; R4       ; 43         ; 3A       ; ^nCSO, DATA4                    ;        ;              ;                     ; Weak Pull Up ;                 ; --       ; On           ;
; R5       ; 54         ; 3A       ; BC[4]                           ; output ; 2.5 V        ;                     ; Column I/O   ; N               ; no       ; Off          ;
; R6       ; 52         ; 3A       ; DI[8]                           ; input  ; 2.5 V        ;                     ; Column I/O   ; N               ; no       ; Off          ;
; R7       ; 65         ; 3A       ; Sid[1]                          ; input  ; 2.5 V        ;                     ; Column I/O   ; N               ; no       ; Off          ;
; R8       ;            ; 3B       ; VCCIO3B                         ; power  ;              ; 2.5V                ; --           ;                 ; --       ; --           ;
; R9       ; 119        ; 3B       ; rA_dbg[14]                      ; output ; 2.5 V        ;                     ; Column I/O   ; N               ; no       ; Off          ;
; R10      ; 125        ; 3B       ; BB[9]                           ; output ; 2.5 V        ;                     ; Column I/O   ; N               ; no       ; Off          ;
; R11      ; 127        ; 3B       ; ADR[28]                         ; output ; 2.5 V        ;                     ; Column I/O   ; N               ; no       ; Off          ;
; R12      ; 121        ; 3B       ; BB[13]                          ; output ; 2.5 V        ;                     ; Column I/O   ; N               ; no       ; Off          ;
; R13      ;            ;          ; GND                             ; gnd    ;              ;                     ; --           ;                 ; --       ; --           ;
; R14      ; 170        ; 4A       ; ADR[26]                         ; output ; 2.5 V        ;                     ; Column I/O   ; N               ; no       ; Off          ;
; R15      ; 219        ; 5A       ; SEGout[14]                      ; output ; 2.5 V        ;                     ; Row I/O      ; N               ; no       ; Off          ;
; R16      ; 221        ; 5A       ; ADR[18]                         ; output ; 2.5 V        ;                     ; Row I/O      ; N               ; no       ; Off          ;
; R17      ; 223        ; 5A       ; ADR[24]                         ; output ; 2.5 V        ;                     ; Row I/O      ; N               ; no       ; Off          ;
; R18      ;            ; 5A       ; VCCIO5A                         ; power  ;              ; 2.5V                ; --           ;                 ; --       ; --           ;
; R19      ;            ; --       ; VCCPGM                          ; power  ;              ; 1.8V/2.5V/3.0V/3.3V ; --           ;                 ; --       ; --           ;
; R20      ;            ; 5A       ; VREFB5AN0                       ; power  ;              ;                     ; --           ;                 ; --       ; --           ;
; R21      ; 220        ; 5A       ; ADR[17]                         ; output ; 2.5 V        ;                     ; Row I/O      ; N               ; no       ; Off          ;
; R22      ; 218        ; 5A       ; IRout[3]                        ; output ; 2.5 V        ;                     ; Row I/O      ; N               ; no       ; Off          ;
; T1       ;            ;          ; GND                             ; gnd    ;              ;                     ; --           ;                 ; --       ; --           ;
; T2       ;            ;          ; GND                             ; gnd    ;              ;                     ; --           ;                 ; --       ; --           ;
; T3       ;            ; --       ; VCCH_GXBL                       ; power  ;              ; 2.5V                ; --           ;                 ; --       ; --           ;
; T4       ; 45         ; 3A       ; ^AS_DATA3, DATA3                ;        ;              ;                     ; Weak Pull Up ;                 ; --       ; On           ;
; T5       ;            ; --       ; VCCA_FPLL                       ; power  ;              ; 2.5V                ; --           ;                 ; --       ; --           ;
; T6       ;            ; 3A       ; VCCIO3A                         ; power  ;              ; 2.5V                ; --           ;                 ; --       ; --           ;
; T7       ; 60         ; 3A       ; BC[3]                           ; output ; 2.5 V        ;                     ; Column I/O   ; N               ; no       ; Off          ;
; T8       ; 62         ; 3A       ; IRout[13]                       ; output ; 2.5 V        ;                     ; Column I/O   ; N               ; no       ; Off          ;
; T9       ; 109        ; 3B       ; rB_dbg[3]                       ; output ; 2.5 V        ;                     ; Column I/O   ; N               ; no       ; Off          ;
; T10      ; 117        ; 3B       ; DI[12]                          ; input  ; 2.5 V        ;                     ; Column I/O   ; N               ; no       ; Off          ;
; T11      ;            ; 3B       ; VCCIO3B                         ; power  ;              ; 2.5V                ; --           ;                 ; --       ; --           ;
; T12      ; 136        ; 4A       ; BA[2]                           ; input  ; 2.5 V        ;                     ; Column I/O   ; N               ; no       ; Off          ;
; T13      ; 138        ; 4A       ; BA[4]                           ; input  ; 2.5 V        ;                     ; Column I/O   ; N               ; no       ; Off          ;
; T14      ; 152        ; 4A       ; Sas[1]                          ; input  ; 2.5 V        ;                     ; Column I/O   ; N               ; no       ; Off          ;
; T15      ; 217        ; 5A       ; IRout[4]                        ; output ; 2.5 V        ;                     ; Row I/O      ; N               ; no       ; Off          ;
; T16      ;            ;          ; GND                             ; gnd    ;              ;                     ; --           ;                 ; --       ; --           ;
; T17      ; 215        ; 5A       ; ADR[2]                          ; output ; 2.5 V        ;                     ; Row I/O      ; N               ; no       ; Off          ;
; T18      ; 213        ; 5A       ; IRout[5]                        ; output ; 2.5 V        ;                     ; Row I/O      ; N               ; no       ; Off          ;
; T19      ; 212        ; 5A       ; IRout[12]                       ; output ; 2.5 V        ;                     ; Row I/O      ; N               ; no       ; Off          ;
; T20      ; 214        ; 5A       ; IRout[14]                       ; output ; 2.5 V        ;                     ; Row I/O      ; N               ; no       ; Off          ;
; T21      ;            ;          ; GND                             ; gnd    ;              ;                     ; --           ;                 ; --       ; --           ;
; T22      ; 216        ; 5A       ; DI[10]                          ; input  ; 2.5 V        ;                     ; Row I/O      ; N               ; no       ; Off          ;
; U1       ; 32         ; B0L      ; GXB_NC                          ;        ;              ;                     ; --           ;                 ; --       ; --           ;
; U2       ; 33         ; B0L      ; GXB_NC                          ;        ;              ;                     ; --           ;                 ; --       ; --           ;
; U3       ;            ;          ; GND                             ; gnd    ;              ;                     ; --           ;                 ; --       ; --           ;
; U4       ; 41         ; B0L      ; GND                             ;        ;              ;                     ; Row I/O      ;                 ; --       ; --           ;
; U5       ;            ;          ; GND                             ; gnd    ;              ;                     ; --           ;                 ; --       ; --           ;
; U6       ; 61         ; 3A       ; PC_dbg[4]                       ; output ; 2.5 V        ;                     ; Column I/O   ; N               ; no       ; Off          ;
; U7       ; 53         ; 3A       ; Sba[4]                          ; input  ; 2.5 V        ;                     ; Column I/O   ; N               ; no       ; Off          ;
; U8       ; 55         ; 3A       ; Sba[1]                          ; input  ; 2.5 V        ;                     ; Column I/O   ; N               ; no       ; Off          ;
; U9       ;            ;          ; GND                             ; gnd    ;              ;                     ; --           ;                 ; --       ; --           ;
; U10      ; 111        ; 3B       ; PC_dbg[12]                      ; output ; 2.5 V        ;                     ; Column I/O   ; N               ; no       ; Off          ;
; U11      ; 120        ; 3B       ; ADR[12]                         ; output ; 2.5 V        ;                     ; Column I/O   ; N               ; no       ; Off          ;
; U12      ; 122        ; 3B       ; rA_dbg[11]                      ; output ; 2.5 V        ;                     ; Column I/O   ; N               ; no       ; Off          ;
; U13      ; 135        ; 4A       ; BA[3]                           ; input  ; 2.5 V        ;                     ; Column I/O   ; N               ; no       ; Off          ;
; U14      ;            ; 4A       ; VCCIO4A                         ; power  ;              ; 2.5V                ; --           ;                 ; --       ; --           ;
; U15      ; 154        ; 4A       ; Sbb[0]                          ; input  ; 2.5 V        ;                     ; Column I/O   ; N               ; no       ; Off          ;
; U16      ; 176        ; 4A       ; ADR[21]                         ; output ; 2.5 V        ;                     ; Column I/O   ; N               ; no       ; Off          ;
; U17      ; 178        ; 4A       ; ADR[5]                          ; output ; 2.5 V        ;                     ; Column I/O   ; N               ; no       ; Off          ;
; U18      ;            ; --       ; VCCA_FPLL                       ; power  ;              ; 2.5V                ; --           ;                 ; --       ; --           ;
; U19      ;            ; 4A       ; VCCIO4A                         ; power  ;              ; 2.5V                ; --           ;                 ; --       ; --           ;
; U20      ; 179        ; 4A       ; BC[5]                           ; output ; 2.5 V        ;                     ; Column I/O   ; N               ; no       ; Off          ;
; U21      ; 177        ; 4A       ; BC[15]                          ; output ; 2.5 V        ;                     ; Column I/O   ; N               ; no       ; Off          ;
; U22      ; 172        ; 4A       ; ADR[10]                         ; output ; 2.5 V        ;                     ; Column I/O   ; N               ; no       ; Off          ;
; V1       ;            ;          ; GND                             ; gnd    ;              ;                     ; --           ;                 ; --       ; --           ;
; V2       ;            ;          ; GND                             ; gnd    ;              ;                     ; --           ;                 ; --       ; --           ;
; V3       ; 50         ; 3A       ; ^DCLK                           ;        ;              ;                     ; Weak Pull Up ;                 ; --       ; On           ;
; V4       ; 40         ; B0L      ; GND                             ;        ;              ;                     ; Row I/O      ;                 ; --       ; --           ;
; V5       ; 46         ; 3A       ; #TCK                            ; input  ;              ;                     ; --           ;                 ; --       ; --           ;
; V6       ; 63         ; 3A       ; Sba[0]                          ; input  ; 2.5 V        ;                     ; Column I/O   ; N               ; no       ; Off          ;
; V7       ;            ;          ; GND                             ; gnd    ;              ;                     ; --           ;                 ; --       ; --           ;
; V8       ;            ; --       ; VCCPGM                          ; power  ;              ; 1.8V/2.5V/3.0V/3.3V ; --           ;                 ; --       ; --           ;
; V9       ; 101        ; 3B       ; ADR[22]                         ; output ; 2.5 V        ;                     ; Column I/O   ; N               ; no       ; Off          ;
; V10      ; 103        ; 3B       ; BB[12]                          ; output ; 2.5 V        ;                     ; Column I/O   ; N               ; no       ; Off          ;
; V11      ;            ;          ; DNU                             ;        ;              ;                     ; --           ;                 ; --       ; --           ;
; V12      ;            ;          ; GND                             ; gnd    ;              ;                     ; --           ;                 ; --       ; --           ;
; V13      ; 133        ; 4A       ; BA[8]                           ; input  ; 2.5 V        ;                     ; Column I/O   ; N               ; no       ; Off          ;
; V14      ; 144        ; 4A       ; BA[11]                          ; input  ; 2.5 V        ;                     ; Column I/O   ; N               ; no       ; Off          ;
; V15      ; 146        ; 4A       ; BA[9]                           ; input  ; 2.5 V        ;                     ; Column I/O   ; N               ; no       ; Off          ;
; V16      ; 160        ; 4A       ; reg_we                          ; input  ; 2.5 V        ;                     ; Column I/O   ; N               ; no       ; Off          ;
; V17      ;            ;          ; GND                             ; gnd    ;              ;                     ; --           ;                 ; --       ; --           ;
; V18      ; 175        ; 4A       ; IRout[7]                        ; output ; 2.5 V        ;                     ; Column I/O   ; N               ; no       ; Off          ;
; V19      ; 173        ; 4A       ; Sa[1]                           ; input  ; 2.5 V        ;                     ; Column I/O   ; N               ; no       ; Off          ;
; V20      ; 157        ; 4A       ; Sbb[4]                          ; input  ; 2.5 V        ;                     ; Column I/O   ; N               ; no       ; Off          ;
; V21      ; 174        ; 4A       ; ADR[20]                         ; output ; 2.5 V        ;                     ; Column I/O   ; N               ; no       ; Off          ;
; V22      ;            ;          ; GND                             ; gnd    ;              ;                     ; --           ;                 ; --       ; --           ;
; W1       ; 35         ; B0L      ; GND                             ;        ;              ;                     ; --           ;                 ; --       ; --           ;
; W2       ; 34         ; B0L      ; GND                             ;        ;              ;                     ; --           ;                 ; --       ; --           ;
; W3       ;            ;          ; GND                             ; gnd    ;              ;                     ; --           ;                 ; --       ; --           ;
; W4       ;            ;          ; GND                             ; gnd    ;              ;                     ; --           ;                 ; --       ; --           ;
; W5       ; 48         ; 3A       ; #TDI                            ; input  ;              ;                     ; --           ;                 ; --       ; --           ;
; W6       ;            ; 3A       ; VCCPD3A                         ; power  ;              ; 2.5V                ; --           ;                 ; --       ; --           ;
; W7       ;            ; --       ; VCC_AUX                         ; power  ;              ; 2.5V                ; --           ;                 ; --       ; --           ;
; W8       ; 57         ; 3A       ; PC_dbg[6]                       ; output ; 2.5 V        ;                     ; Column I/O   ; N               ; no       ; Off          ;
; W9       ; 59         ; 3A       ; PC_dbg[9]                       ; output ; 2.5 V        ;                     ; Column I/O   ; N               ; no       ; Off          ;
; W10      ;            ; 3B       ; VCCIO3B                         ; power  ;              ; 2.5V                ; --           ;                 ; --       ; --           ;
; W11      ;            ; 3B, 4A   ; VCCPD3B4A                       ; power  ;              ; 2.5V                ; --           ;                 ; --       ; --           ;
; W12      ;            ; 3B, 4A   ; VCCPD3B4A                       ; power  ;              ; 2.5V                ; --           ;                 ; --       ; --           ;
; W13      ;            ; --       ; VCC_AUX                         ; power  ;              ; 2.5V                ; --           ;                 ; --       ; --           ;
; W14      ;            ; 3B, 4A   ; VCCPD3B4A                       ; power  ;              ; 2.5V                ; --           ;                 ; --       ; --           ;
; W15      ;            ; 4A       ; VCCIO4A                         ; power  ;              ; 2.5V                ; --           ;                 ; --       ; --           ;
; W16      ; 162        ; 4A       ; Sas[0]                          ; input  ; 2.5 V        ;                     ; Column I/O   ; N               ; no       ; Off          ;
; W17      ;            ; 3B, 4A   ; VCCPD3B4A                       ; power  ;              ; 2.5V                ; --           ;                 ; --       ; --           ;
; W18      ;            ; --       ; VCC_AUX                         ; power  ;              ; 2.5V                ; --           ;                 ; --       ; --           ;
; W19      ; 159        ; 4A       ; BA[10]                          ; input  ; 2.5 V        ;                     ; Column I/O   ; N               ; no       ; Off          ;
; W20      ;            ; 4A       ; VCCIO4A                         ; power  ;              ; 2.5V                ; --           ;                 ; --       ; --           ;
; W21      ; 171        ; 4A       ; ADR[14]                         ; output ; 2.5 V        ;                     ; Column I/O   ; N               ; no       ; Off          ;
; W22      ; 166        ; 4A       ; PC_dbg[3]                       ; output ; 2.5 V        ;                     ; Column I/O   ; N               ; no       ; Off          ;
; Y1       ;            ;          ; GND                             ; gnd    ;              ;                     ; --           ;                 ; --       ; --           ;
; Y2       ;            ;          ; GND                             ; gnd    ;              ;                     ; --           ;                 ; --       ; --           ;
; Y3       ; 36         ; B0L      ; GXB_NC                          ;        ;              ;                     ; --           ;                 ; --       ; --           ;
; Y4       ; 37         ; B0L      ; GXB_NC                          ;        ;              ;                     ; --           ;                 ; --       ; --           ;
; Y5       ;            ;          ; GND                             ; gnd    ;              ;                     ; --           ;                 ; --       ; --           ;
; Y6       ;            ;          ; DNU                             ;        ;              ;                     ; --           ;                 ; --       ; --           ;
; Y7       ;            ; 3A       ; VREFB3AN0                       ; power  ;              ;                     ; --           ;                 ; --       ; --           ;
; Y8       ;            ; 3A       ; VCCIO3A                         ; power  ;              ; 2.5V                ; --           ;                 ; --       ; --           ;
; Y9       ; 118        ; 3B       ; ADR[0]                          ; output ; 2.5 V        ;                     ; Column I/O   ; N               ; no       ; Off          ;
; Y10      ; 116        ; 3B       ; rB_dbg[14]                      ; output ; 2.5 V        ;                     ; Column I/O   ; N               ; no       ; Off          ;
; Y11      ; 129        ; 3B       ; SEGout[12]                      ; output ; 2.5 V        ;                     ; Column I/O   ; N               ; no       ; Off          ;
; Y12      ;            ; 3B       ; VREFB3BN0                       ; power  ;              ;                     ; --           ;                 ; --       ; --           ;
; Y13      ;            ; 3B       ; VCCIO3B                         ; power  ;              ; 2.5V                ; --           ;                 ; --       ; --           ;
; Y14      ; 141        ; 4A       ; ADR[7]                          ; output ; 2.5 V        ;                     ; Column I/O   ; N               ; no       ; Off          ;
; Y15      ; 143        ; 4A       ; BA[12]                          ; input  ; 2.5 V        ;                     ; Column I/O   ; N               ; no       ; Off          ;
; Y16      ; 149        ; 4A       ; BA[14]                          ; input  ; 2.5 V        ;                     ; Column I/O   ; N               ; no       ; Off          ;
; Y17      ; 151        ; 4A       ; Sbc[1]                          ; input  ; 2.5 V        ;                     ; Column I/O   ; N               ; no       ; Off          ;
; Y18      ;            ;          ; GND                             ; gnd    ;              ;                     ; --           ;                 ; --       ; --           ;
; Y19      ; 167        ; 4A       ; PC_dbg[5]                       ; output ; 2.5 V        ;                     ; Column I/O   ; N               ; no       ; Off          ;
; Y20      ; 165        ; 4A       ; Sbb[1]                          ; input  ; 2.5 V        ;                     ; Column I/O   ; N               ; no       ; Off          ;
; Y21      ; 169        ; 4A       ; Sa[0]                           ; input  ; 2.5 V        ;                     ; Column I/O   ; N               ; no       ; Off          ;
; Y22      ; 164        ; 4A       ; Sid[2]                          ; input  ; 2.5 V        ;                     ; Column I/O   ; N               ; no       ; Off          ;
+----------+------------+----------+---------------------------------+--------+--------------+---------------------+--------------+-----------------+----------+--------------+
Note: Pin directions (input, output or bidir) are based on device operating in user mode.


+--------------------------------------------+
; I/O Assignment Warnings                    ;
+------------+-------------------------------+
; Pin Name   ; Reason                        ;
+------------+-------------------------------+
; BB[0]      ; Incomplete set of assignments ;
; BB[1]      ; Incomplete set of assignments ;
; BB[2]      ; Incomplete set of assignments ;
; BB[3]      ; Incomplete set of assignments ;
; BB[4]      ; Incomplete set of assignments ;
; BB[5]      ; Incomplete set of assignments ;
; BB[6]      ; Incomplete set of assignments ;
; BB[7]      ; Incomplete set of assignments ;
; BB[8]      ; Incomplete set of assignments ;
; BB[9]      ; Incomplete set of assignments ;
; BB[10]     ; Incomplete set of assignments ;
; BB[11]     ; Incomplete set of assignments ;
; BB[12]     ; Incomplete set of assignments ;
; BB[13]     ; Incomplete set of assignments ;
; BB[14]     ; Incomplete set of assignments ;
; BB[15]     ; Incomplete set of assignments ;
; BC[0]      ; Incomplete set of assignments ;
; BC[1]      ; Incomplete set of assignments ;
; BC[2]      ; Incomplete set of assignments ;
; BC[3]      ; Incomplete set of assignments ;
; BC[4]      ; Incomplete set of assignments ;
; BC[5]      ; Incomplete set of assignments ;
; BC[6]      ; Incomplete set of assignments ;
; BC[7]      ; Incomplete set of assignments ;
; BC[8]      ; Incomplete set of assignments ;
; BC[9]      ; Incomplete set of assignments ;
; BC[10]     ; Incomplete set of assignments ;
; BC[11]     ; Incomplete set of assignments ;
; BC[12]     ; Incomplete set of assignments ;
; BC[13]     ; Incomplete set of assignments ;
; BC[14]     ; Incomplete set of assignments ;
; BC[15]     ; Incomplete set of assignments ;
; ADR[0]     ; Incomplete set of assignments ;
; ADR[1]     ; Incomplete set of assignments ;
; ADR[2]     ; Incomplete set of assignments ;
; ADR[3]     ; Incomplete set of assignments ;
; ADR[4]     ; Incomplete set of assignments ;
; ADR[5]     ; Incomplete set of assignments ;
; ADR[6]     ; Incomplete set of assignments ;
; ADR[7]     ; Incomplete set of assignments ;
; ADR[8]     ; Incomplete set of assignments ;
; ADR[9]     ; Incomplete set of assignments ;
; ADR[10]    ; Incomplete set of assignments ;
; ADR[11]    ; Incomplete set of assignments ;
; ADR[12]    ; Incomplete set of assignments ;
; ADR[13]    ; Incomplete set of assignments ;
; ADR[14]    ; Incomplete set of assignments ;
; ADR[15]    ; Incomplete set of assignments ;
; ADR[16]    ; Incomplete set of assignments ;
; ADR[17]    ; Incomplete set of assignments ;
; ADR[18]    ; Incomplete set of assignments ;
; ADR[19]    ; Incomplete set of assignments ;
; ADR[20]    ; Incomplete set of assignments ;
; ADR[21]    ; Incomplete set of assignments ;
; ADR[22]    ; Incomplete set of assignments ;
; ADR[23]    ; Incomplete set of assignments ;
; ADR[24]    ; Incomplete set of assignments ;
; ADR[25]    ; Incomplete set of assignments ;
; ADR[26]    ; Incomplete set of assignments ;
; ADR[27]    ; Incomplete set of assignments ;
; ADR[28]    ; Incomplete set of assignments ;
; ADR[29]    ; Incomplete set of assignments ;
; ADR[30]    ; Incomplete set of assignments ;
; ADR[31]    ; Incomplete set of assignments ;
; IRout[0]   ; Incomplete set of assignments ;
; IRout[1]   ; Incomplete set of assignments ;
; IRout[2]   ; Incomplete set of assignments ;
; IRout[3]   ; Incomplete set of assignments ;
; IRout[4]   ; Incomplete set of assignments ;
; IRout[5]   ; Incomplete set of assignments ;
; IRout[6]   ; Incomplete set of assignments ;
; IRout[7]   ; Incomplete set of assignments ;
; IRout[8]   ; Incomplete set of assignments ;
; IRout[9]   ; Incomplete set of assignments ;
; IRout[10]  ; Incomplete set of assignments ;
; IRout[11]  ; Incomplete set of assignments ;
; IRout[12]  ; Incomplete set of assignments ;
; IRout[13]  ; Incomplete set of assignments ;
; IRout[14]  ; Incomplete set of assignments ;
; IRout[15]  ; Incomplete set of assignments ;
; SEGout[0]  ; Incomplete set of assignments ;
; SEGout[1]  ; Incomplete set of assignments ;
; SEGout[2]  ; Incomplete set of assignments ;
; SEGout[3]  ; Incomplete set of assignments ;
; SEGout[4]  ; Incomplete set of assignments ;
; SEGout[5]  ; Incomplete set of assignments ;
; SEGout[6]  ; Incomplete set of assignments ;
; SEGout[7]  ; Incomplete set of assignments ;
; SEGout[8]  ; Incomplete set of assignments ;
; SEGout[9]  ; Incomplete set of assignments ;
; SEGout[10] ; Incomplete set of assignments ;
; SEGout[11] ; Incomplete set of assignments ;
; SEGout[12] ; Incomplete set of assignments ;
; SEGout[13] ; Incomplete set of assignments ;
; SEGout[14] ; Incomplete set of assignments ;
; SEGout[15] ; Incomplete set of assignments ;
; flag_C     ; Incomplete set of assignments ;
; flag_Z     ; Incomplete set of assignments ;
; flag_S     ; Incomplete set of assignments ;
; flag_P     ; Incomplete set of assignments ;
; rA_dbg[0]  ; Incomplete set of assignments ;
; rA_dbg[1]  ; Incomplete set of assignments ;
; rA_dbg[2]  ; Incomplete set of assignments ;
; rA_dbg[3]  ; Incomplete set of assignments ;
; rA_dbg[4]  ; Incomplete set of assignments ;
; rA_dbg[5]  ; Incomplete set of assignments ;
; rA_dbg[6]  ; Incomplete set of assignments ;
; rA_dbg[7]  ; Incomplete set of assignments ;
; rA_dbg[8]  ; Incomplete set of assignments ;
; rA_dbg[9]  ; Incomplete set of assignments ;
; rA_dbg[10] ; Incomplete set of assignments ;
; rA_dbg[11] ; Incomplete set of assignments ;
; rA_dbg[12] ; Incomplete set of assignments ;
; rA_dbg[13] ; Incomplete set of assignments ;
; rA_dbg[14] ; Incomplete set of assignments ;
; rA_dbg[15] ; Incomplete set of assignments ;
; rB_dbg[0]  ; Incomplete set of assignments ;
; rB_dbg[1]  ; Incomplete set of assignments ;
; rB_dbg[2]  ; Incomplete set of assignments ;
; rB_dbg[3]  ; Incomplete set of assignments ;
; rB_dbg[4]  ; Incomplete set of assignments ;
; rB_dbg[5]  ; Incomplete set of assignments ;
; rB_dbg[6]  ; Incomplete set of assignments ;
; rB_dbg[7]  ; Incomplete set of assignments ;
; rB_dbg[8]  ; Incomplete set of assignments ;
; rB_dbg[9]  ; Incomplete set of assignments ;
; rB_dbg[10] ; Incomplete set of assignments ;
; rB_dbg[11] ; Incomplete set of assignments ;
; rB_dbg[12] ; Incomplete set of assignments ;
; rB_dbg[13] ; Incomplete set of assignments ;
; rB_dbg[14] ; Incomplete set of assignments ;
; rB_dbg[15] ; Incomplete set of assignments ;
; PC_dbg[0]  ; Incomplete set of assignments ;
; PC_dbg[1]  ; Incomplete set of assignments ;
; PC_dbg[2]  ; Incomplete set of assignments ;
; PC_dbg[3]  ; Incomplete set of assignments ;
; PC_dbg[4]  ; Incomplete set of assignments ;
; PC_dbg[5]  ; Incomplete set of assignments ;
; PC_dbg[6]  ; Incomplete set of assignments ;
; PC_dbg[7]  ; Incomplete set of assignments ;
; PC_dbg[8]  ; Incomplete set of assignments ;
; PC_dbg[9]  ; Incomplete set of assignments ;
; PC_dbg[10] ; Incomplete set of assignments ;
; PC_dbg[11] ; Incomplete set of assignments ;
; PC_dbg[12] ; Incomplete set of assignments ;
; PC_dbg[13] ; Incomplete set of assignments ;
; PC_dbg[14] ; Incomplete set of assignments ;
; PC_dbg[15] ; Incomplete set of assignments ;
; Sbb[1]     ; Incomplete set of assignments ;
; Sbb[2]     ; Incomplete set of assignments ;
; Sbb[3]     ; Incomplete set of assignments ;
; Sbb[0]     ; Incomplete set of assignments ;
; Sbb[4]     ; Incomplete set of assignments ;
; DI[0]      ; Incomplete set of assignments ;
; DI[1]      ; Incomplete set of assignments ;
; DI[2]      ; Incomplete set of assignments ;
; DI[3]      ; Incomplete set of assignments ;
; DI[4]      ; Incomplete set of assignments ;
; DI[5]      ; Incomplete set of assignments ;
; DI[6]      ; Incomplete set of assignments ;
; DI[7]      ; Incomplete set of assignments ;
; DI[8]      ; Incomplete set of assignments ;
; DI[9]      ; Incomplete set of assignments ;
; DI[10]     ; Incomplete set of assignments ;
; DI[11]     ; Incomplete set of assignments ;
; DI[12]     ; Incomplete set of assignments ;
; DI[13]     ; Incomplete set of assignments ;
; DI[14]     ; Incomplete set of assignments ;
; DI[15]     ; Incomplete set of assignments ;
; Sbc[1]     ; Incomplete set of assignments ;
; Sbc[2]     ; Incomplete set of assignments ;
; Sbc[3]     ; Incomplete set of assignments ;
; Sbc[0]     ; Incomplete set of assignments ;
; Sbc[4]     ; Incomplete set of assignments ;
; Sa[0]      ; Incomplete set of assignments ;
; Sa[1]      ; Incomplete set of assignments ;
; Sas[0]     ; Incomplete set of assignments ;
; Sas[1]     ; Incomplete set of assignments ;
; BA[0]      ; Incomplete set of assignments ;
; clk        ; Incomplete set of assignments ;
; reset      ; Incomplete set of assignments ;
; Sba[0]     ; Incomplete set of assignments ;
; Sba[3]     ; Incomplete set of assignments ;
; Sba[4]     ; Incomplete set of assignments ;
; reg_we     ; Incomplete set of assignments ;
; Sba[1]     ; Incomplete set of assignments ;
; Sba[2]     ; Incomplete set of assignments ;
; Sid[1]     ; Incomplete set of assignments ;
; Sid[2]     ; Incomplete set of assignments ;
; Sid[0]     ; Incomplete set of assignments ;
; FI[0]      ; Incomplete set of assignments ;
; LDF        ; Incomplete set of assignments ;
; BA[1]      ; Incomplete set of assignments ;
; FI[1]      ; Incomplete set of assignments ;
; BA[2]      ; Incomplete set of assignments ;
; FI[2]      ; Incomplete set of assignments ;
; BA[3]      ; Incomplete set of assignments ;
; FI[3]      ; Incomplete set of assignments ;
; BA[4]      ; Incomplete set of assignments ;
; BA[5]      ; Incomplete set of assignments ;
; BA[6]      ; Incomplete set of assignments ;
; BA[7]      ; Incomplete set of assignments ;
; BA[8]      ; Incomplete set of assignments ;
; BA[9]      ; Incomplete set of assignments ;
; BA[10]     ; Incomplete set of assignments ;
; BA[11]     ; Incomplete set of assignments ;
; BA[12]     ; Incomplete set of assignments ;
; BA[13]     ; Incomplete set of assignments ;
; BA[14]     ; Incomplete set of assignments ;
; BA[15]     ; Incomplete set of assignments ;
; BB[0]      ; Missing location assignment   ;
; BB[1]      ; Missing location assignment   ;
; BB[2]      ; Missing location assignment   ;
; BB[3]      ; Missing location assignment   ;
; BB[4]      ; Missing location assignment   ;
; BB[5]      ; Missing location assignment   ;
; BB[6]      ; Missing location assignment   ;
; BB[7]      ; Missing location assignment   ;
; BB[8]      ; Missing location assignment   ;
; BB[9]      ; Missing location assignment   ;
; BB[10]     ; Missing location assignment   ;
; BB[11]     ; Missing location assignment   ;
; BB[12]     ; Missing location assignment   ;
; BB[13]     ; Missing location assignment   ;
; BB[14]     ; Missing location assignment   ;
; BB[15]     ; Missing location assignment   ;
; BC[0]      ; Missing location assignment   ;
; BC[1]      ; Missing location assignment   ;
; BC[2]      ; Missing location assignment   ;
; BC[3]      ; Missing location assignment   ;
; BC[4]      ; Missing location assignment   ;
; BC[5]      ; Missing location assignment   ;
; BC[6]      ; Missing location assignment   ;
; BC[7]      ; Missing location assignment   ;
; BC[8]      ; Missing location assignment   ;
; BC[9]      ; Missing location assignment   ;
; BC[10]     ; Missing location assignment   ;
; BC[11]     ; Missing location assignment   ;
; BC[12]     ; Missing location assignment   ;
; BC[13]     ; Missing location assignment   ;
; BC[14]     ; Missing location assignment   ;
; BC[15]     ; Missing location assignment   ;
; ADR[0]     ; Missing location assignment   ;
; ADR[1]     ; Missing location assignment   ;
; ADR[2]     ; Missing location assignment   ;
; ADR[3]     ; Missing location assignment   ;
; ADR[4]     ; Missing location assignment   ;
; ADR[5]     ; Missing location assignment   ;
; ADR[6]     ; Missing location assignment   ;
; ADR[7]     ; Missing location assignment   ;
; ADR[8]     ; Missing location assignment   ;
; ADR[9]     ; Missing location assignment   ;
; ADR[10]    ; Missing location assignment   ;
; ADR[11]    ; Missing location assignment   ;
; ADR[12]    ; Missing location assignment   ;
; ADR[13]    ; Missing location assignment   ;
; ADR[14]    ; Missing location assignment   ;
; ADR[15]    ; Missing location assignment   ;
; ADR[16]    ; Missing location assignment   ;
; ADR[17]    ; Missing location assignment   ;
; ADR[18]    ; Missing location assignment   ;
; ADR[19]    ; Missing location assignment   ;
; ADR[20]    ; Missing location assignment   ;
; ADR[21]    ; Missing location assignment   ;
; ADR[22]    ; Missing location assignment   ;
; ADR[23]    ; Missing location assignment   ;
; ADR[24]    ; Missing location assignment   ;
; ADR[25]    ; Missing location assignment   ;
; ADR[26]    ; Missing location assignment   ;
; ADR[27]    ; Missing location assignment   ;
; ADR[28]    ; Missing location assignment   ;
; ADR[29]    ; Missing location assignment   ;
; ADR[30]    ; Missing location assignment   ;
; ADR[31]    ; Missing location assignment   ;
; IRout[0]   ; Missing location assignment   ;
; IRout[1]   ; Missing location assignment   ;
; IRout[2]   ; Missing location assignment   ;
; IRout[3]   ; Missing location assignment   ;
; IRout[4]   ; Missing location assignment   ;
; IRout[5]   ; Missing location assignment   ;
; IRout[6]   ; Missing location assignment   ;
; IRout[7]   ; Missing location assignment   ;
; IRout[8]   ; Missing location assignment   ;
; IRout[9]   ; Missing location assignment   ;
; IRout[10]  ; Missing location assignment   ;
; IRout[11]  ; Missing location assignment   ;
; IRout[12]  ; Missing location assignment   ;
; IRout[13]  ; Missing location assignment   ;
; IRout[14]  ; Missing location assignment   ;
; IRout[15]  ; Missing location assignment   ;
; SEGout[0]  ; Missing location assignment   ;
; SEGout[1]  ; Missing location assignment   ;
; SEGout[2]  ; Missing location assignment   ;
; SEGout[3]  ; Missing location assignment   ;
; SEGout[4]  ; Missing location assignment   ;
; SEGout[5]  ; Missing location assignment   ;
; SEGout[6]  ; Missing location assignment   ;
; SEGout[7]  ; Missing location assignment   ;
; SEGout[8]  ; Missing location assignment   ;
; SEGout[9]  ; Missing location assignment   ;
; SEGout[10] ; Missing location assignment   ;
; SEGout[11] ; Missing location assignment   ;
; SEGout[12] ; Missing location assignment   ;
; SEGout[13] ; Missing location assignment   ;
; SEGout[14] ; Missing location assignment   ;
; SEGout[15] ; Missing location assignment   ;
; flag_C     ; Missing location assignment   ;
; flag_Z     ; Missing location assignment   ;
; flag_S     ; Missing location assignment   ;
; flag_P     ; Missing location assignment   ;
; rA_dbg[0]  ; Missing location assignment   ;
; rA_dbg[1]  ; Missing location assignment   ;
; rA_dbg[2]  ; Missing location assignment   ;
; rA_dbg[3]  ; Missing location assignment   ;
; rA_dbg[4]  ; Missing location assignment   ;
; rA_dbg[5]  ; Missing location assignment   ;
; rA_dbg[6]  ; Missing location assignment   ;
; rA_dbg[7]  ; Missing location assignment   ;
; rA_dbg[8]  ; Missing location assignment   ;
; rA_dbg[9]  ; Missing location assignment   ;
; rA_dbg[10] ; Missing location assignment   ;
; rA_dbg[11] ; Missing location assignment   ;
; rA_dbg[12] ; Missing location assignment   ;
; rA_dbg[13] ; Missing location assignment   ;
; rA_dbg[14] ; Missing location assignment   ;
; rA_dbg[15] ; Missing location assignment   ;
; rB_dbg[0]  ; Missing location assignment   ;
; rB_dbg[1]  ; Missing location assignment   ;
; rB_dbg[2]  ; Missing location assignment   ;
; rB_dbg[3]  ; Missing location assignment   ;
; rB_dbg[4]  ; Missing location assignment   ;
; rB_dbg[5]  ; Missing location assignment   ;
; rB_dbg[6]  ; Missing location assignment   ;
; rB_dbg[7]  ; Missing location assignment   ;
; rB_dbg[8]  ; Missing location assignment   ;
; rB_dbg[9]  ; Missing location assignment   ;
; rB_dbg[10] ; Missing location assignment   ;
; rB_dbg[11] ; Missing location assignment   ;
; rB_dbg[12] ; Missing location assignment   ;
; rB_dbg[13] ; Missing location assignment   ;
; rB_dbg[14] ; Missing location assignment   ;
; rB_dbg[15] ; Missing location assignment   ;
; PC_dbg[0]  ; Missing location assignment   ;
; PC_dbg[1]  ; Missing location assignment   ;
; PC_dbg[2]  ; Missing location assignment   ;
; PC_dbg[3]  ; Missing location assignment   ;
; PC_dbg[4]  ; Missing location assignment   ;
; PC_dbg[5]  ; Missing location assignment   ;
; PC_dbg[6]  ; Missing location assignment   ;
; PC_dbg[7]  ; Missing location assignment   ;
; PC_dbg[8]  ; Missing location assignment   ;
; PC_dbg[9]  ; Missing location assignment   ;
; PC_dbg[10] ; Missing location assignment   ;
; PC_dbg[11] ; Missing location assignment   ;
; PC_dbg[12] ; Missing location assignment   ;
; PC_dbg[13] ; Missing location assignment   ;
; PC_dbg[14] ; Missing location assignment   ;
; PC_dbg[15] ; Missing location assignment   ;
; Sbb[1]     ; Missing location assignment   ;
; Sbb[2]     ; Missing location assignment   ;
; Sbb[3]     ; Missing location assignment   ;
; Sbb[0]     ; Missing location assignment   ;
; Sbb[4]     ; Missing location assignment   ;
; DI[0]      ; Missing location assignment   ;
; DI[1]      ; Missing location assignment   ;
; DI[2]      ; Missing location assignment   ;
; DI[3]      ; Missing location assignment   ;
; DI[4]      ; Missing location assignment   ;
; DI[5]      ; Missing location assignment   ;
; DI[6]      ; Missing location assignment   ;
; DI[7]      ; Missing location assignment   ;
; DI[8]      ; Missing location assignment   ;
; DI[9]      ; Missing location assignment   ;
; DI[10]     ; Missing location assignment   ;
; DI[11]     ; Missing location assignment   ;
; DI[12]     ; Missing location assignment   ;
; DI[13]     ; Missing location assignment   ;
; DI[14]     ; Missing location assignment   ;
; DI[15]     ; Missing location assignment   ;
; Sbc[1]     ; Missing location assignment   ;
; Sbc[2]     ; Missing location assignment   ;
; Sbc[3]     ; Missing location assignment   ;
; Sbc[0]     ; Missing location assignment   ;
; Sbc[4]     ; Missing location assignment   ;
; Sa[0]      ; Missing location assignment   ;
; Sa[1]      ; Missing location assignment   ;
; Sas[0]     ; Missing location assignment   ;
; Sas[1]     ; Missing location assignment   ;
; BA[0]      ; Missing location assignment   ;
; clk        ; Missing location assignment   ;
; reset      ; Missing location assignment   ;
; Sba[0]     ; Missing location assignment   ;
; Sba[3]     ; Missing location assignment   ;
; Sba[4]     ; Missing location assignment   ;
; reg_we     ; Missing location assignment   ;
; Sba[1]     ; Missing location assignment   ;
; Sba[2]     ; Missing location assignment   ;
; Sid[1]     ; Missing location assignment   ;
; Sid[2]     ; Missing location assignment   ;
; Sid[0]     ; Missing location assignment   ;
; FI[0]      ; Missing location assignment   ;
; LDF        ; Missing location assignment   ;
; BA[1]      ; Missing location assignment   ;
; FI[1]      ; Missing location assignment   ;
; BA[2]      ; Missing location assignment   ;
; FI[2]      ; Missing location assignment   ;
; BA[3]      ; Missing location assignment   ;
; FI[3]      ; Missing location assignment   ;
; BA[4]      ; Missing location assignment   ;
; BA[5]      ; Missing location assignment   ;
; BA[6]      ; Missing location assignment   ;
; BA[7]      ; Missing location assignment   ;
; BA[8]      ; Missing location assignment   ;
; BA[9]      ; Missing location assignment   ;
; BA[10]     ; Missing location assignment   ;
; BA[11]     ; Missing location assignment   ;
; BA[12]     ; Missing location assignment   ;
; BA[13]     ; Missing location assignment   ;
; BA[14]     ; Missing location assignment   ;
; BA[15]     ; Missing location assignment   ;
+------------+-------------------------------+


+-----------------------------------------------------------------------------------------------------------------------------------------------------------------------------------------------------------------------------------------------------------------------------------------------------------------------------------------------------------------------------------------+
; Fitter Resource Utilization by Entity                                                                                                                                                                                                                                                                                                                                                   ;
+----------------------------+----------------------+----------------------------------+---------------------------------------------------+----------------------------------+----------------------+---------------------+---------------------------+---------------+-------------------+-------+------------+------+--------------+---------------------+--------------+--------------+
; Compilation Hierarchy Node ; ALMs needed [=A-B+C] ; [A] ALMs used in final placement ; [B] Estimate of ALMs recoverable by dense packing ; [C] Estimate of ALMs unavailable ; ALMs used for memory ; Combinational ALUTs ; Dedicated Logic Registers ; I/O Registers ; Block Memory Bits ; M10Ks ; DSP Blocks ; Pins ; Virtual Pins ; Full Hierarchy Name ; Entity Name  ; Library Name ;
+----------------------------+----------------------+----------------------------------+---------------------------------------------------+----------------------------------+----------------------+---------------------+---------------------------+---------------+-------------------+-------+------------+------+--------------+---------------------+--------------+--------------+
; |register_cpu              ; 435.0 (435.0)        ; 487.5 (487.5)                    ; 53.5 (53.5)                                       ; 1.0 (1.0)                        ; 0.0 (0.0)            ; 551 (551)           ; 496 (496)                 ; 0 (0)         ; 0                 ; 0     ; 0          ; 210  ; 0            ; |register_cpu       ; register_cpu ; work         ;
+----------------------------+----------------------+----------------------------------+---------------------------------------------------+----------------------------------+----------------------+---------------------+---------------------------+---------------+-------------------+-------+------------+------+--------------+---------------------+--------------+--------------+
Note: For table entries with two numbers listed, the numbers in parentheses indicate the number of resources of the given type used by the specific entity alone. The numbers listed outside of parentheses indicate the total resources of the given type used by the specific entity and all of its sub-entities in the hierarchy.


+---------------------------------------------------------------------------------------------------------------------------+
; Delay Chain Summary                                                                                                       ;
+------------+----------+----+------+------+----+------+-------+--------+------------------------+--------------------------+
; Name       ; Pin Type ; D1 ; D3_0 ; D3_1 ; D4 ; D5   ; D5 OE ; D5 OCT ; T11 (Postamble Gating) ; T11 (Postamble Ungating) ;
+------------+----------+----+------+------+----+------+-------+--------+------------------------+--------------------------+
; BB[0]      ; Output   ; -- ; --   ; --   ; -- ; (0)  ; (31)  ; --     ; --                     ; --                       ;
; BB[1]      ; Output   ; -- ; --   ; --   ; -- ; (0)  ; (31)  ; --     ; --                     ; --                       ;
; BB[2]      ; Output   ; -- ; --   ; --   ; -- ; (0)  ; (31)  ; --     ; --                     ; --                       ;
; BB[3]      ; Output   ; -- ; --   ; --   ; -- ; (0)  ; (31)  ; --     ; --                     ; --                       ;
; BB[4]      ; Output   ; -- ; --   ; --   ; -- ; (0)  ; (31)  ; --     ; --                     ; --                       ;
; BB[5]      ; Output   ; -- ; --   ; --   ; -- ; (0)  ; (31)  ; --     ; --                     ; --                       ;
; BB[6]      ; Output   ; -- ; --   ; --   ; -- ; (0)  ; (31)  ; --     ; --                     ; --                       ;
; BB[7]      ; Output   ; -- ; --   ; --   ; -- ; (0)  ; (31)  ; --     ; --                     ; --                       ;
; BB[8]      ; Output   ; -- ; --   ; --   ; -- ; (0)  ; (31)  ; --     ; --                     ; --                       ;
; BB[9]      ; Output   ; -- ; --   ; --   ; -- ; (0)  ; (31)  ; --     ; --                     ; --                       ;
; BB[10]     ; Output   ; -- ; --   ; --   ; -- ; (0)  ; (31)  ; --     ; --                     ; --                       ;
; BB[11]     ; Output   ; -- ; --   ; --   ; -- ; (0)  ; (31)  ; --     ; --                     ; --                       ;
; BB[12]     ; Output   ; -- ; --   ; --   ; -- ; (0)  ; (31)  ; --     ; --                     ; --                       ;
; BB[13]     ; Output   ; -- ; --   ; --   ; -- ; (0)  ; (31)  ; --     ; --                     ; --                       ;
; BB[14]     ; Output   ; -- ; --   ; --   ; -- ; (0)  ; (31)  ; --     ; --                     ; --                       ;
; BB[15]     ; Output   ; -- ; --   ; --   ; -- ; (0)  ; (31)  ; --     ; --                     ; --                       ;
; BC[0]      ; Output   ; -- ; --   ; --   ; -- ; (0)  ; (31)  ; --     ; --                     ; --                       ;
; BC[1]      ; Output   ; -- ; --   ; --   ; -- ; (0)  ; (31)  ; --     ; --                     ; --                       ;
; BC[2]      ; Output   ; -- ; --   ; --   ; -- ; (0)  ; (31)  ; --     ; --                     ; --                       ;
; BC[3]      ; Output   ; -- ; --   ; --   ; -- ; (0)  ; (31)  ; --     ; --                     ; --                       ;
; BC[4]      ; Output   ; -- ; --   ; --   ; -- ; (0)  ; (31)  ; --     ; --                     ; --                       ;
; BC[5]      ; Output   ; -- ; --   ; --   ; -- ; (0)  ; (31)  ; --     ; --                     ; --                       ;
; BC[6]      ; Output   ; -- ; --   ; --   ; -- ; (0)  ; (31)  ; --     ; --                     ; --                       ;
; BC[7]      ; Output   ; -- ; --   ; --   ; -- ; (0)  ; (31)  ; --     ; --                     ; --                       ;
; BC[8]      ; Output   ; -- ; --   ; --   ; -- ; (0)  ; (31)  ; --     ; --                     ; --                       ;
; BC[9]      ; Output   ; -- ; --   ; --   ; -- ; (0)  ; (31)  ; --     ; --                     ; --                       ;
; BC[10]     ; Output   ; -- ; --   ; --   ; -- ; (0)  ; (31)  ; --     ; --                     ; --                       ;
; BC[11]     ; Output   ; -- ; --   ; --   ; -- ; (0)  ; (31)  ; --     ; --                     ; --                       ;
; BC[12]     ; Output   ; -- ; --   ; --   ; -- ; (0)  ; (31)  ; --     ; --                     ; --                       ;
; BC[13]     ; Output   ; -- ; --   ; --   ; -- ; (0)  ; (31)  ; --     ; --                     ; --                       ;
; BC[14]     ; Output   ; -- ; --   ; --   ; -- ; (0)  ; (31)  ; --     ; --                     ; --                       ;
; BC[15]     ; Output   ; -- ; --   ; --   ; -- ; (0)  ; (31)  ; --     ; --                     ; --                       ;
; ADR[0]     ; Output   ; -- ; --   ; --   ; -- ; (0)  ; (31)  ; --     ; --                     ; --                       ;
; ADR[1]     ; Output   ; -- ; --   ; --   ; -- ; (0)  ; (31)  ; --     ; --                     ; --                       ;
; ADR[2]     ; Output   ; -- ; --   ; --   ; -- ; (0)  ; (31)  ; --     ; --                     ; --                       ;
; ADR[3]     ; Output   ; -- ; --   ; --   ; -- ; (0)  ; (31)  ; --     ; --                     ; --                       ;
; ADR[4]     ; Output   ; -- ; --   ; --   ; -- ; (0)  ; (31)  ; --     ; --                     ; --                       ;
; ADR[5]     ; Output   ; -- ; --   ; --   ; -- ; (0)  ; (31)  ; --     ; --                     ; --                       ;
; ADR[6]     ; Output   ; -- ; --   ; --   ; -- ; (0)  ; (31)  ; --     ; --                     ; --                       ;
; ADR[7]     ; Output   ; -- ; --   ; --   ; -- ; (0)  ; (31)  ; --     ; --                     ; --                       ;
; ADR[8]     ; Output   ; -- ; --   ; --   ; -- ; (0)  ; (31)  ; --     ; --                     ; --                       ;
; ADR[9]     ; Output   ; -- ; --   ; --   ; -- ; (0)  ; (31)  ; --     ; --                     ; --                       ;
; ADR[10]    ; Output   ; -- ; --   ; --   ; -- ; (0)  ; (31)  ; --     ; --                     ; --                       ;
; ADR[11]    ; Output   ; -- ; --   ; --   ; -- ; (0)  ; (31)  ; --     ; --                     ; --                       ;
; ADR[12]    ; Output   ; -- ; --   ; --   ; -- ; (0)  ; (31)  ; --     ; --                     ; --                       ;
; ADR[13]    ; Output   ; -- ; --   ; --   ; -- ; (0)  ; (31)  ; --     ; --                     ; --                       ;
; ADR[14]    ; Output   ; -- ; --   ; --   ; -- ; (0)  ; (31)  ; --     ; --                     ; --                       ;
; ADR[15]    ; Output   ; -- ; --   ; --   ; -- ; (0)  ; (31)  ; --     ; --                     ; --                       ;
; ADR[16]    ; Output   ; -- ; --   ; --   ; -- ; (0)  ; (31)  ; --     ; --                     ; --                       ;
; ADR[17]    ; Output   ; -- ; --   ; --   ; -- ; (0)  ; (31)  ; --     ; --                     ; --                       ;
; ADR[18]    ; Output   ; -- ; --   ; --   ; -- ; (0)  ; (31)  ; --     ; --                     ; --                       ;
; ADR[19]    ; Output   ; -- ; --   ; --   ; -- ; (0)  ; (31)  ; --     ; --                     ; --                       ;
; ADR[20]    ; Output   ; -- ; --   ; --   ; -- ; (0)  ; (31)  ; --     ; --                     ; --                       ;
; ADR[21]    ; Output   ; -- ; --   ; --   ; -- ; (0)  ; (31)  ; --     ; --                     ; --                       ;
; ADR[22]    ; Output   ; -- ; --   ; --   ; -- ; (0)  ; (31)  ; --     ; --                     ; --                       ;
; ADR[23]    ; Output   ; -- ; --   ; --   ; -- ; (0)  ; (31)  ; --     ; --                     ; --                       ;
; ADR[24]    ; Output   ; -- ; --   ; --   ; -- ; (0)  ; (31)  ; --     ; --                     ; --                       ;
; ADR[25]    ; Output   ; -- ; --   ; --   ; -- ; (0)  ; (31)  ; --     ; --                     ; --                       ;
; ADR[26]    ; Output   ; -- ; --   ; --   ; -- ; (0)  ; (31)  ; --     ; --                     ; --                       ;
; ADR[27]    ; Output   ; -- ; --   ; --   ; -- ; (0)  ; (31)  ; --     ; --                     ; --                       ;
; ADR[28]    ; Output   ; -- ; --   ; --   ; -- ; (0)  ; (31)  ; --     ; --                     ; --                       ;
; ADR[29]    ; Output   ; -- ; --   ; --   ; -- ; (0)  ; (31)  ; --     ; --                     ; --                       ;
; ADR[30]    ; Output   ; -- ; --   ; --   ; -- ; (0)  ; (31)  ; --     ; --                     ; --                       ;
; ADR[31]    ; Output   ; -- ; --   ; --   ; -- ; (0)  ; (31)  ; --     ; --                     ; --                       ;
; IRout[0]   ; Output   ; -- ; --   ; --   ; -- ; (0)  ; (31)  ; --     ; --                     ; --                       ;
; IRout[1]   ; Output   ; -- ; --   ; --   ; -- ; (0)  ; (31)  ; --     ; --                     ; --                       ;
; IRout[2]   ; Output   ; -- ; --   ; --   ; -- ; (0)  ; (31)  ; --     ; --                     ; --                       ;
; IRout[3]   ; Output   ; -- ; --   ; --   ; -- ; (0)  ; (31)  ; --     ; --                     ; --                       ;
; IRout[4]   ; Output   ; -- ; --   ; --   ; -- ; (0)  ; (31)  ; --     ; --                     ; --                       ;
; IRout[5]   ; Output   ; -- ; --   ; --   ; -- ; (0)  ; (31)  ; --     ; --                     ; --                       ;
; IRout[6]   ; Output   ; -- ; --   ; --   ; -- ; (0)  ; (31)  ; --     ; --                     ; --                       ;
; IRout[7]   ; Output   ; -- ; --   ; --   ; -- ; (0)  ; (31)  ; --     ; --                     ; --                       ;
; IRout[8]   ; Output   ; -- ; --   ; --   ; -- ; (0)  ; (31)  ; --     ; --                     ; --                       ;
; IRout[9]   ; Output   ; -- ; --   ; --   ; -- ; (0)  ; (31)  ; --     ; --                     ; --                       ;
; IRout[10]  ; Output   ; -- ; --   ; --   ; -- ; (0)  ; (31)  ; --     ; --                     ; --                       ;
; IRout[11]  ; Output   ; -- ; --   ; --   ; -- ; (0)  ; (31)  ; --     ; --                     ; --                       ;
; IRout[12]  ; Output   ; -- ; --   ; --   ; -- ; (0)  ; (31)  ; --     ; --                     ; --                       ;
; IRout[13]  ; Output   ; -- ; --   ; --   ; -- ; (0)  ; (31)  ; --     ; --                     ; --                       ;
; IRout[14]  ; Output   ; -- ; --   ; --   ; -- ; (0)  ; (31)  ; --     ; --                     ; --                       ;
; IRout[15]  ; Output   ; -- ; --   ; --   ; -- ; (0)  ; (31)  ; --     ; --                     ; --                       ;
; SEGout[0]  ; Output   ; -- ; --   ; --   ; -- ; (0)  ; (31)  ; --     ; --                     ; --                       ;
; SEGout[1]  ; Output   ; -- ; --   ; --   ; -- ; (0)  ; (31)  ; --     ; --                     ; --                       ;
; SEGout[2]  ; Output   ; -- ; --   ; --   ; -- ; (0)  ; (31)  ; --     ; --                     ; --                       ;
; SEGout[3]  ; Output   ; -- ; --   ; --   ; -- ; (0)  ; (31)  ; --     ; --                     ; --                       ;
; SEGout[4]  ; Output   ; -- ; --   ; --   ; -- ; (0)  ; (31)  ; --     ; --                     ; --                       ;
; SEGout[5]  ; Output   ; -- ; --   ; --   ; -- ; (0)  ; (31)  ; --     ; --                     ; --                       ;
; SEGout[6]  ; Output   ; -- ; --   ; --   ; -- ; (0)  ; (31)  ; --     ; --                     ; --                       ;
; SEGout[7]  ; Output   ; -- ; --   ; --   ; -- ; (0)  ; (31)  ; --     ; --                     ; --                       ;
; SEGout[8]  ; Output   ; -- ; --   ; --   ; -- ; (0)  ; (31)  ; --     ; --                     ; --                       ;
; SEGout[9]  ; Output   ; -- ; --   ; --   ; -- ; (0)  ; (31)  ; --     ; --                     ; --                       ;
; SEGout[10] ; Output   ; -- ; --   ; --   ; -- ; (0)  ; (31)  ; --     ; --                     ; --                       ;
; SEGout[11] ; Output   ; -- ; --   ; --   ; -- ; (0)  ; (31)  ; --     ; --                     ; --                       ;
; SEGout[12] ; Output   ; -- ; --   ; --   ; -- ; (0)  ; (31)  ; --     ; --                     ; --                       ;
; SEGout[13] ; Output   ; -- ; --   ; --   ; -- ; (0)  ; (31)  ; --     ; --                     ; --                       ;
; SEGout[14] ; Output   ; -- ; --   ; --   ; -- ; (0)  ; (31)  ; --     ; --                     ; --                       ;
; SEGout[15] ; Output   ; -- ; --   ; --   ; -- ; (0)  ; (31)  ; --     ; --                     ; --                       ;
; flag_C     ; Output   ; -- ; --   ; --   ; -- ; (0)  ; (31)  ; --     ; --                     ; --                       ;
; flag_Z     ; Output   ; -- ; --   ; --   ; -- ; (0)  ; (31)  ; --     ; --                     ; --                       ;
; flag_S     ; Output   ; -- ; --   ; --   ; -- ; (0)  ; (31)  ; --     ; --                     ; --                       ;
; flag_P     ; Output   ; -- ; --   ; --   ; -- ; (0)  ; (31)  ; --     ; --                     ; --                       ;
; rA_dbg[0]  ; Output   ; -- ; --   ; --   ; -- ; (0)  ; (31)  ; --     ; --                     ; --                       ;
; rA_dbg[1]  ; Output   ; -- ; --   ; --   ; -- ; (0)  ; (31)  ; --     ; --                     ; --                       ;
; rA_dbg[2]  ; Output   ; -- ; --   ; --   ; -- ; (0)  ; (31)  ; --     ; --                     ; --                       ;
; rA_dbg[3]  ; Output   ; -- ; --   ; --   ; -- ; (0)  ; (31)  ; --     ; --                     ; --                       ;
; rA_dbg[4]  ; Output   ; -- ; --   ; --   ; -- ; (0)  ; (31)  ; --     ; --                     ; --                       ;
; rA_dbg[5]  ; Output   ; -- ; --   ; --   ; -- ; (0)  ; (31)  ; --     ; --                     ; --                       ;
; rA_dbg[6]  ; Output   ; -- ; --   ; --   ; -- ; (0)  ; (31)  ; --     ; --                     ; --                       ;
; rA_dbg[7]  ; Output   ; -- ; --   ; --   ; -- ; (0)  ; (31)  ; --     ; --                     ; --                       ;
; rA_dbg[8]  ; Output   ; -- ; --   ; --   ; -- ; (0)  ; (31)  ; --     ; --                     ; --                       ;
; rA_dbg[9]  ; Output   ; -- ; --   ; --   ; -- ; (0)  ; (31)  ; --     ; --                     ; --                       ;
; rA_dbg[10] ; Output   ; -- ; --   ; --   ; -- ; (0)  ; (31)  ; --     ; --                     ; --                       ;
; rA_dbg[11] ; Output   ; -- ; --   ; --   ; -- ; (0)  ; (31)  ; --     ; --                     ; --                       ;
; rA_dbg[12] ; Output   ; -- ; --   ; --   ; -- ; (0)  ; (31)  ; --     ; --                     ; --                       ;
; rA_dbg[13] ; Output   ; -- ; --   ; --   ; -- ; (0)  ; (31)  ; --     ; --                     ; --                       ;
; rA_dbg[14] ; Output   ; -- ; --   ; --   ; -- ; (0)  ; (31)  ; --     ; --                     ; --                       ;
; rA_dbg[15] ; Output   ; -- ; --   ; --   ; -- ; (0)  ; (31)  ; --     ; --                     ; --                       ;
; rB_dbg[0]  ; Output   ; -- ; --   ; --   ; -- ; (0)  ; (31)  ; --     ; --                     ; --                       ;
; rB_dbg[1]  ; Output   ; -- ; --   ; --   ; -- ; (0)  ; (31)  ; --     ; --                     ; --                       ;
; rB_dbg[2]  ; Output   ; -- ; --   ; --   ; -- ; (0)  ; (31)  ; --     ; --                     ; --                       ;
; rB_dbg[3]  ; Output   ; -- ; --   ; --   ; -- ; (0)  ; (31)  ; --     ; --                     ; --                       ;
; rB_dbg[4]  ; Output   ; -- ; --   ; --   ; -- ; (0)  ; (31)  ; --     ; --                     ; --                       ;
; rB_dbg[5]  ; Output   ; -- ; --   ; --   ; -- ; (0)  ; (31)  ; --     ; --                     ; --                       ;
; rB_dbg[6]  ; Output   ; -- ; --   ; --   ; -- ; (0)  ; (31)  ; --     ; --                     ; --                       ;
; rB_dbg[7]  ; Output   ; -- ; --   ; --   ; -- ; (0)  ; (31)  ; --     ; --                     ; --                       ;
; rB_dbg[8]  ; Output   ; -- ; --   ; --   ; -- ; (0)  ; (31)  ; --     ; --                     ; --                       ;
; rB_dbg[9]  ; Output   ; -- ; --   ; --   ; -- ; (0)  ; (31)  ; --     ; --                     ; --                       ;
; rB_dbg[10] ; Output   ; -- ; --   ; --   ; -- ; (0)  ; (31)  ; --     ; --                     ; --                       ;
; rB_dbg[11] ; Output   ; -- ; --   ; --   ; -- ; (0)  ; (31)  ; --     ; --                     ; --                       ;
; rB_dbg[12] ; Output   ; -- ; --   ; --   ; -- ; (0)  ; (31)  ; --     ; --                     ; --                       ;
; rB_dbg[13] ; Output   ; -- ; --   ; --   ; -- ; (0)  ; (31)  ; --     ; --                     ; --                       ;
; rB_dbg[14] ; Output   ; -- ; --   ; --   ; -- ; (0)  ; (31)  ; --     ; --                     ; --                       ;
; rB_dbg[15] ; Output   ; -- ; --   ; --   ; -- ; (0)  ; (31)  ; --     ; --                     ; --                       ;
; PC_dbg[0]  ; Output   ; -- ; --   ; --   ; -- ; (0)  ; (31)  ; --     ; --                     ; --                       ;
; PC_dbg[1]  ; Output   ; -- ; --   ; --   ; -- ; (0)  ; (31)  ; --     ; --                     ; --                       ;
; PC_dbg[2]  ; Output   ; -- ; --   ; --   ; -- ; (0)  ; (31)  ; --     ; --                     ; --                       ;
; PC_dbg[3]  ; Output   ; -- ; --   ; --   ; -- ; (0)  ; (31)  ; --     ; --                     ; --                       ;
; PC_dbg[4]  ; Output   ; -- ; --   ; --   ; -- ; (0)  ; (31)  ; --     ; --                     ; --                       ;
; PC_dbg[5]  ; Output   ; -- ; --   ; --   ; -- ; (0)  ; (31)  ; --     ; --                     ; --                       ;
; PC_dbg[6]  ; Output   ; -- ; --   ; --   ; -- ; (0)  ; (31)  ; --     ; --                     ; --                       ;
; PC_dbg[7]  ; Output   ; -- ; --   ; --   ; -- ; (0)  ; (31)  ; --     ; --                     ; --                       ;
; PC_dbg[8]  ; Output   ; -- ; --   ; --   ; -- ; (0)  ; (31)  ; --     ; --                     ; --                       ;
; PC_dbg[9]  ; Output   ; -- ; --   ; --   ; -- ; (0)  ; (31)  ; --     ; --                     ; --                       ;
; PC_dbg[10] ; Output   ; -- ; --   ; --   ; -- ; (0)  ; (31)  ; --     ; --                     ; --                       ;
; PC_dbg[11] ; Output   ; -- ; --   ; --   ; -- ; (0)  ; (31)  ; --     ; --                     ; --                       ;
; PC_dbg[12] ; Output   ; -- ; --   ; --   ; -- ; (0)  ; (31)  ; --     ; --                     ; --                       ;
; PC_dbg[13] ; Output   ; -- ; --   ; --   ; -- ; (0)  ; (31)  ; --     ; --                     ; --                       ;
; PC_dbg[14] ; Output   ; -- ; --   ; --   ; -- ; (0)  ; (31)  ; --     ; --                     ; --                       ;
; PC_dbg[15] ; Output   ; -- ; --   ; --   ; -- ; (0)  ; (31)  ; --     ; --                     ; --                       ;
; Sbb[1]     ; Input    ; -- ; --   ; (0)  ; -- ; --   ; --    ; --     ; --                     ; --                       ;
; Sbb[2]     ; Input    ; -- ; --   ; (0)  ; -- ; --   ; --    ; --     ; --                     ; --                       ;
; Sbb[3]     ; Input    ; -- ; --   ; (0)  ; -- ; --   ; --    ; --     ; --                     ; --                       ;
; Sbb[0]     ; Input    ; -- ; --   ; (0)  ; -- ; --   ; --    ; --     ; --                     ; --                       ;
; Sbb[4]     ; Input    ; -- ; --   ; (0)  ; -- ; --   ; --    ; --     ; --                     ; --                       ;
; DI[0]      ; Input    ; -- ; (0)  ; --   ; -- ; --   ; --    ; --     ; --                     ; --                       ;
; DI[1]      ; Input    ; -- ; (0)  ; --   ; -- ; --   ; --    ; --     ; --                     ; --                       ;
; DI[2]      ; Input    ; -- ; (0)  ; --   ; -- ; --   ; --    ; --     ; --                     ; --                       ;
; DI[3]      ; Input    ; -- ; --   ; (0)  ; -- ; --   ; --    ; --     ; --                     ; --                       ;
; DI[4]      ; Input    ; -- ; --   ; (0)  ; -- ; --   ; --    ; --     ; --                     ; --                       ;
; DI[5]      ; Input    ; -- ; --   ; (0)  ; -- ; --   ; --    ; --     ; --                     ; --                       ;
; DI[6]      ; Input    ; -- ; (0)  ; --   ; -- ; --   ; --    ; --     ; --                     ; --                       ;
; DI[7]      ; Input    ; -- ; --   ; (0)  ; -- ; --   ; --    ; --     ; --                     ; --                       ;
; DI[8]      ; Input    ; -- ; --   ; (0)  ; -- ; --   ; --    ; --     ; --                     ; --                       ;
; DI[9]      ; Input    ; -- ; --   ; (0)  ; -- ; --   ; --    ; --     ; --                     ; --                       ;
; DI[10]     ; Input    ; -- ; --   ; (0)  ; -- ; --   ; --    ; --     ; --                     ; --                       ;
; DI[11]     ; Input    ; -- ; (0)  ; --   ; -- ; --   ; --    ; --     ; --                     ; --                       ;
; DI[12]     ; Input    ; -- ; --   ; (0)  ; -- ; --   ; --    ; --     ; --                     ; --                       ;
; DI[13]     ; Input    ; -- ; --   ; (0)  ; -- ; --   ; --    ; --     ; --                     ; --                       ;
; DI[14]     ; Input    ; -- ; --   ; (0)  ; -- ; --   ; --    ; --     ; --                     ; --                       ;
; DI[15]     ; Input    ; -- ; --   ; (0)  ; -- ; --   ; --    ; --     ; --                     ; --                       ;
; Sbc[1]     ; Input    ; -- ; --   ; (0)  ; -- ; --   ; --    ; --     ; --                     ; --                       ;
; Sbc[2]     ; Input    ; -- ; (0)  ; --   ; -- ; --   ; --    ; --     ; --                     ; --                       ;
; Sbc[3]     ; Input    ; -- ; --   ; (0)  ; -- ; --   ; --    ; --     ; --                     ; --                       ;
; Sbc[0]     ; Input    ; -- ; --   ; (0)  ; -- ; --   ; --    ; --     ; --                     ; --                       ;
; Sbc[4]     ; Input    ; -- ; --   ; (0)  ; -- ; --   ; --    ; --     ; --                     ; --                       ;
; Sa[0]      ; Input    ; -- ; (0)  ; --   ; -- ; --   ; --    ; --     ; --                     ; --                       ;
; Sa[1]      ; Input    ; -- ; --   ; (0)  ; -- ; --   ; --    ; --     ; --                     ; --                       ;
; Sas[0]     ; Input    ; -- ; (0)  ; --   ; -- ; --   ; --    ; --     ; --                     ; --                       ;
; Sas[1]     ; Input    ; -- ; (0)  ; --   ; -- ; --   ; --    ; --     ; --                     ; --                       ;
; BA[0]      ; Input    ; -- ; --   ; (0)  ; -- ; --   ; --    ; --     ; --                     ; --                       ;
; clk        ; Input    ; -- ; (0)  ; --   ; -- ; --   ; --    ; --     ; --                     ; --                       ;
; reset      ; Input    ; -- ; (0)  ; --   ; -- ; --   ; --    ; --     ; --                     ; --                       ;
; Sba[0]     ; Input    ; -- ; --   ; (0)  ; -- ; --   ; --    ; --     ; --                     ; --                       ;
; Sba[3]     ; Input    ; -- ; --   ; (0)  ; -- ; --   ; --    ; --     ; --                     ; --                       ;
; Sba[4]     ; Input    ; -- ; (0)  ; --   ; -- ; --   ; --    ; --     ; --                     ; --                       ;
; reg_we     ; Input    ; -- ; --   ; (0)  ; -- ; --   ; --    ; --     ; --                     ; --                       ;
; Sba[1]     ; Input    ; -- ; --   ; (0)  ; -- ; --   ; --    ; --     ; --                     ; --                       ;
; Sba[2]     ; Input    ; -- ; --   ; (0)  ; -- ; --   ; --    ; --     ; --                     ; --                       ;
; Sid[1]     ; Input    ; -- ; (0)  ; --   ; -- ; --   ; --    ; --     ; --                     ; --                       ;
; Sid[2]     ; Input    ; -- ; --   ; (0)  ; -- ; --   ; --    ; --     ; --                     ; --                       ;
; Sid[0]     ; Input    ; -- ; --   ; (0)  ; -- ; --   ; --    ; --     ; --                     ; --                       ;
; FI[0]      ; Input    ; -- ; --   ; (0)  ; -- ; --   ; --    ; --     ; --                     ; --                       ;
; LDF        ; Input    ; -- ; (0)  ; --   ; -- ; --   ; --    ; --     ; --                     ; --                       ;
; BA[1]      ; Input    ; -- ; --   ; (0)  ; -- ; --   ; --    ; --     ; --                     ; --                       ;
; FI[1]      ; Input    ; -- ; (0)  ; --   ; -- ; --   ; --    ; --     ; --                     ; --                       ;
; BA[2]      ; Input    ; -- ; (0)  ; --   ; -- ; --   ; --    ; --     ; --                     ; --                       ;
; FI[2]      ; Input    ; -- ; --   ; (0)  ; -- ; --   ; --    ; --     ; --                     ; --                       ;
; BA[3]      ; Input    ; -- ; --   ; (0)  ; -- ; --   ; --    ; --     ; --                     ; --                       ;
; FI[3]      ; Input    ; -- ; --   ; (0)  ; -- ; --   ; --    ; --     ; --                     ; --                       ;
; BA[4]      ; Input    ; -- ; (0)  ; --   ; -- ; --   ; --    ; --     ; --                     ; --                       ;
; BA[5]      ; Input    ; -- ; --   ; (0)  ; -- ; --   ; --    ; --     ; --                     ; --                       ;
; BA[6]      ; Input    ; -- ; (0)  ; --   ; -- ; --   ; --    ; --     ; --                     ; --                       ;
; BA[7]      ; Input    ; -- ; --   ; (0)  ; -- ; --   ; --    ; --     ; --                     ; --                       ;
; BA[8]      ; Input    ; -- ; --   ; (0)  ; -- ; --   ; --    ; --     ; --                     ; --                       ;
; BA[9]      ; Input    ; -- ; --   ; (0)  ; -- ; --   ; --    ; --     ; --                     ; --                       ;
; BA[10]     ; Input    ; -- ; --   ; (0)  ; -- ; --   ; --    ; --     ; --                     ; --                       ;
; BA[11]     ; Input    ; -- ; --   ; (0)  ; -- ; --   ; --    ; --     ; --                     ; --                       ;
; BA[12]     ; Input    ; -- ; --   ; (0)  ; -- ; --   ; --    ; --     ; --                     ; --                       ;
; BA[13]     ; Input    ; -- ; (0)  ; --   ; -- ; --   ; --    ; --     ; --                     ; --                       ;
; BA[14]     ; Input    ; -- ; --   ; (0)  ; -- ; --   ; --    ; --     ; --                     ; --                       ;
; BA[15]     ; Input    ; -- ; --   ; (0)  ; -- ; --   ; --    ; --     ; --                     ; --                       ;
+------------+----------+----+------+------+----+------+-------+--------+------------------------+--------------------------+


+-------------------------------------------------------+
; Pad To Core Delay Chain Fanout                        ;
+-------------------------+-------------------+---------+
; Source Pin / Fanout     ; Pad To Core Index ; Setting ;
+-------------------------+-------------------+---------+
; Sbb[1]                  ;                   ;         ;
;      - Add6~0           ; 1                 ; 0       ;
;      - Add6~1           ; 1                 ; 0       ;
;      - Mux623~4         ; 1                 ; 0       ;
;      - Mux613~0         ; 1                 ; 0       ;
;      - Mux623~5         ; 1                 ; 0       ;
;      - Mux623~6         ; 1                 ; 0       ;
;      - Mux623~7         ; 1                 ; 0       ;
;      - Mux622~4         ; 1                 ; 0       ;
;      - Mux622~5         ; 1                 ; 0       ;
;      - Mux622~6         ; 1                 ; 0       ;
;      - Mux622~7         ; 1                 ; 0       ;
;      - Mux621~4         ; 1                 ; 0       ;
;      - Mux621~5         ; 1                 ; 0       ;
;      - Mux621~6         ; 1                 ; 0       ;
;      - Mux621~7         ; 1                 ; 0       ;
;      - Mux620~4         ; 1                 ; 0       ;
;      - Mux620~5         ; 1                 ; 0       ;
;      - Mux620~6         ; 1                 ; 0       ;
;      - Mux620~7         ; 1                 ; 0       ;
;      - Mux619~4         ; 1                 ; 0       ;
;      - Mux619~5         ; 1                 ; 0       ;
;      - Mux619~6         ; 1                 ; 0       ;
;      - Mux619~7         ; 1                 ; 0       ;
;      - Mux618~4         ; 1                 ; 0       ;
;      - Mux618~5         ; 1                 ; 0       ;
;      - Mux618~6         ; 1                 ; 0       ;
;      - Mux618~7         ; 1                 ; 0       ;
;      - Mux617~4         ; 1                 ; 0       ;
;      - Mux617~5         ; 1                 ; 0       ;
;      - Mux617~6         ; 1                 ; 0       ;
;      - Mux617~7         ; 1                 ; 0       ;
;      - Mux616~4         ; 1                 ; 0       ;
;      - Mux616~5         ; 1                 ; 0       ;
;      - Mux616~6         ; 1                 ; 0       ;
;      - Mux616~7         ; 1                 ; 0       ;
;      - Mux615~4         ; 1                 ; 0       ;
;      - Mux615~5         ; 1                 ; 0       ;
;      - Mux615~6         ; 1                 ; 0       ;
;      - Mux615~7         ; 1                 ; 0       ;
;      - Mux614~4         ; 1                 ; 0       ;
;      - Mux614~5         ; 1                 ; 0       ;
;      - Mux614~6         ; 1                 ; 0       ;
;      - Mux614~7         ; 1                 ; 0       ;
;      - Mux613~6         ; 1                 ; 0       ;
;      - Mux613~7         ; 1                 ; 0       ;
;      - Mux613~8         ; 1                 ; 0       ;
;      - Mux613~9         ; 1                 ; 0       ;
;      - Mux612~4         ; 1                 ; 0       ;
;      - Mux612~5         ; 1                 ; 0       ;
;      - Mux612~6         ; 1                 ; 0       ;
;      - Mux612~7         ; 1                 ; 0       ;
;      - Mux611~4         ; 1                 ; 0       ;
;      - Mux611~5         ; 1                 ; 0       ;
;      - Mux611~6         ; 1                 ; 0       ;
;      - Mux611~7         ; 1                 ; 0       ;
;      - Mux610~4         ; 1                 ; 0       ;
;      - Mux610~5         ; 1                 ; 0       ;
;      - Mux610~6         ; 1                 ; 0       ;
;      - Mux610~7         ; 1                 ; 0       ;
;      - Mux609~4         ; 1                 ; 0       ;
;      - Mux609~5         ; 1                 ; 0       ;
;      - Mux609~6         ; 1                 ; 0       ;
;      - Mux609~7         ; 1                 ; 0       ;
;      - Mux608~4         ; 1                 ; 0       ;
;      - Mux608~5         ; 1                 ; 0       ;
;      - Mux608~6         ; 1                 ; 0       ;
;      - Mux608~7         ; 1                 ; 0       ;
; Sbb[2]                  ;                   ;         ;
;      - Add6~0           ; 1                 ; 0       ;
;      - Add6~1           ; 1                 ; 0       ;
;      - Mux613~0         ; 1                 ; 0       ;
;      - Mux613~1         ; 1                 ; 0       ;
;      - Mux623~9         ; 1                 ; 0       ;
;      - Mux622~9         ; 1                 ; 0       ;
;      - Mux621~9         ; 1                 ; 0       ;
;      - Mux620~9         ; 1                 ; 0       ;
;      - Mux619~9         ; 1                 ; 0       ;
;      - Mux618~9         ; 1                 ; 0       ;
;      - Mux617~9         ; 1                 ; 0       ;
;      - Mux616~9         ; 1                 ; 0       ;
;      - Mux615~9         ; 1                 ; 0       ;
;      - Mux614~9         ; 1                 ; 0       ;
;      - Mux613~11        ; 1                 ; 0       ;
;      - Mux612~9         ; 1                 ; 0       ;
;      - Mux611~9         ; 1                 ; 0       ;
;      - Mux610~9         ; 1                 ; 0       ;
;      - Mux609~9         ; 1                 ; 0       ;
;      - Mux608~9         ; 1                 ; 0       ;
; Sbb[3]                  ;                   ;         ;
;      - Add6~1           ; 1                 ; 0       ;
;      - Mux613~0         ; 1                 ; 0       ;
;      - Mux613~1         ; 1                 ; 0       ;
;      - Mux623~9         ; 1                 ; 0       ;
;      - Mux622~9         ; 1                 ; 0       ;
;      - Mux621~9         ; 1                 ; 0       ;
;      - Mux620~9         ; 1                 ; 0       ;
;      - Mux619~9         ; 1                 ; 0       ;
;      - Mux618~9         ; 1                 ; 0       ;
;      - Mux617~9         ; 1                 ; 0       ;
;      - Mux616~9         ; 1                 ; 0       ;
;      - Mux615~9         ; 1                 ; 0       ;
;      - Mux614~9         ; 1                 ; 0       ;
;      - Mux613~11        ; 1                 ; 0       ;
;      - Mux612~9         ; 1                 ; 0       ;
;      - Mux611~9         ; 1                 ; 0       ;
;      - Mux610~9         ; 1                 ; 0       ;
;      - Mux609~9         ; 1                 ; 0       ;
;      - Mux608~9         ; 1                 ; 0       ;
; Sbb[0]                  ;                   ;         ;
;      - Mux623~4         ; 1                 ; 0       ;
;      - Mux623~5         ; 1                 ; 0       ;
;      - Mux623~6         ; 1                 ; 0       ;
;      - Mux623~7         ; 1                 ; 0       ;
;      - Mux623~8         ; 1                 ; 0       ;
;      - Mux622~4         ; 1                 ; 0       ;
;      - Mux622~5         ; 1                 ; 0       ;
;      - Mux622~6         ; 1                 ; 0       ;
;      - Mux622~7         ; 1                 ; 0       ;
;      - Mux622~8         ; 1                 ; 0       ;
;      - Mux621~4         ; 1                 ; 0       ;
;      - Mux621~5         ; 1                 ; 0       ;
;      - Mux621~6         ; 1                 ; 0       ;
;      - Mux621~7         ; 1                 ; 0       ;
;      - Mux621~8         ; 1                 ; 0       ;
;      - Mux620~4         ; 1                 ; 0       ;
;      - Mux620~5         ; 1                 ; 0       ;
;      - Mux620~6         ; 1                 ; 0       ;
;      - Mux620~7         ; 1                 ; 0       ;
;      - Mux620~8         ; 1                 ; 0       ;
;      - Mux619~4         ; 1                 ; 0       ;
;      - Mux619~5         ; 1                 ; 0       ;
;      - Mux619~6         ; 1                 ; 0       ;
;      - Mux619~7         ; 1                 ; 0       ;
;      - Mux619~8         ; 1                 ; 0       ;
;      - Mux618~4         ; 1                 ; 0       ;
;      - Mux618~5         ; 1                 ; 0       ;
;      - Mux618~6         ; 1                 ; 0       ;
;      - Mux618~7         ; 1                 ; 0       ;
;      - Mux618~8         ; 1                 ; 0       ;
;      - Mux617~4         ; 1                 ; 0       ;
;      - Mux617~5         ; 1                 ; 0       ;
;      - Mux617~6         ; 1                 ; 0       ;
;      - Mux617~7         ; 1                 ; 0       ;
;      - Mux617~8         ; 1                 ; 0       ;
;      - Mux616~4         ; 1                 ; 0       ;
;      - Mux616~5         ; 1                 ; 0       ;
;      - Mux616~6         ; 1                 ; 0       ;
;      - Mux616~7         ; 1                 ; 0       ;
;      - Mux616~8         ; 1                 ; 0       ;
;      - Mux615~4         ; 1                 ; 0       ;
;      - Mux615~5         ; 1                 ; 0       ;
;      - Mux615~6         ; 1                 ; 0       ;
;      - Mux615~7         ; 1                 ; 0       ;
;      - Mux615~8         ; 1                 ; 0       ;
;      - Mux614~4         ; 1                 ; 0       ;
;      - Mux614~5         ; 1                 ; 0       ;
;      - Mux614~6         ; 1                 ; 0       ;
;      - Mux614~7         ; 1                 ; 0       ;
;      - Mux614~8         ; 1                 ; 0       ;
;      - Mux613~6         ; 1                 ; 0       ;
;      - Mux613~7         ; 1                 ; 0       ;
;      - Mux613~8         ; 1                 ; 0       ;
;      - Mux613~9         ; 1                 ; 0       ;
;      - Mux613~10        ; 1                 ; 0       ;
;      - Mux612~4         ; 1                 ; 0       ;
;      - Mux612~5         ; 1                 ; 0       ;
;      - Mux612~6         ; 1                 ; 0       ;
;      - Mux612~7         ; 1                 ; 0       ;
;      - Mux612~8         ; 1                 ; 0       ;
;      - Mux611~4         ; 1                 ; 0       ;
;      - Mux611~5         ; 1                 ; 0       ;
;      - Mux611~6         ; 1                 ; 0       ;
;      - Mux611~7         ; 1                 ; 0       ;
;      - Mux611~8         ; 1                 ; 0       ;
;      - Mux610~4         ; 1                 ; 0       ;
;      - Mux610~5         ; 1                 ; 0       ;
;      - Mux610~6         ; 1                 ; 0       ;
;      - Mux610~7         ; 1                 ; 0       ;
;      - Mux610~8         ; 1                 ; 0       ;
;      - Mux609~4         ; 1                 ; 0       ;
;      - Mux609~5         ; 1                 ; 0       ;
;      - Mux609~6         ; 1                 ; 0       ;
;      - Mux609~7         ; 1                 ; 0       ;
;      - Mux609~8         ; 1                 ; 0       ;
;      - Mux608~4         ; 1                 ; 0       ;
;      - Mux608~5         ; 1                 ; 0       ;
;      - Mux608~6         ; 1                 ; 0       ;
;      - Mux608~7         ; 1                 ; 0       ;
;      - Mux608~8         ; 1                 ; 0       ;
; Sbb[4]                  ;                   ;         ;
;      - Mux613~0         ; 1                 ; 0       ;
;      - Mux613~1         ; 1                 ; 0       ;
;      - Mux623~8         ; 1                 ; 0       ;
;      - Mux622~8         ; 1                 ; 0       ;
;      - Mux621~8         ; 1                 ; 0       ;
;      - Mux620~8         ; 1                 ; 0       ;
;      - Mux619~8         ; 1                 ; 0       ;
;      - Mux618~8         ; 1                 ; 0       ;
;      - Mux617~8         ; 1                 ; 0       ;
;      - Mux616~8         ; 1                 ; 0       ;
;      - Mux615~8         ; 1                 ; 0       ;
;      - Mux614~8         ; 1                 ; 0       ;
;      - Mux613~10        ; 1                 ; 0       ;
;      - Mux612~8         ; 1                 ; 0       ;
;      - Mux611~8         ; 1                 ; 0       ;
;      - Mux610~8         ; 1                 ; 0       ;
;      - Mux609~8         ; 1                 ; 0       ;
;      - Mux608~8         ; 1                 ; 0       ;
; DI[0]                   ;                   ;         ;
;      - Mux623~8         ; 0                 ; 0       ;
;      - Mux655~8         ; 0                 ; 0       ;
; DI[1]                   ;                   ;         ;
;      - Mux622~8         ; 0                 ; 0       ;
;      - Mux654~10        ; 0                 ; 0       ;
; DI[2]                   ;                   ;         ;
;      - Mux621~8         ; 0                 ; 0       ;
;      - Mux653~8         ; 0                 ; 0       ;
; DI[3]                   ;                   ;         ;
;      - Mux620~8         ; 1                 ; 0       ;
;      - Mux652~8         ; 1                 ; 0       ;
; DI[4]                   ;                   ;         ;
;      - Mux619~8         ; 1                 ; 0       ;
;      - Mux651~8         ; 1                 ; 0       ;
; DI[5]                   ;                   ;         ;
;      - Mux618~8         ; 1                 ; 0       ;
;      - Mux650~8         ; 1                 ; 0       ;
; DI[6]                   ;                   ;         ;
;      - Mux617~8         ; 0                 ; 0       ;
;      - Mux649~8         ; 0                 ; 0       ;
; DI[7]                   ;                   ;         ;
;      - Mux616~8         ; 1                 ; 0       ;
;      - Mux648~8         ; 1                 ; 0       ;
; DI[8]                   ;                   ;         ;
;      - Mux615~8         ; 1                 ; 0       ;
;      - Mux647~8         ; 1                 ; 0       ;
; DI[9]                   ;                   ;         ;
;      - Mux614~8         ; 1                 ; 0       ;
;      - Mux646~8         ; 1                 ; 0       ;
; DI[10]                  ;                   ;         ;
;      - Mux613~10        ; 1                 ; 0       ;
;      - Mux645~8         ; 1                 ; 0       ;
; DI[11]                  ;                   ;         ;
;      - Mux612~8         ; 0                 ; 0       ;
;      - Mux644~8         ; 0                 ; 0       ;
; DI[12]                  ;                   ;         ;
;      - Mux611~8         ; 1                 ; 0       ;
;      - Mux643~8         ; 1                 ; 0       ;
; DI[13]                  ;                   ;         ;
;      - Mux610~8         ; 1                 ; 0       ;
;      - Mux642~8         ; 1                 ; 0       ;
; DI[14]                  ;                   ;         ;
;      - Mux609~8         ; 1                 ; 0       ;
;      - Mux641~8         ; 1                 ; 0       ;
; DI[15]                  ;                   ;         ;
;      - Mux608~8         ; 1                 ; 0       ;
;      - Mux640~8         ; 1                 ; 0       ;
; Sbc[1]                  ;                   ;         ;
;      - Add7~0           ; 1                 ; 0       ;
;      - Add7~1           ; 1                 ; 0       ;
;      - Mux655~4         ; 1                 ; 0       ;
;      - Mux654~0         ; 1                 ; 0       ;
;      - Mux655~5         ; 1                 ; 0       ;
;      - Mux655~6         ; 1                 ; 0       ;
;      - Mux655~7         ; 1                 ; 0       ;
;      - Mux654~6         ; 1                 ; 0       ;
;      - Mux654~7         ; 1                 ; 0       ;
;      - Mux654~8         ; 1                 ; 0       ;
;      - Mux654~9         ; 1                 ; 0       ;
;      - Mux653~4         ; 1                 ; 0       ;
;      - Mux653~5         ; 1                 ; 0       ;
;      - Mux653~6         ; 1                 ; 0       ;
;      - Mux653~7         ; 1                 ; 0       ;
;      - Mux652~4         ; 1                 ; 0       ;
;      - Mux652~5         ; 1                 ; 0       ;
;      - Mux652~6         ; 1                 ; 0       ;
;      - Mux652~7         ; 1                 ; 0       ;
;      - Mux651~4         ; 1                 ; 0       ;
;      - Mux651~5         ; 1                 ; 0       ;
;      - Mux651~6         ; 1                 ; 0       ;
;      - Mux651~7         ; 1                 ; 0       ;
;      - Mux650~4         ; 1                 ; 0       ;
;      - Mux650~5         ; 1                 ; 0       ;
;      - Mux650~6         ; 1                 ; 0       ;
;      - Mux650~7         ; 1                 ; 0       ;
;      - Mux649~4         ; 1                 ; 0       ;
;      - Mux649~5         ; 1                 ; 0       ;
;      - Mux649~6         ; 1                 ; 0       ;
;      - Mux649~7         ; 1                 ; 0       ;
;      - Mux648~4         ; 1                 ; 0       ;
;      - Mux648~5         ; 1                 ; 0       ;
;      - Mux648~6         ; 1                 ; 0       ;
;      - Mux648~7         ; 1                 ; 0       ;
;      - Mux647~4         ; 1                 ; 0       ;
;      - Mux647~5         ; 1                 ; 0       ;
;      - Mux647~6         ; 1                 ; 0       ;
;      - Mux647~7         ; 1                 ; 0       ;
;      - Mux646~4         ; 1                 ; 0       ;
;      - Mux646~5         ; 1                 ; 0       ;
;      - Mux646~6         ; 1                 ; 0       ;
;      - Mux646~7         ; 1                 ; 0       ;
;      - Mux645~4         ; 1                 ; 0       ;
;      - Mux645~5         ; 1                 ; 0       ;
;      - Mux645~6         ; 1                 ; 0       ;
;      - Mux645~7         ; 1                 ; 0       ;
;      - Mux644~4         ; 1                 ; 0       ;
;      - Mux644~5         ; 1                 ; 0       ;
;      - Mux644~6         ; 1                 ; 0       ;
;      - Mux644~7         ; 1                 ; 0       ;
;      - Mux643~4         ; 1                 ; 0       ;
;      - Mux643~5         ; 1                 ; 0       ;
;      - Mux643~6         ; 1                 ; 0       ;
;      - Mux643~7         ; 1                 ; 0       ;
;      - Mux642~4         ; 1                 ; 0       ;
;      - Mux642~5         ; 1                 ; 0       ;
;      - Mux642~6         ; 1                 ; 0       ;
;      - Mux642~7         ; 1                 ; 0       ;
;      - Mux641~4         ; 1                 ; 0       ;
;      - Mux641~5         ; 1                 ; 0       ;
;      - Mux641~6         ; 1                 ; 0       ;
;      - Mux641~7         ; 1                 ; 0       ;
;      - Mux640~4         ; 1                 ; 0       ;
;      - Mux640~5         ; 1                 ; 0       ;
;      - Mux640~6         ; 1                 ; 0       ;
;      - Mux640~7         ; 1                 ; 0       ;
; Sbc[2]                  ;                   ;         ;
;      - Add7~0           ; 0                 ; 0       ;
;      - Add7~1           ; 0                 ; 0       ;
;      - Mux654~0         ; 0                 ; 0       ;
;      - Mux654~1         ; 0                 ; 0       ;
;      - Mux655~9         ; 0                 ; 0       ;
;      - Mux654~11        ; 0                 ; 0       ;
;      - Mux653~9         ; 0                 ; 0       ;
;      - Mux652~9         ; 0                 ; 0       ;
;      - Mux651~9         ; 0                 ; 0       ;
;      - Mux650~9         ; 0                 ; 0       ;
;      - Mux649~9         ; 0                 ; 0       ;
;      - Mux648~9         ; 0                 ; 0       ;
;      - Mux647~9         ; 0                 ; 0       ;
;      - Mux646~9         ; 0                 ; 0       ;
;      - Mux645~9         ; 0                 ; 0       ;
;      - Mux644~9         ; 0                 ; 0       ;
;      - Mux643~9         ; 0                 ; 0       ;
;      - Mux642~9         ; 0                 ; 0       ;
;      - Mux641~9         ; 0                 ; 0       ;
;      - Mux640~9         ; 0                 ; 0       ;
; Sbc[3]                  ;                   ;         ;
;      - Add7~1           ; 1                 ; 0       ;
;      - Mux654~0         ; 1                 ; 0       ;
;      - Mux654~1         ; 1                 ; 0       ;
;      - Mux655~9         ; 1                 ; 0       ;
;      - Mux654~11        ; 1                 ; 0       ;
;      - Mux653~9         ; 1                 ; 0       ;
;      - Mux652~9         ; 1                 ; 0       ;
;      - Mux651~9         ; 1                 ; 0       ;
;      - Mux650~9         ; 1                 ; 0       ;
;      - Mux649~9         ; 1                 ; 0       ;
;      - Mux648~9         ; 1                 ; 0       ;
;      - Mux647~9         ; 1                 ; 0       ;
;      - Mux646~9         ; 1                 ; 0       ;
;      - Mux645~9         ; 1                 ; 0       ;
;      - Mux644~9         ; 1                 ; 0       ;
;      - Mux643~9         ; 1                 ; 0       ;
;      - Mux642~9         ; 1                 ; 0       ;
;      - Mux641~9         ; 1                 ; 0       ;
;      - Mux640~9         ; 1                 ; 0       ;
; Sbc[0]                  ;                   ;         ;
;      - Mux655~4         ; 1                 ; 0       ;
;      - Mux655~5         ; 1                 ; 0       ;
;      - Mux655~6         ; 1                 ; 0       ;
;      - Mux655~7         ; 1                 ; 0       ;
;      - Mux655~8         ; 1                 ; 0       ;
;      - Mux654~6         ; 1                 ; 0       ;
;      - Mux654~7         ; 1                 ; 0       ;
;      - Mux654~8         ; 1                 ; 0       ;
;      - Mux654~9         ; 1                 ; 0       ;
;      - Mux654~10        ; 1                 ; 0       ;
;      - Mux653~4         ; 1                 ; 0       ;
;      - Mux653~5         ; 1                 ; 0       ;
;      - Mux653~6         ; 1                 ; 0       ;
;      - Mux653~7         ; 1                 ; 0       ;
;      - Mux653~8         ; 1                 ; 0       ;
;      - Mux652~4         ; 1                 ; 0       ;
;      - Mux652~5         ; 1                 ; 0       ;
;      - Mux652~6         ; 1                 ; 0       ;
;      - Mux652~7         ; 1                 ; 0       ;
;      - Mux652~8         ; 1                 ; 0       ;
;      - Mux651~4         ; 1                 ; 0       ;
;      - Mux651~5         ; 1                 ; 0       ;
;      - Mux651~6         ; 1                 ; 0       ;
;      - Mux651~7         ; 1                 ; 0       ;
;      - Mux651~8         ; 1                 ; 0       ;
;      - Mux650~4         ; 1                 ; 0       ;
;      - Mux650~5         ; 1                 ; 0       ;
;      - Mux650~6         ; 1                 ; 0       ;
;      - Mux650~7         ; 1                 ; 0       ;
;      - Mux650~8         ; 1                 ; 0       ;
;      - Mux649~4         ; 1                 ; 0       ;
;      - Mux649~5         ; 1                 ; 0       ;
;      - Mux649~6         ; 1                 ; 0       ;
;      - Mux649~7         ; 1                 ; 0       ;
;      - Mux649~8         ; 1                 ; 0       ;
;      - Mux648~4         ; 1                 ; 0       ;
;      - Mux648~5         ; 1                 ; 0       ;
;      - Mux648~6         ; 1                 ; 0       ;
;      - Mux648~7         ; 1                 ; 0       ;
;      - Mux648~8         ; 1                 ; 0       ;
;      - Mux647~4         ; 1                 ; 0       ;
;      - Mux647~5         ; 1                 ; 0       ;
;      - Mux647~6         ; 1                 ; 0       ;
;      - Mux647~7         ; 1                 ; 0       ;
;      - Mux647~8         ; 1                 ; 0       ;
;      - Mux646~4         ; 1                 ; 0       ;
;      - Mux646~5         ; 1                 ; 0       ;
;      - Mux646~6         ; 1                 ; 0       ;
;      - Mux646~7         ; 1                 ; 0       ;
;      - Mux646~8         ; 1                 ; 0       ;
;      - Mux645~4         ; 1                 ; 0       ;
;      - Mux645~5         ; 1                 ; 0       ;
;      - Mux645~6         ; 1                 ; 0       ;
;      - Mux645~7         ; 1                 ; 0       ;
;      - Mux645~8         ; 1                 ; 0       ;
;      - Mux644~4         ; 1                 ; 0       ;
;      - Mux644~5         ; 1                 ; 0       ;
;      - Mux644~6         ; 1                 ; 0       ;
;      - Mux644~7         ; 1                 ; 0       ;
;      - Mux644~8         ; 1                 ; 0       ;
;      - Mux643~4         ; 1                 ; 0       ;
;      - Mux643~5         ; 1                 ; 0       ;
;      - Mux643~6         ; 1                 ; 0       ;
;      - Mux643~7         ; 1                 ; 0       ;
;      - Mux643~8         ; 1                 ; 0       ;
;      - Mux642~4         ; 1                 ; 0       ;
;      - Mux642~5         ; 1                 ; 0       ;
;      - Mux642~6         ; 1                 ; 0       ;
;      - Mux642~7         ; 1                 ; 0       ;
;      - Mux642~8         ; 1                 ; 0       ;
;      - Mux641~4         ; 1                 ; 0       ;
;      - Mux641~5         ; 1                 ; 0       ;
;      - Mux641~6         ; 1                 ; 0       ;
;      - Mux641~7         ; 1                 ; 0       ;
;      - Mux641~8         ; 1                 ; 0       ;
;      - Mux640~4         ; 1                 ; 0       ;
;      - Mux640~5         ; 1                 ; 0       ;
;      - Mux640~6         ; 1                 ; 0       ;
;      - Mux640~7         ; 1                 ; 0       ;
;      - Mux640~8         ; 1                 ; 0       ;
; Sbc[4]                  ;                   ;         ;
;      - Mux654~0         ; 1                 ; 0       ;
;      - Mux654~1         ; 1                 ; 0       ;
;      - Mux655~8         ; 1                 ; 0       ;
;      - Mux654~10        ; 1                 ; 0       ;
;      - Mux653~8         ; 1                 ; 0       ;
;      - Mux652~8         ; 1                 ; 0       ;
;      - Mux651~8         ; 1                 ; 0       ;
;      - Mux650~8         ; 1                 ; 0       ;
;      - Mux649~8         ; 1                 ; 0       ;
;      - Mux648~8         ; 1                 ; 0       ;
;      - Mux647~8         ; 1                 ; 0       ;
;      - Mux646~8         ; 1                 ; 0       ;
;      - Mux645~8         ; 1                 ; 0       ;
;      - Mux644~8         ; 1                 ; 0       ;
;      - Mux643~8         ; 1                 ; 0       ;
;      - Mux642~8         ; 1                 ; 0       ;
;      - Mux641~8         ; 1                 ; 0       ;
;      - Mux640~8         ; 1                 ; 0       ;
; Sa[0]                   ;                   ;         ;
;      - Mux687~0         ; 0                 ; 0       ;
;      - Mux686~0         ; 0                 ; 0       ;
;      - Mux685~0         ; 0                 ; 0       ;
;      - Mux684~0         ; 0                 ; 0       ;
;      - Mux683~0         ; 0                 ; 0       ;
;      - Mux682~0         ; 0                 ; 0       ;
;      - Mux681~0         ; 0                 ; 0       ;
;      - Mux680~0         ; 0                 ; 0       ;
;      - Mux679~0         ; 0                 ; 0       ;
;      - Mux678~0         ; 0                 ; 0       ;
;      - Mux677~0         ; 0                 ; 0       ;
;      - Mux676~0         ; 0                 ; 0       ;
;      - Mux675~0         ; 0                 ; 0       ;
;      - Mux674~0         ; 0                 ; 0       ;
;      - Mux673~0         ; 0                 ; 0       ;
;      - Mux672~0         ; 0                 ; 0       ;
;      - Mux671~0         ; 0                 ; 0       ;
;      - Mux670~0         ; 0                 ; 0       ;
;      - Mux669~0         ; 0                 ; 0       ;
;      - Mux668~0         ; 0                 ; 0       ;
;      - Mux667~0         ; 0                 ; 0       ;
;      - Mux666~0         ; 0                 ; 0       ;
;      - Mux665~0         ; 0                 ; 0       ;
;      - Mux664~0         ; 0                 ; 0       ;
;      - Mux663~0         ; 0                 ; 0       ;
;      - Mux662~0         ; 0                 ; 0       ;
;      - Mux661~0         ; 0                 ; 0       ;
;      - Mux660~0         ; 0                 ; 0       ;
;      - Mux659~0         ; 0                 ; 0       ;
;      - Mux658~0         ; 0                 ; 0       ;
;      - Mux657~0         ; 0                 ; 0       ;
;      - Mux656~0         ; 0                 ; 0       ;
; Sa[1]                   ;                   ;         ;
;      - Mux687~0         ; 1                 ; 0       ;
;      - Mux686~0         ; 1                 ; 0       ;
;      - Mux685~0         ; 1                 ; 0       ;
;      - Mux684~0         ; 1                 ; 0       ;
;      - Mux683~0         ; 1                 ; 0       ;
;      - Mux682~0         ; 1                 ; 0       ;
;      - Mux681~0         ; 1                 ; 0       ;
;      - Mux680~0         ; 1                 ; 0       ;
;      - Mux679~0         ; 1                 ; 0       ;
;      - Mux678~0         ; 1                 ; 0       ;
;      - Mux677~0         ; 1                 ; 0       ;
;      - Mux676~0         ; 1                 ; 0       ;
;      - Mux675~0         ; 1                 ; 0       ;
;      - Mux674~0         ; 1                 ; 0       ;
;      - Mux673~0         ; 1                 ; 0       ;
;      - Mux672~0         ; 1                 ; 0       ;
;      - Mux671~0         ; 1                 ; 0       ;
;      - Mux670~0         ; 1                 ; 0       ;
;      - Mux669~0         ; 1                 ; 0       ;
;      - Mux668~0         ; 1                 ; 0       ;
;      - Mux667~0         ; 1                 ; 0       ;
;      - Mux666~0         ; 1                 ; 0       ;
;      - Mux665~0         ; 1                 ; 0       ;
;      - Mux664~0         ; 1                 ; 0       ;
;      - Mux663~0         ; 1                 ; 0       ;
;      - Mux662~0         ; 1                 ; 0       ;
;      - Mux661~0         ; 1                 ; 0       ;
;      - Mux660~0         ; 1                 ; 0       ;
;      - Mux659~0         ; 1                 ; 0       ;
;      - Mux658~0         ; 1                 ; 0       ;
;      - Mux657~0         ; 1                 ; 0       ;
;      - Mux656~0         ; 1                 ; 0       ;
; Sas[0]                  ;                   ;         ;
;      - Mux703~0         ; 0                 ; 0       ;
;      - Mux702~0         ; 0                 ; 0       ;
;      - Mux701~0         ; 0                 ; 0       ;
;      - Mux700~0         ; 0                 ; 0       ;
;      - Mux699~0         ; 0                 ; 0       ;
;      - Mux698~0         ; 0                 ; 0       ;
;      - Mux697~0         ; 0                 ; 0       ;
;      - Mux696~0         ; 0                 ; 0       ;
;      - Mux695~0         ; 0                 ; 0       ;
;      - Mux694~0         ; 0                 ; 0       ;
;      - Mux693~0         ; 0                 ; 0       ;
;      - Mux692~0         ; 0                 ; 0       ;
;      - Mux691~0         ; 0                 ; 0       ;
;      - Mux690~0         ; 0                 ; 0       ;
;      - Mux689~0         ; 0                 ; 0       ;
;      - Mux688~0         ; 0                 ; 0       ;
; Sas[1]                  ;                   ;         ;
;      - Mux703~0         ; 0                 ; 0       ;
;      - Mux702~0         ; 0                 ; 0       ;
;      - Mux701~0         ; 0                 ; 0       ;
;      - Mux700~0         ; 0                 ; 0       ;
;      - Mux699~0         ; 0                 ; 0       ;
;      - Mux698~0         ; 0                 ; 0       ;
;      - Mux697~0         ; 0                 ; 0       ;
;      - Mux696~0         ; 0                 ; 0       ;
;      - Mux695~0         ; 0                 ; 0       ;
;      - Mux694~0         ; 0                 ; 0       ;
;      - Mux693~0         ; 0                 ; 0       ;
;      - Mux692~0         ; 0                 ; 0       ;
;      - Mux691~0         ; 0                 ; 0       ;
;      - Mux690~0         ; 0                 ; 0       ;
;      - Mux689~0         ; 0                 ; 0       ;
;      - Mux688~0         ; 0                 ; 0       ;
; BA[0]                   ;                   ;         ;
;      - PC[16]           ; 1                 ; 0       ;
;      - PC[0]            ; 1                 ; 0       ;
;      - SP[16]           ; 1                 ; 0       ;
;      - SP[0]            ; 1                 ; 0       ;
;      - AD[16]           ; 1                 ; 0       ;
;      - AD[0]            ; 1                 ; 0       ;
;      - R[15][0]         ; 1                 ; 0       ;
;      - R[12][0]         ; 1                 ; 0       ;
;      - R[10][0]         ; 1                 ; 0       ;
;      - R[11][0]         ; 1                 ; 0       ;
;      - R[8][0]          ; 1                 ; 0       ;
;      - R[9][0]          ; 1                 ; 0       ;
;      - R[6][0]          ; 1                 ; 0       ;
;      - R[7][0]          ; 1                 ; 0       ;
;      - R[4][0]          ; 1                 ; 0       ;
;      - R[5][0]          ; 1                 ; 0       ;
;      - R[2][0]          ; 1                 ; 0       ;
;      - R[3][0]          ; 1                 ; 0       ;
;      - R[0][0]          ; 1                 ; 0       ;
;      - R[1][0]          ; 1                 ; 0       ;
;      - TMP[0]           ; 1                 ; 0       ;
;      - IR[0]            ; 1                 ; 0       ;
;      - SEG2_r[0]        ; 1                 ; 0       ;
;      - ATMP[0]          ; 1                 ; 0       ;
;      - ATMP[16]         ; 1                 ; 0       ;
;      - FLAGS_r~1        ; 1                 ; 0       ;
;      - SEG1_r[0]~1      ; 1                 ; 0       ;
;      - SEG3_r[0]~1      ; 1                 ; 0       ;
;      - R[13][0]~feeder  ; 1                 ; 0       ;
;      - R[14][0]~feeder  ; 1                 ; 0       ;
;      - SEG0_r[0]~feeder ; 1                 ; 0       ;
; clk                     ;                   ;         ;
; reset                   ;                   ;         ;
; Sba[0]                  ;                   ;         ;
;      - R[14][0]~0       ; 1                 ; 0       ;
;      - R[10][0]~1       ; 1                 ; 0       ;
;      - R[6][0]~2        ; 1                 ; 0       ;
;      - R[2][0]~3        ; 1                 ; 0       ;
;      - R[12][0]~4       ; 1                 ; 0       ;
;      - R[8][0]~5        ; 1                 ; 0       ;
;      - R[4][0]~6        ; 1                 ; 0       ;
;      - R[0][0]~7        ; 1                 ; 0       ;
;      - R[15][0]~8       ; 1                 ; 0       ;
;      - R[11][0]~9       ; 1                 ; 0       ;
;      - R[7][0]~10       ; 1                 ; 0       ;
;      - R[3][0]~11       ; 1                 ; 0       ;
;      - R[13][0]~12      ; 1                 ; 0       ;
;      - R[9][0]~13       ; 1                 ; 0       ;
;      - R[5][0]~14       ; 1                 ; 0       ;
;      - R[1][0]~15       ; 1                 ; 0       ;
;      - Mux215~0         ; 1                 ; 0       ;
;      - ATMP[0]~0        ; 1                 ; 0       ;
;      - Mux200~0         ; 1                 ; 0       ;
;      - ATMP[16]~1       ; 1                 ; 0       ;
;      - IR[0]~0          ; 1                 ; 0       ;
;      - SEG2_r[0]~0      ; 1                 ; 0       ;
;      - SEG1_r[0]~0      ; 1                 ; 0       ;
;      - SEG3_r[0]~0      ; 1                 ; 0       ;
;      - Mux156~0         ; 1                 ; 0       ;
;      - Mux178~0         ; 1                 ; 0       ;
;      - Mux135~0         ; 1                 ; 0       ;
;      - Mux173~0         ; 1                 ; 0       ;
;      - FLAGS_r~0        ; 1                 ; 0       ;
;      - TMP[0]~0         ; 1                 ; 0       ;
;      - SEG0_r[0]~0      ; 1                 ; 0       ;
; Sba[3]                  ;                   ;         ;
;      - R[14][0]~0       ; 1                 ; 0       ;
;      - R[10][0]~1       ; 1                 ; 0       ;
;      - R[6][0]~2        ; 1                 ; 0       ;
;      - R[2][0]~3        ; 1                 ; 0       ;
;      - R[12][0]~4       ; 1                 ; 0       ;
;      - R[8][0]~5        ; 1                 ; 0       ;
;      - R[4][0]~6        ; 1                 ; 0       ;
;      - R[0][0]~7        ; 1                 ; 0       ;
;      - R[15][0]~8       ; 1                 ; 0       ;
;      - R[11][0]~9       ; 1                 ; 0       ;
;      - R[7][0]~10       ; 1                 ; 0       ;
;      - R[3][0]~11       ; 1                 ; 0       ;
;      - R[13][0]~12      ; 1                 ; 0       ;
;      - R[9][0]~13       ; 1                 ; 0       ;
;      - R[5][0]~14       ; 1                 ; 0       ;
;      - R[1][0]~15       ; 1                 ; 0       ;
;      - Mux215~0         ; 1                 ; 0       ;
;      - ATMP[0]~0        ; 1                 ; 0       ;
;      - Mux200~0         ; 1                 ; 0       ;
;      - ATMP[16]~1       ; 1                 ; 0       ;
;      - IR[0]~0          ; 1                 ; 0       ;
;      - SEG2_r[0]~0      ; 1                 ; 0       ;
;      - SEG1_r[0]~0      ; 1                 ; 0       ;
;      - SEG3_r[0]~0      ; 1                 ; 0       ;
;      - Mux156~0         ; 1                 ; 0       ;
;      - Mux178~0         ; 1                 ; 0       ;
;      - Mux135~0         ; 1                 ; 0       ;
;      - Mux173~0         ; 1                 ; 0       ;
;      - FLAGS_r~0        ; 1                 ; 0       ;
;      - TMP[0]~0         ; 1                 ; 0       ;
;      - SEG0_r[0]~0      ; 1                 ; 0       ;
; Sba[4]                  ;                   ;         ;
;      - R[14][0]~0       ; 0                 ; 0       ;
;      - R[10][0]~1       ; 0                 ; 0       ;
;      - R[6][0]~2        ; 0                 ; 0       ;
;      - R[2][0]~3        ; 0                 ; 0       ;
;      - R[12][0]~4       ; 0                 ; 0       ;
;      - R[8][0]~5        ; 0                 ; 0       ;
;      - R[4][0]~6        ; 0                 ; 0       ;
;      - R[0][0]~7        ; 0                 ; 0       ;
;      - R[15][0]~8       ; 0                 ; 0       ;
;      - R[11][0]~9       ; 0                 ; 0       ;
;      - R[7][0]~10       ; 0                 ; 0       ;
;      - R[3][0]~11       ; 0                 ; 0       ;
;      - R[13][0]~12      ; 0                 ; 0       ;
;      - R[9][0]~13       ; 0                 ; 0       ;
;      - R[5][0]~14       ; 0                 ; 0       ;
;      - R[1][0]~15       ; 0                 ; 0       ;
;      - Mux215~0         ; 0                 ; 0       ;
;      - ATMP[0]~0        ; 0                 ; 0       ;
;      - Mux200~0         ; 0                 ; 0       ;
;      - ATMP[16]~1       ; 0                 ; 0       ;
;      - IR[0]~0          ; 0                 ; 0       ;
;      - SEG2_r[0]~0      ; 0                 ; 0       ;
;      - SEG1_r[0]~0      ; 0                 ; 0       ;
;      - SEG3_r[0]~0      ; 0                 ; 0       ;
;      - Mux156~0         ; 0                 ; 0       ;
;      - Mux178~0         ; 0                 ; 0       ;
;      - Mux135~0         ; 0                 ; 0       ;
;      - Mux173~0         ; 0                 ; 0       ;
;      - FLAGS_r~0        ; 0                 ; 0       ;
;      - TMP[0]~0         ; 0                 ; 0       ;
;      - SEG0_r[0]~0      ; 0                 ; 0       ;
; reg_we                  ;                   ;         ;
;      - R[14][0]~0       ; 1                 ; 0       ;
;      - R[10][0]~1       ; 1                 ; 0       ;
;      - R[6][0]~2        ; 1                 ; 0       ;
;      - R[2][0]~3        ; 1                 ; 0       ;
;      - R[12][0]~4       ; 1                 ; 0       ;
;      - R[8][0]~5        ; 1                 ; 0       ;
;      - R[4][0]~6        ; 1                 ; 0       ;
;      - R[0][0]~7        ; 1                 ; 0       ;
;      - R[15][0]~8       ; 1                 ; 0       ;
;      - R[11][0]~9       ; 1                 ; 0       ;
;      - R[7][0]~10       ; 1                 ; 0       ;
;      - R[3][0]~11       ; 1                 ; 0       ;
;      - R[13][0]~12      ; 1                 ; 0       ;
;      - R[9][0]~13       ; 1                 ; 0       ;
;      - R[5][0]~14       ; 1                 ; 0       ;
;      - R[1][0]~15       ; 1                 ; 0       ;
;      - AD[0]~0          ; 1                 ; 0       ;
;      - ATMP[0]~0        ; 1                 ; 0       ;
;      - AD[16]~1         ; 1                 ; 0       ;
;      - ATMP[16]~1       ; 1                 ; 0       ;
;      - IR[0]~0          ; 1                 ; 0       ;
;      - SEG2_r[0]~0      ; 1                 ; 0       ;
;      - SEG1_r[0]~0      ; 1                 ; 0       ;
;      - SEG3_r[0]~0      ; 1                 ; 0       ;
;      - PC[0]~0          ; 1                 ; 0       ;
;      - SP[0]~0          ; 1                 ; 0       ;
;      - PC[16]~1         ; 1                 ; 0       ;
;      - SP[16]~1         ; 1                 ; 0       ;
;      - FLAGS_r~0        ; 1                 ; 0       ;
;      - TMP[0]~0         ; 1                 ; 0       ;
;      - SEG0_r[0]~0      ; 1                 ; 0       ;
; Sba[1]                  ;                   ;         ;
;      - R[14][0]~0       ; 1                 ; 0       ;
;      - R[10][0]~1       ; 1                 ; 0       ;
;      - R[6][0]~2        ; 1                 ; 0       ;
;      - R[2][0]~3        ; 1                 ; 0       ;
;      - R[12][0]~4       ; 1                 ; 0       ;
;      - R[8][0]~5        ; 1                 ; 0       ;
;      - R[4][0]~6        ; 1                 ; 0       ;
;      - R[0][0]~7        ; 1                 ; 0       ;
;      - R[15][0]~8       ; 1                 ; 0       ;
;      - R[11][0]~9       ; 1                 ; 0       ;
;      - R[7][0]~10       ; 1                 ; 0       ;
;      - R[3][0]~11       ; 1                 ; 0       ;
;      - R[13][0]~12      ; 1                 ; 0       ;
;      - R[9][0]~13       ; 1                 ; 0       ;
;      - R[5][0]~14       ; 1                 ; 0       ;
;      - R[1][0]~15       ; 1                 ; 0       ;
;      - Mux215~0         ; 1                 ; 0       ;
;      - ATMP[0]~0        ; 1                 ; 0       ;
;      - Mux200~0         ; 1                 ; 0       ;
;      - ATMP[16]~1       ; 1                 ; 0       ;
;      - IR[0]~0          ; 1                 ; 0       ;
;      - SEG2_r[0]~0      ; 1                 ; 0       ;
;      - SEG1_r[0]~0      ; 1                 ; 0       ;
;      - SEG3_r[0]~0      ; 1                 ; 0       ;
;      - Mux156~0         ; 1                 ; 0       ;
;      - Mux178~0         ; 1                 ; 0       ;
;      - Mux135~0         ; 1                 ; 0       ;
;      - Mux173~0         ; 1                 ; 0       ;
;      - FLAGS_r~0        ; 1                 ; 0       ;
;      - TMP[0]~0         ; 1                 ; 0       ;
;      - SEG0_r[0]~0      ; 1                 ; 0       ;
; Sba[2]                  ;                   ;         ;
;      - R[14][0]~0       ; 1                 ; 0       ;
;      - R[10][0]~1       ; 1                 ; 0       ;
;      - R[6][0]~2        ; 1                 ; 0       ;
;      - R[2][0]~3        ; 1                 ; 0       ;
;      - R[12][0]~4       ; 1                 ; 0       ;
;      - R[8][0]~5        ; 1                 ; 0       ;
;      - R[4][0]~6        ; 1                 ; 0       ;
;      - R[0][0]~7        ; 1                 ; 0       ;
;      - R[15][0]~8       ; 1                 ; 0       ;
;      - R[11][0]~9       ; 1                 ; 0       ;
;      - R[7][0]~10       ; 1                 ; 0       ;
;      - R[3][0]~11       ; 1                 ; 0       ;
;      - R[13][0]~12      ; 1                 ; 0       ;
;      - R[9][0]~13       ; 1                 ; 0       ;
;      - R[5][0]~14       ; 1                 ; 0       ;
;      - R[1][0]~15       ; 1                 ; 0       ;
;      - Mux215~0         ; 1                 ; 0       ;
;      - ATMP[0]~0        ; 1                 ; 0       ;
;      - Mux200~0         ; 1                 ; 0       ;
;      - ATMP[16]~1       ; 1                 ; 0       ;
;      - IR[0]~0          ; 1                 ; 0       ;
;      - SEG2_r[0]~0      ; 1                 ; 0       ;
;      - SEG1_r[0]~0      ; 1                 ; 0       ;
;      - SEG3_r[0]~0      ; 1                 ; 0       ;
;      - Mux156~0         ; 1                 ; 0       ;
;      - Mux178~0         ; 1                 ; 0       ;
;      - Mux135~0         ; 1                 ; 0       ;
;      - Mux173~0         ; 1                 ; 0       ;
;      - FLAGS_r~0        ; 1                 ; 0       ;
;      - TMP[0]~0         ; 1                 ; 0       ;
;      - SEG0_r[0]~0      ; 1                 ; 0       ;
; Sid[1]                  ;                   ;         ;
;      - AD[0]~0          ; 0                 ; 0       ;
;      - AD[16]~1         ; 0                 ; 0       ;
;      - PC[0]~0          ; 0                 ; 0       ;
;      - SP[0]~0          ; 0                 ; 0       ;
;      - PC[16]~1         ; 0                 ; 0       ;
;      - SP[16]~1         ; 0                 ; 0       ;
; Sid[2]                  ;                   ;         ;
;      - AD[0]~0          ; 1                 ; 0       ;
;      - AD[16]~1         ; 1                 ; 0       ;
;      - PC[0]~0          ; 1                 ; 0       ;
;      - SP[0]~0          ; 1                 ; 0       ;
;      - PC[16]~1         ; 1                 ; 0       ;
;      - SP[16]~1         ; 1                 ; 0       ;
; Sid[0]                  ;                   ;         ;
;      - Add1~9           ; 1                 ; 0       ;
;      - Add1~17          ; 1                 ; 0       ;
;      - Add1~25          ; 1                 ; 0       ;
;      - Add1~33          ; 1                 ; 0       ;
;      - Add1~41          ; 1                 ; 0       ;
;      - Add1~49          ; 1                 ; 0       ;
;      - Add1~57          ; 1                 ; 0       ;
;      - Add1~65          ; 1                 ; 0       ;
;      - Add1~73          ; 1                 ; 0       ;
;      - Add1~81          ; 1                 ; 0       ;
;      - Add1~89          ; 1                 ; 0       ;
;      - Add1~97          ; 1                 ; 0       ;
;      - Add1~105         ; 1                 ; 0       ;
;      - Add1~113         ; 1                 ; 0       ;
;      - Add1~121         ; 1                 ; 0       ;
;      - Add1~5           ; 1                 ; 0       ;
;      - Add1~13          ; 1                 ; 0       ;
;      - Add1~21          ; 1                 ; 0       ;
;      - Add1~29          ; 1                 ; 0       ;
;      - Add1~37          ; 1                 ; 0       ;
;      - Add1~45          ; 1                 ; 0       ;
;      - Add1~53          ; 1                 ; 0       ;
;      - Add1~61          ; 1                 ; 0       ;
;      - Add1~69          ; 1                 ; 0       ;
;      - Add1~77          ; 1                 ; 0       ;
;      - Add1~85          ; 1                 ; 0       ;
;      - Add1~93          ; 1                 ; 0       ;
;      - Add1~101         ; 1                 ; 0       ;
;      - Add1~109         ; 1                 ; 0       ;
;      - Add1~117         ; 1                 ; 0       ;
;      - Add1~125         ; 1                 ; 0       ;
;      - Add3~9           ; 1                 ; 0       ;
;      - Add3~17          ; 1                 ; 0       ;
;      - Add3~25          ; 1                 ; 0       ;
;      - Add3~33          ; 1                 ; 0       ;
;      - Add3~41          ; 1                 ; 0       ;
;      - Add3~49          ; 1                 ; 0       ;
;      - Add3~57          ; 1                 ; 0       ;
;      - Add3~65          ; 1                 ; 0       ;
;      - Add3~73          ; 1                 ; 0       ;
;      - Add3~81          ; 1                 ; 0       ;
;      - Add3~89          ; 1                 ; 0       ;
;      - Add3~97          ; 1                 ; 0       ;
;      - Add3~105         ; 1                 ; 0       ;
;      - Add3~113         ; 1                 ; 0       ;
;      - Add3~121         ; 1                 ; 0       ;
;      - Add3~5           ; 1                 ; 0       ;
;      - Add3~13          ; 1                 ; 0       ;
;      - Add3~21          ; 1                 ; 0       ;
;      - Add3~29          ; 1                 ; 0       ;
;      - Add3~37          ; 1                 ; 0       ;
;      - Add3~45          ; 1                 ; 0       ;
;      - Add3~53          ; 1                 ; 0       ;
;      - Add3~61          ; 1                 ; 0       ;
;      - Add3~69          ; 1                 ; 0       ;
;      - Add3~77          ; 1                 ; 0       ;
;      - Add3~85          ; 1                 ; 0       ;
;      - Add3~93          ; 1                 ; 0       ;
;      - Add3~101         ; 1                 ; 0       ;
;      - Add3~109         ; 1                 ; 0       ;
;      - Add3~117         ; 1                 ; 0       ;
;      - Add3~125         ; 1                 ; 0       ;
;      - PC[0]~0          ; 1                 ; 0       ;
;      - PC[16]~1         ; 1                 ; 0       ;
; FI[0]                   ;                   ;         ;
;      - FLAGS_r~1        ; 1                 ; 0       ;
; LDF                     ;                   ;         ;
;      - FLAGS_r[0]~2     ; 0                 ; 0       ;
; BA[1]                   ;                   ;         ;
;      - PC[17]           ; 1                 ; 0       ;
;      - PC[1]            ; 1                 ; 0       ;
;      - SP[17]           ; 1                 ; 0       ;
;      - SP[1]            ; 1                 ; 0       ;
;      - AD[17]           ; 1                 ; 0       ;
;      - AD[1]            ; 1                 ; 0       ;
;      - R[14][1]         ; 1                 ; 0       ;
;      - R[12][1]         ; 1                 ; 0       ;
;      - R[13][1]         ; 1                 ; 0       ;
;      - R[10][1]         ; 1                 ; 0       ;
;      - R[11][1]         ; 1                 ; 0       ;
;      - R[8][1]          ; 1                 ; 0       ;
;      - R[6][1]          ; 1                 ; 0       ;
;      - R[7][1]          ; 1                 ; 0       ;
;      - R[4][1]          ; 1                 ; 0       ;
;      - R[5][1]          ; 1                 ; 0       ;
;      - R[2][1]          ; 1                 ; 0       ;
;      - R[3][1]          ; 1                 ; 0       ;
;      - R[0][1]          ; 1                 ; 0       ;
;      - R[1][1]          ; 1                 ; 0       ;
;      - TMP[1]           ; 1                 ; 0       ;
;      - SEG0_r[1]        ; 1                 ; 0       ;
;      - IR[1]            ; 1                 ; 0       ;
;      - SEG1_r[1]        ; 1                 ; 0       ;
;      - FLAGS_r~3        ; 1                 ; 0       ;
;      - SEG2_r[1]~1      ; 1                 ; 0       ;
;      - SEG3_r[1]~2      ; 1                 ; 0       ;
;      - R[9][1]~feeder   ; 1                 ; 0       ;
;      - R[15][1]~feeder  ; 1                 ; 0       ;
;      - ATMP[17]~feeder  ; 1                 ; 0       ;
;      - ATMP[1]~feeder   ; 1                 ; 0       ;
; FI[1]                   ;                   ;         ;
;      - FLAGS_r~3        ; 0                 ; 0       ;
; BA[2]                   ;                   ;         ;
;      - PC[18]           ; 0                 ; 0       ;
;      - PC[2]            ; 0                 ; 0       ;
;      - SP[18]           ; 0                 ; 0       ;
;      - SP[2]            ; 0                 ; 0       ;
;      - AD[18]           ; 0                 ; 0       ;
;      - AD[2]            ; 0                 ; 0       ;
;      - R[14][2]         ; 0                 ; 0       ;
;      - R[15][2]         ; 0                 ; 0       ;
;      - R[12][2]         ; 0                 ; 0       ;
;      - R[13][2]         ; 0                 ; 0       ;
;      - R[10][2]         ; 0                 ; 0       ;
;      - R[11][2]         ; 0                 ; 0       ;
;      - R[8][2]          ; 0                 ; 0       ;
;      - R[9][2]          ; 0                 ; 0       ;
;      - R[6][2]          ; 0                 ; 0       ;
;      - R[7][2]          ; 0                 ; 0       ;
;      - R[4][2]          ; 0                 ; 0       ;
;      - R[5][2]          ; 0                 ; 0       ;
;      - R[2][2]          ; 0                 ; 0       ;
;      - R[3][2]          ; 0                 ; 0       ;
;      - R[0][2]          ; 0                 ; 0       ;
;      - R[1][2]          ; 0                 ; 0       ;
;      - TMP[2]           ; 0                 ; 0       ;
;      - SEG0_r[2]        ; 0                 ; 0       ;
;      - IR[2]            ; 0                 ; 0       ;
;      - SEG1_r[2]        ; 0                 ; 0       ;
;      - SEG2_r[2]        ; 0                 ; 0       ;
;      - SEG3_r[2]        ; 0                 ; 0       ;
;      - ATMP[2]          ; 0                 ; 0       ;
;      - ATMP[18]         ; 0                 ; 0       ;
;      - FLAGS_r~4        ; 0                 ; 0       ;
; FI[2]                   ;                   ;         ;
;      - FLAGS_r~4        ; 1                 ; 0       ;
; BA[3]                   ;                   ;         ;
;      - PC[19]           ; 1                 ; 0       ;
;      - PC[3]            ; 1                 ; 0       ;
;      - SP[19]           ; 1                 ; 0       ;
;      - SP[3]            ; 1                 ; 0       ;
;      - AD[19]           ; 1                 ; 0       ;
;      - AD[3]            ; 1                 ; 0       ;
;      - R[14][3]         ; 1                 ; 0       ;
;      - R[13][3]         ; 1                 ; 0       ;
;      - R[10][3]         ; 1                 ; 0       ;
;      - R[11][3]         ; 1                 ; 0       ;
;      - R[9][3]          ; 1                 ; 0       ;
;      - R[6][3]          ; 1                 ; 0       ;
;      - R[7][3]          ; 1                 ; 0       ;
;      - R[4][3]          ; 1                 ; 0       ;
;      - R[5][3]          ; 1                 ; 0       ;
;      - R[2][3]          ; 1                 ; 0       ;
;      - R[3][3]          ; 1                 ; 0       ;
;      - R[0][3]          ; 1                 ; 0       ;
;      - R[1][3]          ; 1                 ; 0       ;
;      - TMP[3]           ; 1                 ; 0       ;
;      - SEG0_r[3]        ; 1                 ; 0       ;
;      - IR[3]            ; 1                 ; 0       ;
;      - SEG1_r[3]        ; 1                 ; 0       ;
;      - SEG2_r[3]        ; 1                 ; 0       ;
;      - SEG3_r[3]        ; 1                 ; 0       ;
;      - ATMP[3]          ; 1                 ; 0       ;
;      - ATMP[19]         ; 1                 ; 0       ;
;      - FLAGS_r~5        ; 1                 ; 0       ;
;      - R[8][3]~feeder   ; 1                 ; 0       ;
;      - R[12][3]~feeder  ; 1                 ; 0       ;
;      - R[15][3]~feeder  ; 1                 ; 0       ;
; FI[3]                   ;                   ;         ;
;      - FLAGS_r~5        ; 1                 ; 0       ;
; BA[4]                   ;                   ;         ;
;      - PC[20]           ; 0                 ; 0       ;
;      - PC[4]            ; 0                 ; 0       ;
;      - SP[20]           ; 0                 ; 0       ;
;      - SP[4]            ; 0                 ; 0       ;
;      - AD[20]           ; 0                 ; 0       ;
;      - AD[4]            ; 0                 ; 0       ;
;      - R[12][4]         ; 0                 ; 0       ;
;      - R[13][4]         ; 0                 ; 0       ;
;      - R[11][4]         ; 0                 ; 0       ;
;      - R[6][4]          ; 0                 ; 0       ;
;      - R[7][4]          ; 0                 ; 0       ;
;      - R[4][4]          ; 0                 ; 0       ;
;      - R[5][4]          ; 0                 ; 0       ;
;      - R[2][4]          ; 0                 ; 0       ;
;      - R[3][4]          ; 0                 ; 0       ;
;      - R[0][4]          ; 0                 ; 0       ;
;      - R[1][4]          ; 0                 ; 0       ;
;      - TMP[4]           ; 0                 ; 0       ;
;      - FLAGS_r[4]       ; 0                 ; 0       ;
;      - SEG0_r[4]        ; 0                 ; 0       ;
;      - IR[4]            ; 0                 ; 0       ;
;      - SEG1_r[4]        ; 0                 ; 0       ;
;      - SEG2_r[4]        ; 0                 ; 0       ;
;      - SEG3_r[4]        ; 0                 ; 0       ;
;      - ATMP[4]          ; 0                 ; 0       ;
;      - ATMP[20]         ; 0                 ; 0       ;
;      - R[10][4]~feeder  ; 0                 ; 0       ;
;      - R[8][4]~feeder   ; 0                 ; 0       ;
;      - R[9][4]~feeder   ; 0                 ; 0       ;
;      - R[15][4]~feeder  ; 0                 ; 0       ;
;      - R[14][4]~feeder  ; 0                 ; 0       ;
; BA[5]                   ;                   ;         ;
;      - PC[21]           ; 1                 ; 0       ;
;      - PC[5]            ; 1                 ; 0       ;
;      - SP[21]           ; 1                 ; 0       ;
;      - SP[5]            ; 1                 ; 0       ;
;      - AD[21]           ; 1                 ; 0       ;
;      - AD[5]            ; 1                 ; 0       ;
;      - R[14][5]         ; 1                 ; 0       ;
;      - R[15][5]         ; 1                 ; 0       ;
;      - R[13][5]         ; 1                 ; 0       ;
;      - R[10][5]         ; 1                 ; 0       ;
;      - R[11][5]         ; 1                 ; 0       ;
;      - R[8][5]          ; 1                 ; 0       ;
;      - R[6][5]          ; 1                 ; 0       ;
;      - R[7][5]          ; 1                 ; 0       ;
;      - R[4][5]          ; 1                 ; 0       ;
;      - R[5][5]          ; 1                 ; 0       ;
;      - R[2][5]          ; 1                 ; 0       ;
;      - R[3][5]          ; 1                 ; 0       ;
;      - R[0][5]          ; 1                 ; 0       ;
;      - R[1][5]          ; 1                 ; 0       ;
;      - TMP[5]           ; 1                 ; 0       ;
;      - FLAGS_r[5]       ; 1                 ; 0       ;
;      - SEG0_r[5]        ; 1                 ; 0       ;
;      - SEG1_r[5]        ; 1                 ; 0       ;
;      - SEG2_r[5]        ; 1                 ; 0       ;
;      - SEG3_r[5]        ; 1                 ; 0       ;
;      - ATMP[5]          ; 1                 ; 0       ;
;      - ATMP[21]         ; 1                 ; 0       ;
;      - R[12][5]~feeder  ; 1                 ; 0       ;
;      - R[9][5]~feeder   ; 1                 ; 0       ;
;      - IR[5]~feeder     ; 1                 ; 0       ;
; BA[6]                   ;                   ;         ;
;      - PC[22]           ; 0                 ; 0       ;
;      - PC[6]            ; 0                 ; 0       ;
;      - SP[22]           ; 0                 ; 0       ;
;      - SP[6]            ; 0                 ; 0       ;
;      - AD[22]           ; 0                 ; 0       ;
;      - AD[6]            ; 0                 ; 0       ;
;      - R[12][6]         ; 0                 ; 0       ;
;      - R[10][6]         ; 0                 ; 0       ;
;      - R[11][6]         ; 0                 ; 0       ;
;      - R[8][6]          ; 0                 ; 0       ;
;      - R[9][6]          ; 0                 ; 0       ;
;      - R[6][6]          ; 0                 ; 0       ;
;      - R[7][6]          ; 0                 ; 0       ;
;      - R[4][6]          ; 0                 ; 0       ;
;      - R[5][6]          ; 0                 ; 0       ;
;      - R[2][6]          ; 0                 ; 0       ;
;      - R[3][6]          ; 0                 ; 0       ;
;      - R[0][6]          ; 0                 ; 0       ;
;      - R[1][6]          ; 0                 ; 0       ;
;      - TMP[6]           ; 0                 ; 0       ;
;      - FLAGS_r[6]       ; 0                 ; 0       ;
;      - SEG0_r[6]        ; 0                 ; 0       ;
;      - SEG2_r[6]        ; 0                 ; 0       ;
;      - SEG3_r[6]        ; 0                 ; 0       ;
;      - ATMP[6]          ; 0                 ; 0       ;
;      - ATMP[22]         ; 0                 ; 0       ;
;      - SEG1_r[6]~feeder ; 0                 ; 0       ;
;      - IR[6]~feeder     ; 0                 ; 0       ;
;      - R[14][6]~feeder  ; 0                 ; 0       ;
;      - R[15][6]~feeder  ; 0                 ; 0       ;
;      - R[13][6]~feeder  ; 0                 ; 0       ;
; BA[7]                   ;                   ;         ;
;      - PC[23]           ; 1                 ; 0       ;
;      - PC[7]            ; 1                 ; 0       ;
;      - SP[23]           ; 1                 ; 0       ;
;      - SP[7]            ; 1                 ; 0       ;
;      - AD[23]           ; 1                 ; 0       ;
;      - AD[7]            ; 1                 ; 0       ;
;      - R[14][7]         ; 1                 ; 0       ;
;      - R[15][7]         ; 1                 ; 0       ;
;      - R[13][7]         ; 1                 ; 0       ;
;      - R[11][7]         ; 1                 ; 0       ;
;      - R[6][7]          ; 1                 ; 0       ;
;      - R[7][7]          ; 1                 ; 0       ;
;      - R[4][7]          ; 1                 ; 0       ;
;      - R[5][7]          ; 1                 ; 0       ;
;      - R[2][7]          ; 1                 ; 0       ;
;      - R[3][7]          ; 1                 ; 0       ;
;      - R[0][7]          ; 1                 ; 0       ;
;      - R[1][7]          ; 1                 ; 0       ;
;      - TMP[7]           ; 1                 ; 0       ;
;      - FLAGS_r[7]       ; 1                 ; 0       ;
;      - SEG0_r[7]        ; 1                 ; 0       ;
;      - SEG1_r[7]        ; 1                 ; 0       ;
;      - SEG2_r[7]        ; 1                 ; 0       ;
;      - SEG3_r[7]        ; 1                 ; 0       ;
;      - ATMP[7]          ; 1                 ; 0       ;
;      - ATMP[23]         ; 1                 ; 0       ;
;      - R[10][7]~feeder  ; 1                 ; 0       ;
;      - R[12][7]~feeder  ; 1                 ; 0       ;
;      - R[9][7]~feeder   ; 1                 ; 0       ;
;      - R[8][7]~feeder   ; 1                 ; 0       ;
;      - IR[7]~feeder     ; 1                 ; 0       ;
; BA[8]                   ;                   ;         ;
;      - PC[24]           ; 1                 ; 0       ;
;      - PC[8]            ; 1                 ; 0       ;
;      - SP[24]           ; 1                 ; 0       ;
;      - SP[8]            ; 1                 ; 0       ;
;      - AD[24]           ; 1                 ; 0       ;
;      - AD[8]            ; 1                 ; 0       ;
;      - R[14][8]         ; 1                 ; 0       ;
;      - R[8][8]          ; 1                 ; 0       ;
;      - R[6][8]          ; 1                 ; 0       ;
;      - R[7][8]          ; 1                 ; 0       ;
;      - R[4][8]          ; 1                 ; 0       ;
;      - R[5][8]          ; 1                 ; 0       ;
;      - R[2][8]          ; 1                 ; 0       ;
;      - R[3][8]          ; 1                 ; 0       ;
;      - R[0][8]          ; 1                 ; 0       ;
;      - R[1][8]          ; 1                 ; 0       ;
;      - TMP[8]           ; 1                 ; 0       ;
;      - FLAGS_r[8]       ; 1                 ; 0       ;
;      - SEG0_r[8]        ; 1                 ; 0       ;
;      - IR[8]            ; 1                 ; 0       ;
;      - SEG1_r[8]        ; 1                 ; 0       ;
;      - SEG2_r[8]        ; 1                 ; 0       ;
;      - SEG3_r[8]        ; 1                 ; 0       ;
;      - ATMP[8]          ; 1                 ; 0       ;
;      - ATMP[24]         ; 1                 ; 0       ;
;      - R[13][8]~feeder  ; 1                 ; 0       ;
;      - R[9][8]~feeder   ; 1                 ; 0       ;
;      - R[12][8]~feeder  ; 1                 ; 0       ;
;      - R[10][8]~feeder  ; 1                 ; 0       ;
;      - R[15][8]~feeder  ; 1                 ; 0       ;
;      - R[11][8]~feeder  ; 1                 ; 0       ;
; BA[9]                   ;                   ;         ;
;      - PC[25]           ; 1                 ; 0       ;
;      - PC[9]            ; 1                 ; 0       ;
;      - SP[25]           ; 1                 ; 0       ;
;      - SP[9]            ; 1                 ; 0       ;
;      - AD[25]           ; 1                 ; 0       ;
;      - AD[9]            ; 1                 ; 0       ;
;      - R[14][9]         ; 1                 ; 0       ;
;      - R[10][9]         ; 1                 ; 0       ;
;      - R[11][9]         ; 1                 ; 0       ;
;      - R[6][9]          ; 1                 ; 0       ;
;      - R[7][9]          ; 1                 ; 0       ;
;      - R[4][9]          ; 1                 ; 0       ;
;      - R[5][9]          ; 1                 ; 0       ;
;      - R[2][9]          ; 1                 ; 0       ;
;      - R[3][9]          ; 1                 ; 0       ;
;      - R[0][9]          ; 1                 ; 0       ;
;      - R[1][9]          ; 1                 ; 0       ;
;      - TMP[9]           ; 1                 ; 0       ;
;      - FLAGS_r[9]       ; 1                 ; 0       ;
;      - SEG0_r[9]        ; 1                 ; 0       ;
;      - IR[9]            ; 1                 ; 0       ;
;      - SEG1_r[9]        ; 1                 ; 0       ;
;      - SEG2_r[9]        ; 1                 ; 0       ;
;      - SEG3_r[9]        ; 1                 ; 0       ;
;      - ATMP[9]          ; 1                 ; 0       ;
;      - ATMP[25]         ; 1                 ; 0       ;
;      - R[15][9]~feeder  ; 1                 ; 0       ;
;      - R[9][9]~feeder   ; 1                 ; 0       ;
;      - R[13][9]~feeder  ; 1                 ; 0       ;
;      - R[12][9]~feeder  ; 1                 ; 0       ;
;      - R[8][9]~feeder   ; 1                 ; 0       ;
; BA[10]                  ;                   ;         ;
;      - PC[26]           ; 1                 ; 0       ;
;      - PC[10]           ; 1                 ; 0       ;
;      - SP[26]           ; 1                 ; 0       ;
;      - SP[10]           ; 1                 ; 0       ;
;      - AD[26]           ; 1                 ; 0       ;
;      - AD[10]           ; 1                 ; 0       ;
;      - R[14][10]        ; 1                 ; 0       ;
;      - R[15][10]        ; 1                 ; 0       ;
;      - R[12][10]        ; 1                 ; 0       ;
;      - R[13][10]        ; 1                 ; 0       ;
;      - R[8][10]         ; 1                 ; 0       ;
;      - R[9][10]         ; 1                 ; 0       ;
;      - R[6][10]         ; 1                 ; 0       ;
;      - R[7][10]         ; 1                 ; 0       ;
;      - R[4][10]         ; 1                 ; 0       ;
;      - R[5][10]         ; 1                 ; 0       ;
;      - R[2][10]         ; 1                 ; 0       ;
;      - R[3][10]         ; 1                 ; 0       ;
;      - R[0][10]         ; 1                 ; 0       ;
;      - R[1][10]         ; 1                 ; 0       ;
;      - TMP[10]          ; 1                 ; 0       ;
;      - FLAGS_r[10]      ; 1                 ; 0       ;
;      - SEG0_r[10]       ; 1                 ; 0       ;
;      - SEG1_r[10]       ; 1                 ; 0       ;
;      - SEG2_r[10]       ; 1                 ; 0       ;
;      - SEG3_r[10]       ; 1                 ; 0       ;
;      - ATMP[10]         ; 1                 ; 0       ;
;      - ATMP[26]         ; 1                 ; 0       ;
;      - IR[10]~feeder    ; 1                 ; 0       ;
;      - R[11][10]~feeder ; 1                 ; 0       ;
;      - R[10][10]~feeder ; 1                 ; 0       ;
; BA[11]                  ;                   ;         ;
;      - PC[27]           ; 1                 ; 0       ;
;      - PC[11]           ; 1                 ; 0       ;
;      - SP[27]           ; 1                 ; 0       ;
;      - SP[11]           ; 1                 ; 0       ;
;      - AD[27]           ; 1                 ; 0       ;
;      - AD[11]           ; 1                 ; 0       ;
;      - R[14][11]        ; 1                 ; 0       ;
;      - R[15][11]        ; 1                 ; 0       ;
;      - R[13][11]        ; 1                 ; 0       ;
;      - R[10][11]        ; 1                 ; 0       ;
;      - R[11][11]        ; 1                 ; 0       ;
;      - R[9][11]         ; 1                 ; 0       ;
;      - R[6][11]         ; 1                 ; 0       ;
;      - R[7][11]         ; 1                 ; 0       ;
;      - R[4][11]         ; 1                 ; 0       ;
;      - R[5][11]         ; 1                 ; 0       ;
;      - R[2][11]         ; 1                 ; 0       ;
;      - R[3][11]         ; 1                 ; 0       ;
;      - R[0][11]         ; 1                 ; 0       ;
;      - R[1][11]         ; 1                 ; 0       ;
;      - TMP[11]          ; 1                 ; 0       ;
;      - FLAGS_r[11]      ; 1                 ; 0       ;
;      - SEG0_r[11]       ; 1                 ; 0       ;
;      - IR[11]           ; 1                 ; 0       ;
;      - SEG1_r[11]       ; 1                 ; 0       ;
;      - SEG2_r[11]       ; 1                 ; 0       ;
;      - SEG3_r[11]       ; 1                 ; 0       ;
;      - ATMP[11]         ; 1                 ; 0       ;
;      - ATMP[27]         ; 1                 ; 0       ;
;      - R[12][11]~feeder ; 1                 ; 0       ;
;      - R[8][11]~feeder  ; 1                 ; 0       ;
; BA[12]                  ;                   ;         ;
;      - PC[28]           ; 1                 ; 0       ;
;      - PC[12]           ; 1                 ; 0       ;
;      - SP[28]           ; 1                 ; 0       ;
;      - SP[12]           ; 1                 ; 0       ;
;      - AD[28]           ; 1                 ; 0       ;
;      - AD[12]           ; 1                 ; 0       ;
;      - R[14][12]        ; 1                 ; 0       ;
;      - R[15][12]        ; 1                 ; 0       ;
;      - R[12][12]        ; 1                 ; 0       ;
;      - R[11][12]        ; 1                 ; 0       ;
;      - R[6][12]         ; 1                 ; 0       ;
;      - R[7][12]         ; 1                 ; 0       ;
;      - R[4][12]         ; 1                 ; 0       ;
;      - R[5][12]         ; 1                 ; 0       ;
;      - R[2][12]         ; 1                 ; 0       ;
;      - R[3][12]         ; 1                 ; 0       ;
;      - R[0][12]         ; 1                 ; 0       ;
;      - R[1][12]         ; 1                 ; 0       ;
;      - TMP[12]          ; 1                 ; 0       ;
;      - FLAGS_r[12]      ; 1                 ; 0       ;
;      - SEG0_r[12]       ; 1                 ; 0       ;
;      - IR[12]           ; 1                 ; 0       ;
;      - SEG1_r[12]       ; 1                 ; 0       ;
;      - SEG2_r[12]       ; 1                 ; 0       ;
;      - SEG3_r[12]       ; 1                 ; 0       ;
;      - ATMP[12]         ; 1                 ; 0       ;
;      - ATMP[28]         ; 1                 ; 0       ;
;      - R[10][12]~feeder ; 1                 ; 0       ;
;      - R[8][12]~feeder  ; 1                 ; 0       ;
;      - R[9][12]~feeder  ; 1                 ; 0       ;
;      - R[13][12]~feeder ; 1                 ; 0       ;
; BA[13]                  ;                   ;         ;
;      - PC[29]           ; 0                 ; 0       ;
;      - PC[13]           ; 0                 ; 0       ;
;      - SP[29]           ; 0                 ; 0       ;
;      - SP[13]           ; 0                 ; 0       ;
;      - AD[29]           ; 0                 ; 0       ;
;      - AD[13]           ; 0                 ; 0       ;
;      - R[14][13]        ; 0                 ; 0       ;
;      - R[12][13]        ; 0                 ; 0       ;
;      - R[13][13]        ; 0                 ; 0       ;
;      - R[8][13]         ; 0                 ; 0       ;
;      - R[9][13]         ; 0                 ; 0       ;
;      - R[6][13]         ; 0                 ; 0       ;
;      - R[7][13]         ; 0                 ; 0       ;
;      - R[4][13]         ; 0                 ; 0       ;
;      - R[5][13]         ; 0                 ; 0       ;
;      - R[2][13]         ; 0                 ; 0       ;
;      - R[3][13]         ; 0                 ; 0       ;
;      - R[0][13]         ; 0                 ; 0       ;
;      - R[1][13]         ; 0                 ; 0       ;
;      - TMP[13]          ; 0                 ; 0       ;
;      - FLAGS_r[13]      ; 0                 ; 0       ;
;      - SEG0_r[13]       ; 0                 ; 0       ;
;      - IR[13]           ; 0                 ; 0       ;
;      - SEG1_r[13]       ; 0                 ; 0       ;
;      - SEG2_r[13]       ; 0                 ; 0       ;
;      - SEG3_r[13]       ; 0                 ; 0       ;
;      - ATMP[29]         ; 0                 ; 0       ;
;      - R[10][13]~feeder ; 0                 ; 0       ;
;      - R[11][13]~feeder ; 0                 ; 0       ;
;      - R[15][13]~feeder ; 0                 ; 0       ;
;      - ATMP[13]~feeder  ; 0                 ; 0       ;
; BA[14]                  ;                   ;         ;
;      - PC[30]           ; 1                 ; 0       ;
;      - PC[14]           ; 1                 ; 0       ;
;      - SP[30]           ; 1                 ; 0       ;
;      - SP[14]           ; 1                 ; 0       ;
;      - AD[30]           ; 1                 ; 0       ;
;      - AD[14]           ; 1                 ; 0       ;
;      - R[14][14]        ; 1                 ; 0       ;
;      - R[12][14]        ; 1                 ; 0       ;
;      - R[13][14]        ; 1                 ; 0       ;
;      - R[10][14]        ; 1                 ; 0       ;
;      - R[11][14]        ; 1                 ; 0       ;
;      - R[8][14]         ; 1                 ; 0       ;
;      - R[9][14]         ; 1                 ; 0       ;
;      - R[6][14]         ; 1                 ; 0       ;
;      - R[7][14]         ; 1                 ; 0       ;
;      - R[4][14]         ; 1                 ; 0       ;
;      - R[5][14]         ; 1                 ; 0       ;
;      - R[2][14]         ; 1                 ; 0       ;
;      - R[3][14]         ; 1                 ; 0       ;
;      - R[0][14]         ; 1                 ; 0       ;
;      - R[1][14]         ; 1                 ; 0       ;
;      - TMP[14]          ; 1                 ; 0       ;
;      - FLAGS_r[14]      ; 1                 ; 0       ;
;      - SEG0_r[14]       ; 1                 ; 0       ;
;      - SEG1_r[14]       ; 1                 ; 0       ;
;      - SEG2_r[14]       ; 1                 ; 0       ;
;      - SEG3_r[14]       ; 1                 ; 0       ;
;      - ATMP[14]         ; 1                 ; 0       ;
;      - ATMP[30]         ; 1                 ; 0       ;
;      - IR[14]~feeder    ; 1                 ; 0       ;
;      - R[15][14]~feeder ; 1                 ; 0       ;
; BA[15]                  ;                   ;         ;
;      - PC[31]           ; 1                 ; 0       ;
;      - PC[15]           ; 1                 ; 0       ;
;      - SP[31]           ; 1                 ; 0       ;
;      - SP[15]           ; 1                 ; 0       ;
;      - AD[31]           ; 1                 ; 0       ;
;      - AD[15]           ; 1                 ; 0       ;
;      - R[14][15]        ; 1                 ; 0       ;
;      - R[15][15]        ; 1                 ; 0       ;
;      - R[12][15]        ; 1                 ; 0       ;
;      - R[13][15]        ; 1                 ; 0       ;
;      - R[10][15]        ; 1                 ; 0       ;
;      - R[8][15]         ; 1                 ; 0       ;
;      - R[9][15]         ; 1                 ; 0       ;
;      - R[7][15]         ; 1                 ; 0       ;
;      - R[4][15]         ; 1                 ; 0       ;
;      - R[5][15]         ; 1                 ; 0       ;
;      - R[2][15]         ; 1                 ; 0       ;
;      - R[3][15]         ; 1                 ; 0       ;
;      - R[1][15]         ; 1                 ; 0       ;
;      - TMP[15]          ; 1                 ; 0       ;
;      - FLAGS_r[15]      ; 1                 ; 0       ;
;      - SEG0_r[15]       ; 1                 ; 0       ;
;      - SEG1_r[15]       ; 1                 ; 0       ;
;      - SEG2_r[15]       ; 1                 ; 0       ;
;      - SEG3_r[15]       ; 1                 ; 0       ;
;      - ATMP[15]         ; 1                 ; 0       ;
;      - ATMP[31]         ; 1                 ; 0       ;
;      - R[6][15]~feeder  ; 1                 ; 0       ;
;      - R[0][15]~feeder  ; 1                 ; 0       ;
;      - R[11][15]~feeder ; 1                 ; 0       ;
;      - IR[15]~feeder    ; 1                 ; 0       ;
+-------------------------+-------------------+---------+


+--------------------------------------------------------------------------------------------------------------------------------------------+
; Control Signals                                                                                                                            ;
+--------------+---------------------+---------+--------------+--------+----------------------+------------------+---------------------------+
; Name         ; Location            ; Fan-Out ; Usage        ; Global ; Global Resource Used ; Global Line Name ; Enable Signal Source Name ;
+--------------+---------------------+---------+--------------+--------+----------------------+------------------+---------------------------+
; AD[0]~0      ; MLABCELL_X65_Y2_N42 ; 16      ; Clock enable ; no     ; --                   ; --               ; --                        ;
; AD[16]~1     ; MLABCELL_X65_Y2_N48 ; 16      ; Clock enable ; no     ; --                   ; --               ; --                        ;
; ATMP[0]~0    ; MLABCELL_X59_Y6_N30 ; 16      ; Clock enable ; no     ; --                   ; --               ; --                        ;
; ATMP[16]~1   ; MLABCELL_X59_Y6_N12 ; 16      ; Clock enable ; no     ; --                   ; --               ; --                        ;
; FLAGS_r[0]~2 ; LABCELL_X64_Y5_N45  ; 4       ; Clock enable ; no     ; --                   ; --               ; --                        ;
; FLAGS_r~0    ; MLABCELL_X59_Y6_N27 ; 17      ; Clock enable ; no     ; --                   ; --               ; --                        ;
; IR[0]~0      ; LABCELL_X63_Y5_N36  ; 16      ; Clock enable ; no     ; --                   ; --               ; --                        ;
; Mux135~0     ; LABCELL_X63_Y5_N27  ; 17      ; Sync. load   ; no     ; --                   ; --               ; --                        ;
; Mux156~0     ; LABCELL_X63_Y2_N57  ; 17      ; Sync. load   ; no     ; --                   ; --               ; --                        ;
; Mux173~0     ; LABCELL_X63_Y2_N54  ; 17      ; Sync. load   ; no     ; --                   ; --               ; --                        ;
; Mux178~0     ; LABCELL_X63_Y5_N21  ; 17      ; Sync. load   ; no     ; --                   ; --               ; --                        ;
; Mux200~0     ; LABCELL_X63_Y5_N24  ; 17      ; Sync. load   ; no     ; --                   ; --               ; --                        ;
; Mux215~0     ; LABCELL_X63_Y5_N18  ; 17      ; Sync. load   ; no     ; --                   ; --               ; --                        ;
; PC[0]~0      ; LABCELL_X63_Y2_N51  ; 16      ; Clock enable ; no     ; --                   ; --               ; --                        ;
; PC[16]~1     ; MLABCELL_X65_Y2_N15 ; 16      ; Clock enable ; no     ; --                   ; --               ; --                        ;
; R[0][0]~7    ; MLABCELL_X59_Y6_N3  ; 16      ; Clock enable ; no     ; --                   ; --               ; --                        ;
; R[10][0]~1   ; MLABCELL_X59_Y6_N42 ; 16      ; Clock enable ; no     ; --                   ; --               ; --                        ;
; R[11][0]~9   ; MLABCELL_X59_Y6_N9  ; 16      ; Clock enable ; no     ; --                   ; --               ; --                        ;
; R[12][0]~4   ; MLABCELL_X59_Y6_N6  ; 16      ; Clock enable ; no     ; --                   ; --               ; --                        ;
; R[13][0]~12  ; MLABCELL_X59_Y6_N15 ; 16      ; Clock enable ; no     ; --                   ; --               ; --                        ;
; R[14][0]~0   ; MLABCELL_X59_Y6_N48 ; 16      ; Clock enable ; no     ; --                   ; --               ; --                        ;
; R[15][0]~8   ; MLABCELL_X59_Y6_N54 ; 16      ; Clock enable ; no     ; --                   ; --               ; --                        ;
; R[1][0]~15   ; MLABCELL_X59_Y6_N24 ; 16      ; Clock enable ; no     ; --                   ; --               ; --                        ;
; R[2][0]~3    ; MLABCELL_X59_Y6_N0  ; 16      ; Clock enable ; no     ; --                   ; --               ; --                        ;
; R[3][0]~11   ; MLABCELL_X59_Y6_N39 ; 16      ; Clock enable ; no     ; --                   ; --               ; --                        ;
; R[4][0]~6    ; MLABCELL_X59_Y6_N36 ; 16      ; Clock enable ; no     ; --                   ; --               ; --                        ;
; R[5][0]~14   ; MLABCELL_X59_Y6_N21 ; 16      ; Clock enable ; no     ; --                   ; --               ; --                        ;
; R[6][0]~2    ; MLABCELL_X59_Y6_N51 ; 16      ; Clock enable ; no     ; --                   ; --               ; --                        ;
; R[7][0]~10   ; MLABCELL_X59_Y6_N57 ; 16      ; Clock enable ; no     ; --                   ; --               ; --                        ;
; R[8][0]~5    ; MLABCELL_X59_Y6_N45 ; 16      ; Clock enable ; no     ; --                   ; --               ; --                        ;
; R[9][0]~13   ; MLABCELL_X59_Y6_N18 ; 16      ; Clock enable ; no     ; --                   ; --               ; --                        ;
; SEG0_r[0]~0  ; MLABCELL_X59_Y6_N33 ; 16      ; Clock enable ; no     ; --                   ; --               ; --                        ;
; SEG1_r[0]~0  ; LABCELL_X63_Y5_N42  ; 16      ; Clock enable ; no     ; --                   ; --               ; --                        ;
; SEG2_r[0]~0  ; LABCELL_X63_Y5_N45  ; 16      ; Clock enable ; no     ; --                   ; --               ; --                        ;
; SEG3_r[0]~0  ; LABCELL_X63_Y5_N12  ; 16      ; Clock enable ; no     ; --                   ; --               ; --                        ;
; SP[0]~0      ; MLABCELL_X65_Y2_N57 ; 16      ; Clock enable ; no     ; --                   ; --               ; --                        ;
; SP[16]~1     ; LABCELL_X63_Y2_N42  ; 16      ; Clock enable ; no     ; --                   ; --               ; --                        ;
; TMP[0]~0     ; LABCELL_X63_Y5_N30  ; 16      ; Clock enable ; no     ; --                   ; --               ; --                        ;
; clk          ; PIN_M16             ; 496     ; Clock        ; yes    ; Global Clock         ; GCLK9            ; --                        ;
; reset        ; PIN_M9              ; 496     ; Async. clear ; yes    ; Global Clock         ; GCLK6            ; --                        ;
+--------------+---------------------+---------+--------------+--------+----------------------+------------------+---------------------------+


+--------------------------------------------------------------------------------------------------+
; Global & Other Fast Signals                                                                      ;
+-------+----------+---------+----------------------+------------------+---------------------------+
; Name  ; Location ; Fan-Out ; Global Resource Used ; Global Line Name ; Enable Signal Source Name ;
+-------+----------+---------+----------------------+------------------+---------------------------+
; clk   ; PIN_M16  ; 496     ; Global Clock         ; GCLK9            ; --                        ;
; reset ; PIN_M9   ; 496     ; Global Clock         ; GCLK6            ; --                        ;
+-------+----------+---------+----------------------+------------------+---------------------------+


+----------------------------------------------------------+
; Routing Usage Summary                                    ;
+------------------------------+---------------------------+
; Routing Resource Type        ; Usage                     ;
+------------------------------+---------------------------+
; Block interconnects          ; 1,685 / 374,484 ( < 1 % ) ;
; C12 interconnects            ; 263 / 16,664 ( 2 % )      ;
; C2 interconnects             ; 432 / 155,012 ( < 1 % )   ;
; C4 interconnects             ; 1,262 / 72,600 ( 2 % )    ;
; DQS bus muxes                ; 0 / 30 ( 0 % )            ;
; DQS-18 I/O buses             ; 0 / 30 ( 0 % )            ;
; DQS-9 I/O buses              ; 0 / 30 ( 0 % )            ;
; Direct links                 ; 99 / 374,484 ( < 1 % )    ;
; Global clocks                ; 2 / 16 ( 13 % )           ;
; Horizontal periphery clocks  ; 0 / 72 ( 0 % )            ;
; Local interconnects          ; 393 / 112,960 ( < 1 % )   ;
; Quadrant clocks              ; 0 / 88 ( 0 % )            ;
; R14 interconnects            ; 183 / 15,868 ( 1 % )      ;
; R14/C12 interconnect drivers ; 396 / 27,256 ( 1 % )      ;
; R3 interconnects             ; 691 / 169,296 ( < 1 % )   ;
; R6 interconnects             ; 961 / 330,800 ( < 1 % )   ;
; Spine clocks                 ; 4 / 480 ( < 1 % )         ;
; Wire stub REs                ; 0 / 20,834 ( 0 % )        ;
+------------------------------+---------------------------+


+------------------------------------------+
; I/O Rules Summary                        ;
+----------------------------------+-------+
; I/O Rules Statistic              ; Total ;
+----------------------------------+-------+
; Total I/O Rules                  ; 28    ;
; Number of I/O Rules Passed       ; 6     ;
; Number of I/O Rules Failed       ; 0     ;
; Number of I/O Rules Unchecked    ; 0     ;
; Number of I/O Rules Inapplicable ; 22    ;
+----------------------------------+-------+


+-----------------------------------------------------------------------------------------------------------------------------------------------------------------------------------------------------------------------------------------------------------------------------------+
; I/O Rules Details                                                                                                                                                                                                                                                                 ;
+--------------+-----------+-----------------------------------+------------------------------------------------------------------------------------+----------+--------------------------------------------------------------------------+---------------------+-------------------+
; Status       ; ID        ; Category                          ; Rule Description                                                                   ; Severity ; Information                                                              ; Area                ; Extra Information ;
+--------------+-----------+-----------------------------------+------------------------------------------------------------------------------------+----------+--------------------------------------------------------------------------+---------------------+-------------------+
; Inapplicable ; IO_000001 ; Capacity Checks                   ; Number of pins in an I/O bank should not exceed the number of locations available. ; Critical ; No Location assignments found.                                           ; I/O                 ;                   ;
; Inapplicable ; IO_000002 ; Capacity Checks                   ; Number of clocks in an I/O bank should not exceed the number of clocks available.  ; Critical ; No Global Signal assignments found.                                      ; I/O                 ;                   ;
; Inapplicable ; IO_000003 ; Capacity Checks                   ; Number of pins in a Vrefgroup should not exceed the number of locations available. ; Critical ; No Location assignments found.                                           ; I/O                 ;                   ;
; Inapplicable ; IO_000004 ; Voltage Compatibility Checks      ; The I/O bank should support the requested VCCIO.                                   ; Critical ; No IOBANK_VCCIO assignments found.                                       ; I/O                 ;                   ;
; Inapplicable ; IO_000005 ; Voltage Compatibility Checks      ; The I/O bank should not have competing VREF values.                                ; Critical ; No VREF I/O Standard assignments found.                                  ; I/O                 ;                   ;
; Pass         ; IO_000006 ; Voltage Compatibility Checks      ; The I/O bank should not have competing VCCIO values.                               ; Critical ; 0 such failures found.                                                   ; I/O                 ;                   ;
; Inapplicable ; IO_000007 ; Valid Location Checks             ; Checks for unavailable locations.                                                  ; Critical ; No Location assignments found.                                           ; I/O                 ;                   ;
; Inapplicable ; IO_000008 ; Valid Location Checks             ; Checks for reserved locations.                                                     ; Critical ; No reserved LogicLock region found.                                      ; I/O                 ;                   ;
; Pass         ; IO_000009 ; I/O Properties Checks for One I/O ; The location should support the requested I/O standard.                            ; Critical ; 0 such failures found.                                                   ; I/O                 ;                   ;
; Pass         ; IO_000010 ; I/O Properties Checks for One I/O ; The location should support the requested I/O direction.                           ; Critical ; 0 such failures found.                                                   ; I/O                 ;                   ;
; Inapplicable ; IO_000011 ; I/O Properties Checks for One I/O ; The location should support the requested Current Strength.                        ; Critical ; No Current Strength assignments found.                                   ; I/O                 ;                   ;
; Pass         ; IO_000012 ; I/O Properties Checks for One I/O ; The location should support the requested On Chip Termination value.               ; Critical ; 0 such failures found.                                                   ; I/O                 ;                   ;
; Inapplicable ; IO_000013 ; I/O Properties Checks for One I/O ; The location should support the requested Bus Hold value.                          ; Critical ; No Enable Bus-Hold Circuitry assignments found.                          ; I/O                 ;                   ;
; Inapplicable ; IO_000014 ; I/O Properties Checks for One I/O ; The location should support the requested Weak Pull Up value.                      ; Critical ; No Weak Pull-Up Resistor assignments found.                              ; I/O                 ;                   ;
; Inapplicable ; IO_000015 ; I/O Properties Checks for One I/O ; The location should support the requested PCI Clamp Diode.                         ; Critical ; No Clamping Diode assignments found.                                     ; I/O                 ;                   ;
; Inapplicable ; IO_000018 ; I/O Properties Checks for One I/O ; The I/O standard should support the requested Current Strength.                    ; Critical ; No Current Strength assignments found.                                   ; I/O                 ;                   ;
; Pass         ; IO_000019 ; I/O Properties Checks for One I/O ; The I/O standard should support the requested On Chip Termination value.           ; Critical ; 0 such failures found.                                                   ; I/O                 ;                   ;
; Inapplicable ; IO_000020 ; I/O Properties Checks for One I/O ; The I/O standard should support the requested PCI Clamp Diode.                     ; Critical ; No Clamping Diode assignments found.                                     ; I/O                 ;                   ;
; Inapplicable ; IO_000021 ; I/O Properties Checks for One I/O ; The I/O standard should support the requested Weak Pull Up value.                  ; Critical ; No Weak Pull-Up Resistor assignments found.                              ; I/O                 ;                   ;
; Inapplicable ; IO_000022 ; I/O Properties Checks for One I/O ; The I/O standard should support the requested Bus Hold value.                      ; Critical ; No Enable Bus-Hold Circuitry assignments found.                          ; I/O                 ;                   ;
; Inapplicable ; IO_000023 ; I/O Properties Checks for One I/O ; The I/O standard should support the Open Drain value.                              ; Critical ; No open drain assignments found.                                         ; I/O                 ;                   ;
; Pass         ; IO_000024 ; I/O Properties Checks for One I/O ; The I/O direction should support the On Chip Termination value.                    ; Critical ; 0 such failures found.                                                   ; I/O                 ;                   ;
; Inapplicable ; IO_000026 ; I/O Properties Checks for One I/O ; On Chip Termination and Current Strength should not be used at the same time.      ; Critical ; No Current Strength assignments found.                                   ; I/O                 ;                   ;
; Inapplicable ; IO_000027 ; I/O Properties Checks for One I/O ; Weak Pull Up and Bus Hold should not be used at the same time.                     ; Critical ; No Enable Bus-Hold Circuitry or Weak Pull-Up Resistor assignments found. ; I/O                 ;                   ;
; Inapplicable ; IO_000045 ; I/O Properties Checks for One I/O ; The I/O standard should support the requested Slew Rate value.                     ; Critical ; No Slew Rate assignments found.                                          ; I/O                 ;                   ;
; Inapplicable ; IO_000046 ; I/O Properties Checks for One I/O ; The location should support the requested Slew Rate value.                         ; Critical ; No Slew Rate assignments found.                                          ; I/O                 ;                   ;
; Inapplicable ; IO_000047 ; I/O Properties Checks for One I/O ; On Chip Termination and Slew Rate should not be used at the same time.             ; Critical ; No Slew Rate assignments found.                                          ; I/O                 ;                   ;
; Inapplicable ; IO_000034 ; SI Related Distance Checks        ; Single-ended outputs should be 0 LAB row(s) away from a differential I/O.          ; High     ; No Differential I/O Standard assignments found.                          ; I/O                 ;                   ;
; ----         ; ----      ; Disclaimer                        ; OCT rules are checked but not reported.                                            ; None     ; ----                                                                     ; On Chip Termination ;                   ;
+--------------+-----------+-----------------------------------+------------------------------------------------------------------------------------+----------+--------------------------------------------------------------------------+---------------------+-------------------+


+-----------------------------------------------------------------------------------------------------------------------------------------------------------------------------------------------------------------------------------------------------------------------------------------------------------------------------------------------------------------------------------------------------------------------------------------------+
; I/O Rules Matrix                                                                                                                                                                                                                                                                                                                                                                                                                              ;
+--------------------+--------------+--------------+--------------+--------------+--------------+-----------+--------------+--------------+-----------+-----------+--------------+--------------+--------------+--------------+--------------+--------------+--------------+--------------+--------------+--------------+--------------+--------------+--------------+--------------+--------------+--------------+--------------+--------------+
; Pin/Rules          ; IO_000001    ; IO_000002    ; IO_000003    ; IO_000004    ; IO_000005    ; IO_000006 ; IO_000007    ; IO_000008    ; IO_000009 ; IO_000010 ; IO_000011    ; IO_000012    ; IO_000013    ; IO_000014    ; IO_000015    ; IO_000018    ; IO_000019    ; IO_000020    ; IO_000021    ; IO_000022    ; IO_000023    ; IO_000024    ; IO_000026    ; IO_000027    ; IO_000045    ; IO_000046    ; IO_000047    ; IO_000034    ;
+--------------------+--------------+--------------+--------------+--------------+--------------+-----------+--------------+--------------+-----------+-----------+--------------+--------------+--------------+--------------+--------------+--------------+--------------+--------------+--------------+--------------+--------------+--------------+--------------+--------------+--------------+--------------+--------------+--------------+
; Total Pass         ; 0            ; 0            ; 0            ; 0            ; 0            ; 210       ; 0            ; 0            ; 210       ; 210       ; 0            ; 148          ; 0            ; 0            ; 0            ; 0            ; 148          ; 0            ; 0            ; 0            ; 0            ; 148          ; 0            ; 0            ; 0            ; 0            ; 0            ; 0            ;
; Total Unchecked    ; 0            ; 0            ; 0            ; 0            ; 0            ; 0         ; 0            ; 0            ; 0         ; 0         ; 0            ; 0            ; 0            ; 0            ; 0            ; 0            ; 0            ; 0            ; 0            ; 0            ; 0            ; 0            ; 0            ; 0            ; 0            ; 0            ; 0            ; 0            ;
; Total Inapplicable ; 210          ; 210          ; 210          ; 210          ; 210          ; 0         ; 210          ; 210          ; 0         ; 0         ; 210          ; 62           ; 210          ; 210          ; 210          ; 210          ; 62           ; 210          ; 210          ; 210          ; 210          ; 62           ; 210          ; 210          ; 210          ; 210          ; 210          ; 210          ;
; Total Fail         ; 0            ; 0            ; 0            ; 0            ; 0            ; 0         ; 0            ; 0            ; 0         ; 0         ; 0            ; 0            ; 0            ; 0            ; 0            ; 0            ; 0            ; 0            ; 0            ; 0            ; 0            ; 0            ; 0            ; 0            ; 0            ; 0            ; 0            ; 0            ;
; BB[0]              ; Inapplicable ; Inapplicable ; Inapplicable ; Inapplicable ; Inapplicable ; Pass      ; Inapplicable ; Inapplicable ; Pass      ; Pass      ; Inapplicable ; Pass         ; Inapplicable ; Inapplicable ; Inapplicable ; Inapplicable ; Pass         ; Inapplicable ; Inapplicable ; Inapplicable ; Inapplicable ; Pass         ; Inapplicable ; Inapplicable ; Inapplicable ; Inapplicable ; Inapplicable ; Inapplicable ;
; BB[1]              ; Inapplicable ; Inapplicable ; Inapplicable ; Inapplicable ; Inapplicable ; Pass      ; Inapplicable ; Inapplicable ; Pass      ; Pass      ; Inapplicable ; Pass         ; Inapplicable ; Inapplicable ; Inapplicable ; Inapplicable ; Pass         ; Inapplicable ; Inapplicable ; Inapplicable ; Inapplicable ; Pass         ; Inapplicable ; Inapplicable ; Inapplicable ; Inapplicable ; Inapplicable ; Inapplicable ;
; BB[2]              ; Inapplicable ; Inapplicable ; Inapplicable ; Inapplicable ; Inapplicable ; Pass      ; Inapplicable ; Inapplicable ; Pass      ; Pass      ; Inapplicable ; Pass         ; Inapplicable ; Inapplicable ; Inapplicable ; Inapplicable ; Pass         ; Inapplicable ; Inapplicable ; Inapplicable ; Inapplicable ; Pass         ; Inapplicable ; Inapplicable ; Inapplicable ; Inapplicable ; Inapplicable ; Inapplicable ;
; BB[3]              ; Inapplicable ; Inapplicable ; Inapplicable ; Inapplicable ; Inapplicable ; Pass      ; Inapplicable ; Inapplicable ; Pass      ; Pass      ; Inapplicable ; Pass         ; Inapplicable ; Inapplicable ; Inapplicable ; Inapplicable ; Pass         ; Inapplicable ; Inapplicable ; Inapplicable ; Inapplicable ; Pass         ; Inapplicable ; Inapplicable ; Inapplicable ; Inapplicable ; Inapplicable ; Inapplicable ;
; BB[4]              ; Inapplicable ; Inapplicable ; Inapplicable ; Inapplicable ; Inapplicable ; Pass      ; Inapplicable ; Inapplicable ; Pass      ; Pass      ; Inapplicable ; Pass         ; Inapplicable ; Inapplicable ; Inapplicable ; Inapplicable ; Pass         ; Inapplicable ; Inapplicable ; Inapplicable ; Inapplicable ; Pass         ; Inapplicable ; Inapplicable ; Inapplicable ; Inapplicable ; Inapplicable ; Inapplicable ;
; BB[5]              ; Inapplicable ; Inapplicable ; Inapplicable ; Inapplicable ; Inapplicable ; Pass      ; Inapplicable ; Inapplicable ; Pass      ; Pass      ; Inapplicable ; Pass         ; Inapplicable ; Inapplicable ; Inapplicable ; Inapplicable ; Pass         ; Inapplicable ; Inapplicable ; Inapplicable ; Inapplicable ; Pass         ; Inapplicable ; Inapplicable ; Inapplicable ; Inapplicable ; Inapplicable ; Inapplicable ;
; BB[6]              ; Inapplicable ; Inapplicable ; Inapplicable ; Inapplicable ; Inapplicable ; Pass      ; Inapplicable ; Inapplicable ; Pass      ; Pass      ; Inapplicable ; Pass         ; Inapplicable ; Inapplicable ; Inapplicable ; Inapplicable ; Pass         ; Inapplicable ; Inapplicable ; Inapplicable ; Inapplicable ; Pass         ; Inapplicable ; Inapplicable ; Inapplicable ; Inapplicable ; Inapplicable ; Inapplicable ;
; BB[7]              ; Inapplicable ; Inapplicable ; Inapplicable ; Inapplicable ; Inapplicable ; Pass      ; Inapplicable ; Inapplicable ; Pass      ; Pass      ; Inapplicable ; Pass         ; Inapplicable ; Inapplicable ; Inapplicable ; Inapplicable ; Pass         ; Inapplicable ; Inapplicable ; Inapplicable ; Inapplicable ; Pass         ; Inapplicable ; Inapplicable ; Inapplicable ; Inapplicable ; Inapplicable ; Inapplicable ;
; BB[8]              ; Inapplicable ; Inapplicable ; Inapplicable ; Inapplicable ; Inapplicable ; Pass      ; Inapplicable ; Inapplicable ; Pass      ; Pass      ; Inapplicable ; Pass         ; Inapplicable ; Inapplicable ; Inapplicable ; Inapplicable ; Pass         ; Inapplicable ; Inapplicable ; Inapplicable ; Inapplicable ; Pass         ; Inapplicable ; Inapplicable ; Inapplicable ; Inapplicable ; Inapplicable ; Inapplicable ;
; BB[9]              ; Inapplicable ; Inapplicable ; Inapplicable ; Inapplicable ; Inapplicable ; Pass      ; Inapplicable ; Inapplicable ; Pass      ; Pass      ; Inapplicable ; Pass         ; Inapplicable ; Inapplicable ; Inapplicable ; Inapplicable ; Pass         ; Inapplicable ; Inapplicable ; Inapplicable ; Inapplicable ; Pass         ; Inapplicable ; Inapplicable ; Inapplicable ; Inapplicable ; Inapplicable ; Inapplicable ;
; BB[10]             ; Inapplicable ; Inapplicable ; Inapplicable ; Inapplicable ; Inapplicable ; Pass      ; Inapplicable ; Inapplicable ; Pass      ; Pass      ; Inapplicable ; Pass         ; Inapplicable ; Inapplicable ; Inapplicable ; Inapplicable ; Pass         ; Inapplicable ; Inapplicable ; Inapplicable ; Inapplicable ; Pass         ; Inapplicable ; Inapplicable ; Inapplicable ; Inapplicable ; Inapplicable ; Inapplicable ;
; BB[11]             ; Inapplicable ; Inapplicable ; Inapplicable ; Inapplicable ; Inapplicable ; Pass      ; Inapplicable ; Inapplicable ; Pass      ; Pass      ; Inapplicable ; Pass         ; Inapplicable ; Inapplicable ; Inapplicable ; Inapplicable ; Pass         ; Inapplicable ; Inapplicable ; Inapplicable ; Inapplicable ; Pass         ; Inapplicable ; Inapplicable ; Inapplicable ; Inapplicable ; Inapplicable ; Inapplicable ;
; BB[12]             ; Inapplicable ; Inapplicable ; Inapplicable ; Inapplicable ; Inapplicable ; Pass      ; Inapplicable ; Inapplicable ; Pass      ; Pass      ; Inapplicable ; Pass         ; Inapplicable ; Inapplicable ; Inapplicable ; Inapplicable ; Pass         ; Inapplicable ; Inapplicable ; Inapplicable ; Inapplicable ; Pass         ; Inapplicable ; Inapplicable ; Inapplicable ; Inapplicable ; Inapplicable ; Inapplicable ;
; BB[13]             ; Inapplicable ; Inapplicable ; Inapplicable ; Inapplicable ; Inapplicable ; Pass      ; Inapplicable ; Inapplicable ; Pass      ; Pass      ; Inapplicable ; Pass         ; Inapplicable ; Inapplicable ; Inapplicable ; Inapplicable ; Pass         ; Inapplicable ; Inapplicable ; Inapplicable ; Inapplicable ; Pass         ; Inapplicable ; Inapplicable ; Inapplicable ; Inapplicable ; Inapplicable ; Inapplicable ;
; BB[14]             ; Inapplicable ; Inapplicable ; Inapplicable ; Inapplicable ; Inapplicable ; Pass      ; Inapplicable ; Inapplicable ; Pass      ; Pass      ; Inapplicable ; Pass         ; Inapplicable ; Inapplicable ; Inapplicable ; Inapplicable ; Pass         ; Inapplicable ; Inapplicable ; Inapplicable ; Inapplicable ; Pass         ; Inapplicable ; Inapplicable ; Inapplicable ; Inapplicable ; Inapplicable ; Inapplicable ;
; BB[15]             ; Inapplicable ; Inapplicable ; Inapplicable ; Inapplicable ; Inapplicable ; Pass      ; Inapplicable ; Inapplicable ; Pass      ; Pass      ; Inapplicable ; Pass         ; Inapplicable ; Inapplicable ; Inapplicable ; Inapplicable ; Pass         ; Inapplicable ; Inapplicable ; Inapplicable ; Inapplicable ; Pass         ; Inapplicable ; Inapplicable ; Inapplicable ; Inapplicable ; Inapplicable ; Inapplicable ;
; BC[0]              ; Inapplicable ; Inapplicable ; Inapplicable ; Inapplicable ; Inapplicable ; Pass      ; Inapplicable ; Inapplicable ; Pass      ; Pass      ; Inapplicable ; Pass         ; Inapplicable ; Inapplicable ; Inapplicable ; Inapplicable ; Pass         ; Inapplicable ; Inapplicable ; Inapplicable ; Inapplicable ; Pass         ; Inapplicable ; Inapplicable ; Inapplicable ; Inapplicable ; Inapplicable ; Inapplicable ;
; BC[1]              ; Inapplicable ; Inapplicable ; Inapplicable ; Inapplicable ; Inapplicable ; Pass      ; Inapplicable ; Inapplicable ; Pass      ; Pass      ; Inapplicable ; Pass         ; Inapplicable ; Inapplicable ; Inapplicable ; Inapplicable ; Pass         ; Inapplicable ; Inapplicable ; Inapplicable ; Inapplicable ; Pass         ; Inapplicable ; Inapplicable ; Inapplicable ; Inapplicable ; Inapplicable ; Inapplicable ;
; BC[2]              ; Inapplicable ; Inapplicable ; Inapplicable ; Inapplicable ; Inapplicable ; Pass      ; Inapplicable ; Inapplicable ; Pass      ; Pass      ; Inapplicable ; Pass         ; Inapplicable ; Inapplicable ; Inapplicable ; Inapplicable ; Pass         ; Inapplicable ; Inapplicable ; Inapplicable ; Inapplicable ; Pass         ; Inapplicable ; Inapplicable ; Inapplicable ; Inapplicable ; Inapplicable ; Inapplicable ;
; BC[3]              ; Inapplicable ; Inapplicable ; Inapplicable ; Inapplicable ; Inapplicable ; Pass      ; Inapplicable ; Inapplicable ; Pass      ; Pass      ; Inapplicable ; Pass         ; Inapplicable ; Inapplicable ; Inapplicable ; Inapplicable ; Pass         ; Inapplicable ; Inapplicable ; Inapplicable ; Inapplicable ; Pass         ; Inapplicable ; Inapplicable ; Inapplicable ; Inapplicable ; Inapplicable ; Inapplicable ;
; BC[4]              ; Inapplicable ; Inapplicable ; Inapplicable ; Inapplicable ; Inapplicable ; Pass      ; Inapplicable ; Inapplicable ; Pass      ; Pass      ; Inapplicable ; Pass         ; Inapplicable ; Inapplicable ; Inapplicable ; Inapplicable ; Pass         ; Inapplicable ; Inapplicable ; Inapplicable ; Inapplicable ; Pass         ; Inapplicable ; Inapplicable ; Inapplicable ; Inapplicable ; Inapplicable ; Inapplicable ;
; BC[5]              ; Inapplicable ; Inapplicable ; Inapplicable ; Inapplicable ; Inapplicable ; Pass      ; Inapplicable ; Inapplicable ; Pass      ; Pass      ; Inapplicable ; Pass         ; Inapplicable ; Inapplicable ; Inapplicable ; Inapplicable ; Pass         ; Inapplicable ; Inapplicable ; Inapplicable ; Inapplicable ; Pass         ; Inapplicable ; Inapplicable ; Inapplicable ; Inapplicable ; Inapplicable ; Inapplicable ;
; BC[6]              ; Inapplicable ; Inapplicable ; Inapplicable ; Inapplicable ; Inapplicable ; Pass      ; Inapplicable ; Inapplicable ; Pass      ; Pass      ; Inapplicable ; Pass         ; Inapplicable ; Inapplicable ; Inapplicable ; Inapplicable ; Pass         ; Inapplicable ; Inapplicable ; Inapplicable ; Inapplicable ; Pass         ; Inapplicable ; Inapplicable ; Inapplicable ; Inapplicable ; Inapplicable ; Inapplicable ;
; BC[7]              ; Inapplicable ; Inapplicable ; Inapplicable ; Inapplicable ; Inapplicable ; Pass      ; Inapplicable ; Inapplicable ; Pass      ; Pass      ; Inapplicable ; Pass         ; Inapplicable ; Inapplicable ; Inapplicable ; Inapplicable ; Pass         ; Inapplicable ; Inapplicable ; Inapplicable ; Inapplicable ; Pass         ; Inapplicable ; Inapplicable ; Inapplicable ; Inapplicable ; Inapplicable ; Inapplicable ;
; BC[8]              ; Inapplicable ; Inapplicable ; Inapplicable ; Inapplicable ; Inapplicable ; Pass      ; Inapplicable ; Inapplicable ; Pass      ; Pass      ; Inapplicable ; Pass         ; Inapplicable ; Inapplicable ; Inapplicable ; Inapplicable ; Pass         ; Inapplicable ; Inapplicable ; Inapplicable ; Inapplicable ; Pass         ; Inapplicable ; Inapplicable ; Inapplicable ; Inapplicable ; Inapplicable ; Inapplicable ;
; BC[9]              ; Inapplicable ; Inapplicable ; Inapplicable ; Inapplicable ; Inapplicable ; Pass      ; Inapplicable ; Inapplicable ; Pass      ; Pass      ; Inapplicable ; Pass         ; Inapplicable ; Inapplicable ; Inapplicable ; Inapplicable ; Pass         ; Inapplicable ; Inapplicable ; Inapplicable ; Inapplicable ; Pass         ; Inapplicable ; Inapplicable ; Inapplicable ; Inapplicable ; Inapplicable ; Inapplicable ;
; BC[10]             ; Inapplicable ; Inapplicable ; Inapplicable ; Inapplicable ; Inapplicable ; Pass      ; Inapplicable ; Inapplicable ; Pass      ; Pass      ; Inapplicable ; Pass         ; Inapplicable ; Inapplicable ; Inapplicable ; Inapplicable ; Pass         ; Inapplicable ; Inapplicable ; Inapplicable ; Inapplicable ; Pass         ; Inapplicable ; Inapplicable ; Inapplicable ; Inapplicable ; Inapplicable ; Inapplicable ;
; BC[11]             ; Inapplicable ; Inapplicable ; Inapplicable ; Inapplicable ; Inapplicable ; Pass      ; Inapplicable ; Inapplicable ; Pass      ; Pass      ; Inapplicable ; Pass         ; Inapplicable ; Inapplicable ; Inapplicable ; Inapplicable ; Pass         ; Inapplicable ; Inapplicable ; Inapplicable ; Inapplicable ; Pass         ; Inapplicable ; Inapplicable ; Inapplicable ; Inapplicable ; Inapplicable ; Inapplicable ;
; BC[12]             ; Inapplicable ; Inapplicable ; Inapplicable ; Inapplicable ; Inapplicable ; Pass      ; Inapplicable ; Inapplicable ; Pass      ; Pass      ; Inapplicable ; Pass         ; Inapplicable ; Inapplicable ; Inapplicable ; Inapplicable ; Pass         ; Inapplicable ; Inapplicable ; Inapplicable ; Inapplicable ; Pass         ; Inapplicable ; Inapplicable ; Inapplicable ; Inapplicable ; Inapplicable ; Inapplicable ;
; BC[13]             ; Inapplicable ; Inapplicable ; Inapplicable ; Inapplicable ; Inapplicable ; Pass      ; Inapplicable ; Inapplicable ; Pass      ; Pass      ; Inapplicable ; Pass         ; Inapplicable ; Inapplicable ; Inapplicable ; Inapplicable ; Pass         ; Inapplicable ; Inapplicable ; Inapplicable ; Inapplicable ; Pass         ; Inapplicable ; Inapplicable ; Inapplicable ; Inapplicable ; Inapplicable ; Inapplicable ;
; BC[14]             ; Inapplicable ; Inapplicable ; Inapplicable ; Inapplicable ; Inapplicable ; Pass      ; Inapplicable ; Inapplicable ; Pass      ; Pass      ; Inapplicable ; Pass         ; Inapplicable ; Inapplicable ; Inapplicable ; Inapplicable ; Pass         ; Inapplicable ; Inapplicable ; Inapplicable ; Inapplicable ; Pass         ; Inapplicable ; Inapplicable ; Inapplicable ; Inapplicable ; Inapplicable ; Inapplicable ;
; BC[15]             ; Inapplicable ; Inapplicable ; Inapplicable ; Inapplicable ; Inapplicable ; Pass      ; Inapplicable ; Inapplicable ; Pass      ; Pass      ; Inapplicable ; Pass         ; Inapplicable ; Inapplicable ; Inapplicable ; Inapplicable ; Pass         ; Inapplicable ; Inapplicable ; Inapplicable ; Inapplicable ; Pass         ; Inapplicable ; Inapplicable ; Inapplicable ; Inapplicable ; Inapplicable ; Inapplicable ;
; ADR[0]             ; Inapplicable ; Inapplicable ; Inapplicable ; Inapplicable ; Inapplicable ; Pass      ; Inapplicable ; Inapplicable ; Pass      ; Pass      ; Inapplicable ; Pass         ; Inapplicable ; Inapplicable ; Inapplicable ; Inapplicable ; Pass         ; Inapplicable ; Inapplicable ; Inapplicable ; Inapplicable ; Pass         ; Inapplicable ; Inapplicable ; Inapplicable ; Inapplicable ; Inapplicable ; Inapplicable ;
; ADR[1]             ; Inapplicable ; Inapplicable ; Inapplicable ; Inapplicable ; Inapplicable ; Pass      ; Inapplicable ; Inapplicable ; Pass      ; Pass      ; Inapplicable ; Pass         ; Inapplicable ; Inapplicable ; Inapplicable ; Inapplicable ; Pass         ; Inapplicable ; Inapplicable ; Inapplicable ; Inapplicable ; Pass         ; Inapplicable ; Inapplicable ; Inapplicable ; Inapplicable ; Inapplicable ; Inapplicable ;
; ADR[2]             ; Inapplicable ; Inapplicable ; Inapplicable ; Inapplicable ; Inapplicable ; Pass      ; Inapplicable ; Inapplicable ; Pass      ; Pass      ; Inapplicable ; Pass         ; Inapplicable ; Inapplicable ; Inapplicable ; Inapplicable ; Pass         ; Inapplicable ; Inapplicable ; Inapplicable ; Inapplicable ; Pass         ; Inapplicable ; Inapplicable ; Inapplicable ; Inapplicable ; Inapplicable ; Inapplicable ;
; ADR[3]             ; Inapplicable ; Inapplicable ; Inapplicable ; Inapplicable ; Inapplicable ; Pass      ; Inapplicable ; Inapplicable ; Pass      ; Pass      ; Inapplicable ; Pass         ; Inapplicable ; Inapplicable ; Inapplicable ; Inapplicable ; Pass         ; Inapplicable ; Inapplicable ; Inapplicable ; Inapplicable ; Pass         ; Inapplicable ; Inapplicable ; Inapplicable ; Inapplicable ; Inapplicable ; Inapplicable ;
; ADR[4]             ; Inapplicable ; Inapplicable ; Inapplicable ; Inapplicable ; Inapplicable ; Pass      ; Inapplicable ; Inapplicable ; Pass      ; Pass      ; Inapplicable ; Pass         ; Inapplicable ; Inapplicable ; Inapplicable ; Inapplicable ; Pass         ; Inapplicable ; Inapplicable ; Inapplicable ; Inapplicable ; Pass         ; Inapplicable ; Inapplicable ; Inapplicable ; Inapplicable ; Inapplicable ; Inapplicable ;
; ADR[5]             ; Inapplicable ; Inapplicable ; Inapplicable ; Inapplicable ; Inapplicable ; Pass      ; Inapplicable ; Inapplicable ; Pass      ; Pass      ; Inapplicable ; Pass         ; Inapplicable ; Inapplicable ; Inapplicable ; Inapplicable ; Pass         ; Inapplicable ; Inapplicable ; Inapplicable ; Inapplicable ; Pass         ; Inapplicable ; Inapplicable ; Inapplicable ; Inapplicable ; Inapplicable ; Inapplicable ;
; ADR[6]             ; Inapplicable ; Inapplicable ; Inapplicable ; Inapplicable ; Inapplicable ; Pass      ; Inapplicable ; Inapplicable ; Pass      ; Pass      ; Inapplicable ; Pass         ; Inapplicable ; Inapplicable ; Inapplicable ; Inapplicable ; Pass         ; Inapplicable ; Inapplicable ; Inapplicable ; Inapplicable ; Pass         ; Inapplicable ; Inapplicable ; Inapplicable ; Inapplicable ; Inapplicable ; Inapplicable ;
; ADR[7]             ; Inapplicable ; Inapplicable ; Inapplicable ; Inapplicable ; Inapplicable ; Pass      ; Inapplicable ; Inapplicable ; Pass      ; Pass      ; Inapplicable ; Pass         ; Inapplicable ; Inapplicable ; Inapplicable ; Inapplicable ; Pass         ; Inapplicable ; Inapplicable ; Inapplicable ; Inapplicable ; Pass         ; Inapplicable ; Inapplicable ; Inapplicable ; Inapplicable ; Inapplicable ; Inapplicable ;
; ADR[8]             ; Inapplicable ; Inapplicable ; Inapplicable ; Inapplicable ; Inapplicable ; Pass      ; Inapplicable ; Inapplicable ; Pass      ; Pass      ; Inapplicable ; Pass         ; Inapplicable ; Inapplicable ; Inapplicable ; Inapplicable ; Pass         ; Inapplicable ; Inapplicable ; Inapplicable ; Inapplicable ; Pass         ; Inapplicable ; Inapplicable ; Inapplicable ; Inapplicable ; Inapplicable ; Inapplicable ;
; ADR[9]             ; Inapplicable ; Inapplicable ; Inapplicable ; Inapplicable ; Inapplicable ; Pass      ; Inapplicable ; Inapplicable ; Pass      ; Pass      ; Inapplicable ; Pass         ; Inapplicable ; Inapplicable ; Inapplicable ; Inapplicable ; Pass         ; Inapplicable ; Inapplicable ; Inapplicable ; Inapplicable ; Pass         ; Inapplicable ; Inapplicable ; Inapplicable ; Inapplicable ; Inapplicable ; Inapplicable ;
; ADR[10]            ; Inapplicable ; Inapplicable ; Inapplicable ; Inapplicable ; Inapplicable ; Pass      ; Inapplicable ; Inapplicable ; Pass      ; Pass      ; Inapplicable ; Pass         ; Inapplicable ; Inapplicable ; Inapplicable ; Inapplicable ; Pass         ; Inapplicable ; Inapplicable ; Inapplicable ; Inapplicable ; Pass         ; Inapplicable ; Inapplicable ; Inapplicable ; Inapplicable ; Inapplicable ; Inapplicable ;
; ADR[11]            ; Inapplicable ; Inapplicable ; Inapplicable ; Inapplicable ; Inapplicable ; Pass      ; Inapplicable ; Inapplicable ; Pass      ; Pass      ; Inapplicable ; Pass         ; Inapplicable ; Inapplicable ; Inapplicable ; Inapplicable ; Pass         ; Inapplicable ; Inapplicable ; Inapplicable ; Inapplicable ; Pass         ; Inapplicable ; Inapplicable ; Inapplicable ; Inapplicable ; Inapplicable ; Inapplicable ;
; ADR[12]            ; Inapplicable ; Inapplicable ; Inapplicable ; Inapplicable ; Inapplicable ; Pass      ; Inapplicable ; Inapplicable ; Pass      ; Pass      ; Inapplicable ; Pass         ; Inapplicable ; Inapplicable ; Inapplicable ; Inapplicable ; Pass         ; Inapplicable ; Inapplicable ; Inapplicable ; Inapplicable ; Pass         ; Inapplicable ; Inapplicable ; Inapplicable ; Inapplicable ; Inapplicable ; Inapplicable ;
; ADR[13]            ; Inapplicable ; Inapplicable ; Inapplicable ; Inapplicable ; Inapplicable ; Pass      ; Inapplicable ; Inapplicable ; Pass      ; Pass      ; Inapplicable ; Pass         ; Inapplicable ; Inapplicable ; Inapplicable ; Inapplicable ; Pass         ; Inapplicable ; Inapplicable ; Inapplicable ; Inapplicable ; Pass         ; Inapplicable ; Inapplicable ; Inapplicable ; Inapplicable ; Inapplicable ; Inapplicable ;
; ADR[14]            ; Inapplicable ; Inapplicable ; Inapplicable ; Inapplicable ; Inapplicable ; Pass      ; Inapplicable ; Inapplicable ; Pass      ; Pass      ; Inapplicable ; Pass         ; Inapplicable ; Inapplicable ; Inapplicable ; Inapplicable ; Pass         ; Inapplicable ; Inapplicable ; Inapplicable ; Inapplicable ; Pass         ; Inapplicable ; Inapplicable ; Inapplicable ; Inapplicable ; Inapplicable ; Inapplicable ;
; ADR[15]            ; Inapplicable ; Inapplicable ; Inapplicable ; Inapplicable ; Inapplicable ; Pass      ; Inapplicable ; Inapplicable ; Pass      ; Pass      ; Inapplicable ; Pass         ; Inapplicable ; Inapplicable ; Inapplicable ; Inapplicable ; Pass         ; Inapplicable ; Inapplicable ; Inapplicable ; Inapplicable ; Pass         ; Inapplicable ; Inapplicable ; Inapplicable ; Inapplicable ; Inapplicable ; Inapplicable ;
; ADR[16]            ; Inapplicable ; Inapplicable ; Inapplicable ; Inapplicable ; Inapplicable ; Pass      ; Inapplicable ; Inapplicable ; Pass      ; Pass      ; Inapplicable ; Pass         ; Inapplicable ; Inapplicable ; Inapplicable ; Inapplicable ; Pass         ; Inapplicable ; Inapplicable ; Inapplicable ; Inapplicable ; Pass         ; Inapplicable ; Inapplicable ; Inapplicable ; Inapplicable ; Inapplicable ; Inapplicable ;
; ADR[17]            ; Inapplicable ; Inapplicable ; Inapplicable ; Inapplicable ; Inapplicable ; Pass      ; Inapplicable ; Inapplicable ; Pass      ; Pass      ; Inapplicable ; Pass         ; Inapplicable ; Inapplicable ; Inapplicable ; Inapplicable ; Pass         ; Inapplicable ; Inapplicable ; Inapplicable ; Inapplicable ; Pass         ; Inapplicable ; Inapplicable ; Inapplicable ; Inapplicable ; Inapplicable ; Inapplicable ;
; ADR[18]            ; Inapplicable ; Inapplicable ; Inapplicable ; Inapplicable ; Inapplicable ; Pass      ; Inapplicable ; Inapplicable ; Pass      ; Pass      ; Inapplicable ; Pass         ; Inapplicable ; Inapplicable ; Inapplicable ; Inapplicable ; Pass         ; Inapplicable ; Inapplicable ; Inapplicable ; Inapplicable ; Pass         ; Inapplicable ; Inapplicable ; Inapplicable ; Inapplicable ; Inapplicable ; Inapplicable ;
; ADR[19]            ; Inapplicable ; Inapplicable ; Inapplicable ; Inapplicable ; Inapplicable ; Pass      ; Inapplicable ; Inapplicable ; Pass      ; Pass      ; Inapplicable ; Pass         ; Inapplicable ; Inapplicable ; Inapplicable ; Inapplicable ; Pass         ; Inapplicable ; Inapplicable ; Inapplicable ; Inapplicable ; Pass         ; Inapplicable ; Inapplicable ; Inapplicable ; Inapplicable ; Inapplicable ; Inapplicable ;
; ADR[20]            ; Inapplicable ; Inapplicable ; Inapplicable ; Inapplicable ; Inapplicable ; Pass      ; Inapplicable ; Inapplicable ; Pass      ; Pass      ; Inapplicable ; Pass         ; Inapplicable ; Inapplicable ; Inapplicable ; Inapplicable ; Pass         ; Inapplicable ; Inapplicable ; Inapplicable ; Inapplicable ; Pass         ; Inapplicable ; Inapplicable ; Inapplicable ; Inapplicable ; Inapplicable ; Inapplicable ;
; ADR[21]            ; Inapplicable ; Inapplicable ; Inapplicable ; Inapplicable ; Inapplicable ; Pass      ; Inapplicable ; Inapplicable ; Pass      ; Pass      ; Inapplicable ; Pass         ; Inapplicable ; Inapplicable ; Inapplicable ; Inapplicable ; Pass         ; Inapplicable ; Inapplicable ; Inapplicable ; Inapplicable ; Pass         ; Inapplicable ; Inapplicable ; Inapplicable ; Inapplicable ; Inapplicable ; Inapplicable ;
; ADR[22]            ; Inapplicable ; Inapplicable ; Inapplicable ; Inapplicable ; Inapplicable ; Pass      ; Inapplicable ; Inapplicable ; Pass      ; Pass      ; Inapplicable ; Pass         ; Inapplicable ; Inapplicable ; Inapplicable ; Inapplicable ; Pass         ; Inapplicable ; Inapplicable ; Inapplicable ; Inapplicable ; Pass         ; Inapplicable ; Inapplicable ; Inapplicable ; Inapplicable ; Inapplicable ; Inapplicable ;
; ADR[23]            ; Inapplicable ; Inapplicable ; Inapplicable ; Inapplicable ; Inapplicable ; Pass      ; Inapplicable ; Inapplicable ; Pass      ; Pass      ; Inapplicable ; Pass         ; Inapplicable ; Inapplicable ; Inapplicable ; Inapplicable ; Pass         ; Inapplicable ; Inapplicable ; Inapplicable ; Inapplicable ; Pass         ; Inapplicable ; Inapplicable ; Inapplicable ; Inapplicable ; Inapplicable ; Inapplicable ;
; ADR[24]            ; Inapplicable ; Inapplicable ; Inapplicable ; Inapplicable ; Inapplicable ; Pass      ; Inapplicable ; Inapplicable ; Pass      ; Pass      ; Inapplicable ; Pass         ; Inapplicable ; Inapplicable ; Inapplicable ; Inapplicable ; Pass         ; Inapplicable ; Inapplicable ; Inapplicable ; Inapplicable ; Pass         ; Inapplicable ; Inapplicable ; Inapplicable ; Inapplicable ; Inapplicable ; Inapplicable ;
; ADR[25]            ; Inapplicable ; Inapplicable ; Inapplicable ; Inapplicable ; Inapplicable ; Pass      ; Inapplicable ; Inapplicable ; Pass      ; Pass      ; Inapplicable ; Pass         ; Inapplicable ; Inapplicable ; Inapplicable ; Inapplicable ; Pass         ; Inapplicable ; Inapplicable ; Inapplicable ; Inapplicable ; Pass         ; Inapplicable ; Inapplicable ; Inapplicable ; Inapplicable ; Inapplicable ; Inapplicable ;
; ADR[26]            ; Inapplicable ; Inapplicable ; Inapplicable ; Inapplicable ; Inapplicable ; Pass      ; Inapplicable ; Inapplicable ; Pass      ; Pass      ; Inapplicable ; Pass         ; Inapplicable ; Inapplicable ; Inapplicable ; Inapplicable ; Pass         ; Inapplicable ; Inapplicable ; Inapplicable ; Inapplicable ; Pass         ; Inapplicable ; Inapplicable ; Inapplicable ; Inapplicable ; Inapplicable ; Inapplicable ;
; ADR[27]            ; Inapplicable ; Inapplicable ; Inapplicable ; Inapplicable ; Inapplicable ; Pass      ; Inapplicable ; Inapplicable ; Pass      ; Pass      ; Inapplicable ; Pass         ; Inapplicable ; Inapplicable ; Inapplicable ; Inapplicable ; Pass         ; Inapplicable ; Inapplicable ; Inapplicable ; Inapplicable ; Pass         ; Inapplicable ; Inapplicable ; Inapplicable ; Inapplicable ; Inapplicable ; Inapplicable ;
; ADR[28]            ; Inapplicable ; Inapplicable ; Inapplicable ; Inapplicable ; Inapplicable ; Pass      ; Inapplicable ; Inapplicable ; Pass      ; Pass      ; Inapplicable ; Pass         ; Inapplicable ; Inapplicable ; Inapplicable ; Inapplicable ; Pass         ; Inapplicable ; Inapplicable ; Inapplicable ; Inapplicable ; Pass         ; Inapplicable ; Inapplicable ; Inapplicable ; Inapplicable ; Inapplicable ; Inapplicable ;
; ADR[29]            ; Inapplicable ; Inapplicable ; Inapplicable ; Inapplicable ; Inapplicable ; Pass      ; Inapplicable ; Inapplicable ; Pass      ; Pass      ; Inapplicable ; Pass         ; Inapplicable ; Inapplicable ; Inapplicable ; Inapplicable ; Pass         ; Inapplicable ; Inapplicable ; Inapplicable ; Inapplicable ; Pass         ; Inapplicable ; Inapplicable ; Inapplicable ; Inapplicable ; Inapplicable ; Inapplicable ;
; ADR[30]            ; Inapplicable ; Inapplicable ; Inapplicable ; Inapplicable ; Inapplicable ; Pass      ; Inapplicable ; Inapplicable ; Pass      ; Pass      ; Inapplicable ; Pass         ; Inapplicable ; Inapplicable ; Inapplicable ; Inapplicable ; Pass         ; Inapplicable ; Inapplicable ; Inapplicable ; Inapplicable ; Pass         ; Inapplicable ; Inapplicable ; Inapplicable ; Inapplicable ; Inapplicable ; Inapplicable ;
; ADR[31]            ; Inapplicable ; Inapplicable ; Inapplicable ; Inapplicable ; Inapplicable ; Pass      ; Inapplicable ; Inapplicable ; Pass      ; Pass      ; Inapplicable ; Pass         ; Inapplicable ; Inapplicable ; Inapplicable ; Inapplicable ; Pass         ; Inapplicable ; Inapplicable ; Inapplicable ; Inapplicable ; Pass         ; Inapplicable ; Inapplicable ; Inapplicable ; Inapplicable ; Inapplicable ; Inapplicable ;
; IRout[0]           ; Inapplicable ; Inapplicable ; Inapplicable ; Inapplicable ; Inapplicable ; Pass      ; Inapplicable ; Inapplicable ; Pass      ; Pass      ; Inapplicable ; Pass         ; Inapplicable ; Inapplicable ; Inapplicable ; Inapplicable ; Pass         ; Inapplicable ; Inapplicable ; Inapplicable ; Inapplicable ; Pass         ; Inapplicable ; Inapplicable ; Inapplicable ; Inapplicable ; Inapplicable ; Inapplicable ;
; IRout[1]           ; Inapplicable ; Inapplicable ; Inapplicable ; Inapplicable ; Inapplicable ; Pass      ; Inapplicable ; Inapplicable ; Pass      ; Pass      ; Inapplicable ; Pass         ; Inapplicable ; Inapplicable ; Inapplicable ; Inapplicable ; Pass         ; Inapplicable ; Inapplicable ; Inapplicable ; Inapplicable ; Pass         ; Inapplicable ; Inapplicable ; Inapplicable ; Inapplicable ; Inapplicable ; Inapplicable ;
; IRout[2]           ; Inapplicable ; Inapplicable ; Inapplicable ; Inapplicable ; Inapplicable ; Pass      ; Inapplicable ; Inapplicable ; Pass      ; Pass      ; Inapplicable ; Pass         ; Inapplicable ; Inapplicable ; Inapplicable ; Inapplicable ; Pass         ; Inapplicable ; Inapplicable ; Inapplicable ; Inapplicable ; Pass         ; Inapplicable ; Inapplicable ; Inapplicable ; Inapplicable ; Inapplicable ; Inapplicable ;
; IRout[3]           ; Inapplicable ; Inapplicable ; Inapplicable ; Inapplicable ; Inapplicable ; Pass      ; Inapplicable ; Inapplicable ; Pass      ; Pass      ; Inapplicable ; Pass         ; Inapplicable ; Inapplicable ; Inapplicable ; Inapplicable ; Pass         ; Inapplicable ; Inapplicable ; Inapplicable ; Inapplicable ; Pass         ; Inapplicable ; Inapplicable ; Inapplicable ; Inapplicable ; Inapplicable ; Inapplicable ;
; IRout[4]           ; Inapplicable ; Inapplicable ; Inapplicable ; Inapplicable ; Inapplicable ; Pass      ; Inapplicable ; Inapplicable ; Pass      ; Pass      ; Inapplicable ; Pass         ; Inapplicable ; Inapplicable ; Inapplicable ; Inapplicable ; Pass         ; Inapplicable ; Inapplicable ; Inapplicable ; Inapplicable ; Pass         ; Inapplicable ; Inapplicable ; Inapplicable ; Inapplicable ; Inapplicable ; Inapplicable ;
; IRout[5]           ; Inapplicable ; Inapplicable ; Inapplicable ; Inapplicable ; Inapplicable ; Pass      ; Inapplicable ; Inapplicable ; Pass      ; Pass      ; Inapplicable ; Pass         ; Inapplicable ; Inapplicable ; Inapplicable ; Inapplicable ; Pass         ; Inapplicable ; Inapplicable ; Inapplicable ; Inapplicable ; Pass         ; Inapplicable ; Inapplicable ; Inapplicable ; Inapplicable ; Inapplicable ; Inapplicable ;
; IRout[6]           ; Inapplicable ; Inapplicable ; Inapplicable ; Inapplicable ; Inapplicable ; Pass      ; Inapplicable ; Inapplicable ; Pass      ; Pass      ; Inapplicable ; Pass         ; Inapplicable ; Inapplicable ; Inapplicable ; Inapplicable ; Pass         ; Inapplicable ; Inapplicable ; Inapplicable ; Inapplicable ; Pass         ; Inapplicable ; Inapplicable ; Inapplicable ; Inapplicable ; Inapplicable ; Inapplicable ;
; IRout[7]           ; Inapplicable ; Inapplicable ; Inapplicable ; Inapplicable ; Inapplicable ; Pass      ; Inapplicable ; Inapplicable ; Pass      ; Pass      ; Inapplicable ; Pass         ; Inapplicable ; Inapplicable ; Inapplicable ; Inapplicable ; Pass         ; Inapplicable ; Inapplicable ; Inapplicable ; Inapplicable ; Pass         ; Inapplicable ; Inapplicable ; Inapplicable ; Inapplicable ; Inapplicable ; Inapplicable ;
; IRout[8]           ; Inapplicable ; Inapplicable ; Inapplicable ; Inapplicable ; Inapplicable ; Pass      ; Inapplicable ; Inapplicable ; Pass      ; Pass      ; Inapplicable ; Pass         ; Inapplicable ; Inapplicable ; Inapplicable ; Inapplicable ; Pass         ; Inapplicable ; Inapplicable ; Inapplicable ; Inapplicable ; Pass         ; Inapplicable ; Inapplicable ; Inapplicable ; Inapplicable ; Inapplicable ; Inapplicable ;
; IRout[9]           ; Inapplicable ; Inapplicable ; Inapplicable ; Inapplicable ; Inapplicable ; Pass      ; Inapplicable ; Inapplicable ; Pass      ; Pass      ; Inapplicable ; Pass         ; Inapplicable ; Inapplicable ; Inapplicable ; Inapplicable ; Pass         ; Inapplicable ; Inapplicable ; Inapplicable ; Inapplicable ; Pass         ; Inapplicable ; Inapplicable ; Inapplicable ; Inapplicable ; Inapplicable ; Inapplicable ;
; IRout[10]          ; Inapplicable ; Inapplicable ; Inapplicable ; Inapplicable ; Inapplicable ; Pass      ; Inapplicable ; Inapplicable ; Pass      ; Pass      ; Inapplicable ; Pass         ; Inapplicable ; Inapplicable ; Inapplicable ; Inapplicable ; Pass         ; Inapplicable ; Inapplicable ; Inapplicable ; Inapplicable ; Pass         ; Inapplicable ; Inapplicable ; Inapplicable ; Inapplicable ; Inapplicable ; Inapplicable ;
; IRout[11]          ; Inapplicable ; Inapplicable ; Inapplicable ; Inapplicable ; Inapplicable ; Pass      ; Inapplicable ; Inapplicable ; Pass      ; Pass      ; Inapplicable ; Pass         ; Inapplicable ; Inapplicable ; Inapplicable ; Inapplicable ; Pass         ; Inapplicable ; Inapplicable ; Inapplicable ; Inapplicable ; Pass         ; Inapplicable ; Inapplicable ; Inapplicable ; Inapplicable ; Inapplicable ; Inapplicable ;
; IRout[12]          ; Inapplicable ; Inapplicable ; Inapplicable ; Inapplicable ; Inapplicable ; Pass      ; Inapplicable ; Inapplicable ; Pass      ; Pass      ; Inapplicable ; Pass         ; Inapplicable ; Inapplicable ; Inapplicable ; Inapplicable ; Pass         ; Inapplicable ; Inapplicable ; Inapplicable ; Inapplicable ; Pass         ; Inapplicable ; Inapplicable ; Inapplicable ; Inapplicable ; Inapplicable ; Inapplicable ;
; IRout[13]          ; Inapplicable ; Inapplicable ; Inapplicable ; Inapplicable ; Inapplicable ; Pass      ; Inapplicable ; Inapplicable ; Pass      ; Pass      ; Inapplicable ; Pass         ; Inapplicable ; Inapplicable ; Inapplicable ; Inapplicable ; Pass         ; Inapplicable ; Inapplicable ; Inapplicable ; Inapplicable ; Pass         ; Inapplicable ; Inapplicable ; Inapplicable ; Inapplicable ; Inapplicable ; Inapplicable ;
; IRout[14]          ; Inapplicable ; Inapplicable ; Inapplicable ; Inapplicable ; Inapplicable ; Pass      ; Inapplicable ; Inapplicable ; Pass      ; Pass      ; Inapplicable ; Pass         ; Inapplicable ; Inapplicable ; Inapplicable ; Inapplicable ; Pass         ; Inapplicable ; Inapplicable ; Inapplicable ; Inapplicable ; Pass         ; Inapplicable ; Inapplicable ; Inapplicable ; Inapplicable ; Inapplicable ; Inapplicable ;
; IRout[15]          ; Inapplicable ; Inapplicable ; Inapplicable ; Inapplicable ; Inapplicable ; Pass      ; Inapplicable ; Inapplicable ; Pass      ; Pass      ; Inapplicable ; Pass         ; Inapplicable ; Inapplicable ; Inapplicable ; Inapplicable ; Pass         ; Inapplicable ; Inapplicable ; Inapplicable ; Inapplicable ; Pass         ; Inapplicable ; Inapplicable ; Inapplicable ; Inapplicable ; Inapplicable ; Inapplicable ;
; SEGout[0]          ; Inapplicable ; Inapplicable ; Inapplicable ; Inapplicable ; Inapplicable ; Pass      ; Inapplicable ; Inapplicable ; Pass      ; Pass      ; Inapplicable ; Pass         ; Inapplicable ; Inapplicable ; Inapplicable ; Inapplicable ; Pass         ; Inapplicable ; Inapplicable ; Inapplicable ; Inapplicable ; Pass         ; Inapplicable ; Inapplicable ; Inapplicable ; Inapplicable ; Inapplicable ; Inapplicable ;
; SEGout[1]          ; Inapplicable ; Inapplicable ; Inapplicable ; Inapplicable ; Inapplicable ; Pass      ; Inapplicable ; Inapplicable ; Pass      ; Pass      ; Inapplicable ; Pass         ; Inapplicable ; Inapplicable ; Inapplicable ; Inapplicable ; Pass         ; Inapplicable ; Inapplicable ; Inapplicable ; Inapplicable ; Pass         ; Inapplicable ; Inapplicable ; Inapplicable ; Inapplicable ; Inapplicable ; Inapplicable ;
; SEGout[2]          ; Inapplicable ; Inapplicable ; Inapplicable ; Inapplicable ; Inapplicable ; Pass      ; Inapplicable ; Inapplicable ; Pass      ; Pass      ; Inapplicable ; Pass         ; Inapplicable ; Inapplicable ; Inapplicable ; Inapplicable ; Pass         ; Inapplicable ; Inapplicable ; Inapplicable ; Inapplicable ; Pass         ; Inapplicable ; Inapplicable ; Inapplicable ; Inapplicable ; Inapplicable ; Inapplicable ;
; SEGout[3]          ; Inapplicable ; Inapplicable ; Inapplicable ; Inapplicable ; Inapplicable ; Pass      ; Inapplicable ; Inapplicable ; Pass      ; Pass      ; Inapplicable ; Pass         ; Inapplicable ; Inapplicable ; Inapplicable ; Inapplicable ; Pass         ; Inapplicable ; Inapplicable ; Inapplicable ; Inapplicable ; Pass         ; Inapplicable ; Inapplicable ; Inapplicable ; Inapplicable ; Inapplicable ; Inapplicable ;
; SEGout[4]          ; Inapplicable ; Inapplicable ; Inapplicable ; Inapplicable ; Inapplicable ; Pass      ; Inapplicable ; Inapplicable ; Pass      ; Pass      ; Inapplicable ; Pass         ; Inapplicable ; Inapplicable ; Inapplicable ; Inapplicable ; Pass         ; Inapplicable ; Inapplicable ; Inapplicable ; Inapplicable ; Pass         ; Inapplicable ; Inapplicable ; Inapplicable ; Inapplicable ; Inapplicable ; Inapplicable ;
; SEGout[5]          ; Inapplicable ; Inapplicable ; Inapplicable ; Inapplicable ; Inapplicable ; Pass      ; Inapplicable ; Inapplicable ; Pass      ; Pass      ; Inapplicable ; Pass         ; Inapplicable ; Inapplicable ; Inapplicable ; Inapplicable ; Pass         ; Inapplicable ; Inapplicable ; Inapplicable ; Inapplicable ; Pass         ; Inapplicable ; Inapplicable ; Inapplicable ; Inapplicable ; Inapplicable ; Inapplicable ;
; SEGout[6]          ; Inapplicable ; Inapplicable ; Inapplicable ; Inapplicable ; Inapplicable ; Pass      ; Inapplicable ; Inapplicable ; Pass      ; Pass      ; Inapplicable ; Pass         ; Inapplicable ; Inapplicable ; Inapplicable ; Inapplicable ; Pass         ; Inapplicable ; Inapplicable ; Inapplicable ; Inapplicable ; Pass         ; Inapplicable ; Inapplicable ; Inapplicable ; Inapplicable ; Inapplicable ; Inapplicable ;
; SEGout[7]          ; Inapplicable ; Inapplicable ; Inapplicable ; Inapplicable ; Inapplicable ; Pass      ; Inapplicable ; Inapplicable ; Pass      ; Pass      ; Inapplicable ; Pass         ; Inapplicable ; Inapplicable ; Inapplicable ; Inapplicable ; Pass         ; Inapplicable ; Inapplicable ; Inapplicable ; Inapplicable ; Pass         ; Inapplicable ; Inapplicable ; Inapplicable ; Inapplicable ; Inapplicable ; Inapplicable ;
; SEGout[8]          ; Inapplicable ; Inapplicable ; Inapplicable ; Inapplicable ; Inapplicable ; Pass      ; Inapplicable ; Inapplicable ; Pass      ; Pass      ; Inapplicable ; Pass         ; Inapplicable ; Inapplicable ; Inapplicable ; Inapplicable ; Pass         ; Inapplicable ; Inapplicable ; Inapplicable ; Inapplicable ; Pass         ; Inapplicable ; Inapplicable ; Inapplicable ; Inapplicable ; Inapplicable ; Inapplicable ;
; SEGout[9]          ; Inapplicable ; Inapplicable ; Inapplicable ; Inapplicable ; Inapplicable ; Pass      ; Inapplicable ; Inapplicable ; Pass      ; Pass      ; Inapplicable ; Pass         ; Inapplicable ; Inapplicable ; Inapplicable ; Inapplicable ; Pass         ; Inapplicable ; Inapplicable ; Inapplicable ; Inapplicable ; Pass         ; Inapplicable ; Inapplicable ; Inapplicable ; Inapplicable ; Inapplicable ; Inapplicable ;
; SEGout[10]         ; Inapplicable ; Inapplicable ; Inapplicable ; Inapplicable ; Inapplicable ; Pass      ; Inapplicable ; Inapplicable ; Pass      ; Pass      ; Inapplicable ; Pass         ; Inapplicable ; Inapplicable ; Inapplicable ; Inapplicable ; Pass         ; Inapplicable ; Inapplicable ; Inapplicable ; Inapplicable ; Pass         ; Inapplicable ; Inapplicable ; Inapplicable ; Inapplicable ; Inapplicable ; Inapplicable ;
; SEGout[11]         ; Inapplicable ; Inapplicable ; Inapplicable ; Inapplicable ; Inapplicable ; Pass      ; Inapplicable ; Inapplicable ; Pass      ; Pass      ; Inapplicable ; Pass         ; Inapplicable ; Inapplicable ; Inapplicable ; Inapplicable ; Pass         ; Inapplicable ; Inapplicable ; Inapplicable ; Inapplicable ; Pass         ; Inapplicable ; Inapplicable ; Inapplicable ; Inapplicable ; Inapplicable ; Inapplicable ;
; SEGout[12]         ; Inapplicable ; Inapplicable ; Inapplicable ; Inapplicable ; Inapplicable ; Pass      ; Inapplicable ; Inapplicable ; Pass      ; Pass      ; Inapplicable ; Pass         ; Inapplicable ; Inapplicable ; Inapplicable ; Inapplicable ; Pass         ; Inapplicable ; Inapplicable ; Inapplicable ; Inapplicable ; Pass         ; Inapplicable ; Inapplicable ; Inapplicable ; Inapplicable ; Inapplicable ; Inapplicable ;
; SEGout[13]         ; Inapplicable ; Inapplicable ; Inapplicable ; Inapplicable ; Inapplicable ; Pass      ; Inapplicable ; Inapplicable ; Pass      ; Pass      ; Inapplicable ; Pass         ; Inapplicable ; Inapplicable ; Inapplicable ; Inapplicable ; Pass         ; Inapplicable ; Inapplicable ; Inapplicable ; Inapplicable ; Pass         ; Inapplicable ; Inapplicable ; Inapplicable ; Inapplicable ; Inapplicable ; Inapplicable ;
; SEGout[14]         ; Inapplicable ; Inapplicable ; Inapplicable ; Inapplicable ; Inapplicable ; Pass      ; Inapplicable ; Inapplicable ; Pass      ; Pass      ; Inapplicable ; Pass         ; Inapplicable ; Inapplicable ; Inapplicable ; Inapplicable ; Pass         ; Inapplicable ; Inapplicable ; Inapplicable ; Inapplicable ; Pass         ; Inapplicable ; Inapplicable ; Inapplicable ; Inapplicable ; Inapplicable ; Inapplicable ;
; SEGout[15]         ; Inapplicable ; Inapplicable ; Inapplicable ; Inapplicable ; Inapplicable ; Pass      ; Inapplicable ; Inapplicable ; Pass      ; Pass      ; Inapplicable ; Pass         ; Inapplicable ; Inapplicable ; Inapplicable ; Inapplicable ; Pass         ; Inapplicable ; Inapplicable ; Inapplicable ; Inapplicable ; Pass         ; Inapplicable ; Inapplicable ; Inapplicable ; Inapplicable ; Inapplicable ; Inapplicable ;
; flag_C             ; Inapplicable ; Inapplicable ; Inapplicable ; Inapplicable ; Inapplicable ; Pass      ; Inapplicable ; Inapplicable ; Pass      ; Pass      ; Inapplicable ; Pass         ; Inapplicable ; Inapplicable ; Inapplicable ; Inapplicable ; Pass         ; Inapplicable ; Inapplicable ; Inapplicable ; Inapplicable ; Pass         ; Inapplicable ; Inapplicable ; Inapplicable ; Inapplicable ; Inapplicable ; Inapplicable ;
; flag_Z             ; Inapplicable ; Inapplicable ; Inapplicable ; Inapplicable ; Inapplicable ; Pass      ; Inapplicable ; Inapplicable ; Pass      ; Pass      ; Inapplicable ; Pass         ; Inapplicable ; Inapplicable ; Inapplicable ; Inapplicable ; Pass         ; Inapplicable ; Inapplicable ; Inapplicable ; Inapplicable ; Pass         ; Inapplicable ; Inapplicable ; Inapplicable ; Inapplicable ; Inapplicable ; Inapplicable ;
; flag_S             ; Inapplicable ; Inapplicable ; Inapplicable ; Inapplicable ; Inapplicable ; Pass      ; Inapplicable ; Inapplicable ; Pass      ; Pass      ; Inapplicable ; Pass         ; Inapplicable ; Inapplicable ; Inapplicable ; Inapplicable ; Pass         ; Inapplicable ; Inapplicable ; Inapplicable ; Inapplicable ; Pass         ; Inapplicable ; Inapplicable ; Inapplicable ; Inapplicable ; Inapplicable ; Inapplicable ;
; flag_P             ; Inapplicable ; Inapplicable ; Inapplicable ; Inapplicable ; Inapplicable ; Pass      ; Inapplicable ; Inapplicable ; Pass      ; Pass      ; Inapplicable ; Pass         ; Inapplicable ; Inapplicable ; Inapplicable ; Inapplicable ; Pass         ; Inapplicable ; Inapplicable ; Inapplicable ; Inapplicable ; Pass         ; Inapplicable ; Inapplicable ; Inapplicable ; Inapplicable ; Inapplicable ; Inapplicable ;
; rA_dbg[0]          ; Inapplicable ; Inapplicable ; Inapplicable ; Inapplicable ; Inapplicable ; Pass      ; Inapplicable ; Inapplicable ; Pass      ; Pass      ; Inapplicable ; Pass         ; Inapplicable ; Inapplicable ; Inapplicable ; Inapplicable ; Pass         ; Inapplicable ; Inapplicable ; Inapplicable ; Inapplicable ; Pass         ; Inapplicable ; Inapplicable ; Inapplicable ; Inapplicable ; Inapplicable ; Inapplicable ;
; rA_dbg[1]          ; Inapplicable ; Inapplicable ; Inapplicable ; Inapplicable ; Inapplicable ; Pass      ; Inapplicable ; Inapplicable ; Pass      ; Pass      ; Inapplicable ; Pass         ; Inapplicable ; Inapplicable ; Inapplicable ; Inapplicable ; Pass         ; Inapplicable ; Inapplicable ; Inapplicable ; Inapplicable ; Pass         ; Inapplicable ; Inapplicable ; Inapplicable ; Inapplicable ; Inapplicable ; Inapplicable ;
; rA_dbg[2]          ; Inapplicable ; Inapplicable ; Inapplicable ; Inapplicable ; Inapplicable ; Pass      ; Inapplicable ; Inapplicable ; Pass      ; Pass      ; Inapplicable ; Pass         ; Inapplicable ; Inapplicable ; Inapplicable ; Inapplicable ; Pass         ; Inapplicable ; Inapplicable ; Inapplicable ; Inapplicable ; Pass         ; Inapplicable ; Inapplicable ; Inapplicable ; Inapplicable ; Inapplicable ; Inapplicable ;
; rA_dbg[3]          ; Inapplicable ; Inapplicable ; Inapplicable ; Inapplicable ; Inapplicable ; Pass      ; Inapplicable ; Inapplicable ; Pass      ; Pass      ; Inapplicable ; Pass         ; Inapplicable ; Inapplicable ; Inapplicable ; Inapplicable ; Pass         ; Inapplicable ; Inapplicable ; Inapplicable ; Inapplicable ; Pass         ; Inapplicable ; Inapplicable ; Inapplicable ; Inapplicable ; Inapplicable ; Inapplicable ;
; rA_dbg[4]          ; Inapplicable ; Inapplicable ; Inapplicable ; Inapplicable ; Inapplicable ; Pass      ; Inapplicable ; Inapplicable ; Pass      ; Pass      ; Inapplicable ; Pass         ; Inapplicable ; Inapplicable ; Inapplicable ; Inapplicable ; Pass         ; Inapplicable ; Inapplicable ; Inapplicable ; Inapplicable ; Pass         ; Inapplicable ; Inapplicable ; Inapplicable ; Inapplicable ; Inapplicable ; Inapplicable ;
; rA_dbg[5]          ; Inapplicable ; Inapplicable ; Inapplicable ; Inapplicable ; Inapplicable ; Pass      ; Inapplicable ; Inapplicable ; Pass      ; Pass      ; Inapplicable ; Pass         ; Inapplicable ; Inapplicable ; Inapplicable ; Inapplicable ; Pass         ; Inapplicable ; Inapplicable ; Inapplicable ; Inapplicable ; Pass         ; Inapplicable ; Inapplicable ; Inapplicable ; Inapplicable ; Inapplicable ; Inapplicable ;
; rA_dbg[6]          ; Inapplicable ; Inapplicable ; Inapplicable ; Inapplicable ; Inapplicable ; Pass      ; Inapplicable ; Inapplicable ; Pass      ; Pass      ; Inapplicable ; Pass         ; Inapplicable ; Inapplicable ; Inapplicable ; Inapplicable ; Pass         ; Inapplicable ; Inapplicable ; Inapplicable ; Inapplicable ; Pass         ; Inapplicable ; Inapplicable ; Inapplicable ; Inapplicable ; Inapplicable ; Inapplicable ;
; rA_dbg[7]          ; Inapplicable ; Inapplicable ; Inapplicable ; Inapplicable ; Inapplicable ; Pass      ; Inapplicable ; Inapplicable ; Pass      ; Pass      ; Inapplicable ; Pass         ; Inapplicable ; Inapplicable ; Inapplicable ; Inapplicable ; Pass         ; Inapplicable ; Inapplicable ; Inapplicable ; Inapplicable ; Pass         ; Inapplicable ; Inapplicable ; Inapplicable ; Inapplicable ; Inapplicable ; Inapplicable ;
; rA_dbg[8]          ; Inapplicable ; Inapplicable ; Inapplicable ; Inapplicable ; Inapplicable ; Pass      ; Inapplicable ; Inapplicable ; Pass      ; Pass      ; Inapplicable ; Pass         ; Inapplicable ; Inapplicable ; Inapplicable ; Inapplicable ; Pass         ; Inapplicable ; Inapplicable ; Inapplicable ; Inapplicable ; Pass         ; Inapplicable ; Inapplicable ; Inapplicable ; Inapplicable ; Inapplicable ; Inapplicable ;
; rA_dbg[9]          ; Inapplicable ; Inapplicable ; Inapplicable ; Inapplicable ; Inapplicable ; Pass      ; Inapplicable ; Inapplicable ; Pass      ; Pass      ; Inapplicable ; Pass         ; Inapplicable ; Inapplicable ; Inapplicable ; Inapplicable ; Pass         ; Inapplicable ; Inapplicable ; Inapplicable ; Inapplicable ; Pass         ; Inapplicable ; Inapplicable ; Inapplicable ; Inapplicable ; Inapplicable ; Inapplicable ;
; rA_dbg[10]         ; Inapplicable ; Inapplicable ; Inapplicable ; Inapplicable ; Inapplicable ; Pass      ; Inapplicable ; Inapplicable ; Pass      ; Pass      ; Inapplicable ; Pass         ; Inapplicable ; Inapplicable ; Inapplicable ; Inapplicable ; Pass         ; Inapplicable ; Inapplicable ; Inapplicable ; Inapplicable ; Pass         ; Inapplicable ; Inapplicable ; Inapplicable ; Inapplicable ; Inapplicable ; Inapplicable ;
; rA_dbg[11]         ; Inapplicable ; Inapplicable ; Inapplicable ; Inapplicable ; Inapplicable ; Pass      ; Inapplicable ; Inapplicable ; Pass      ; Pass      ; Inapplicable ; Pass         ; Inapplicable ; Inapplicable ; Inapplicable ; Inapplicable ; Pass         ; Inapplicable ; Inapplicable ; Inapplicable ; Inapplicable ; Pass         ; Inapplicable ; Inapplicable ; Inapplicable ; Inapplicable ; Inapplicable ; Inapplicable ;
; rA_dbg[12]         ; Inapplicable ; Inapplicable ; Inapplicable ; Inapplicable ; Inapplicable ; Pass      ; Inapplicable ; Inapplicable ; Pass      ; Pass      ; Inapplicable ; Pass         ; Inapplicable ; Inapplicable ; Inapplicable ; Inapplicable ; Pass         ; Inapplicable ; Inapplicable ; Inapplicable ; Inapplicable ; Pass         ; Inapplicable ; Inapplicable ; Inapplicable ; Inapplicable ; Inapplicable ; Inapplicable ;
; rA_dbg[13]         ; Inapplicable ; Inapplicable ; Inapplicable ; Inapplicable ; Inapplicable ; Pass      ; Inapplicable ; Inapplicable ; Pass      ; Pass      ; Inapplicable ; Pass         ; Inapplicable ; Inapplicable ; Inapplicable ; Inapplicable ; Pass         ; Inapplicable ; Inapplicable ; Inapplicable ; Inapplicable ; Pass         ; Inapplicable ; Inapplicable ; Inapplicable ; Inapplicable ; Inapplicable ; Inapplicable ;
; rA_dbg[14]         ; Inapplicable ; Inapplicable ; Inapplicable ; Inapplicable ; Inapplicable ; Pass      ; Inapplicable ; Inapplicable ; Pass      ; Pass      ; Inapplicable ; Pass         ; Inapplicable ; Inapplicable ; Inapplicable ; Inapplicable ; Pass         ; Inapplicable ; Inapplicable ; Inapplicable ; Inapplicable ; Pass         ; Inapplicable ; Inapplicable ; Inapplicable ; Inapplicable ; Inapplicable ; Inapplicable ;
; rA_dbg[15]         ; Inapplicable ; Inapplicable ; Inapplicable ; Inapplicable ; Inapplicable ; Pass      ; Inapplicable ; Inapplicable ; Pass      ; Pass      ; Inapplicable ; Pass         ; Inapplicable ; Inapplicable ; Inapplicable ; Inapplicable ; Pass         ; Inapplicable ; Inapplicable ; Inapplicable ; Inapplicable ; Pass         ; Inapplicable ; Inapplicable ; Inapplicable ; Inapplicable ; Inapplicable ; Inapplicable ;
; rB_dbg[0]          ; Inapplicable ; Inapplicable ; Inapplicable ; Inapplicable ; Inapplicable ; Pass      ; Inapplicable ; Inapplicable ; Pass      ; Pass      ; Inapplicable ; Pass         ; Inapplicable ; Inapplicable ; Inapplicable ; Inapplicable ; Pass         ; Inapplicable ; Inapplicable ; Inapplicable ; Inapplicable ; Pass         ; Inapplicable ; Inapplicable ; Inapplicable ; Inapplicable ; Inapplicable ; Inapplicable ;
; rB_dbg[1]          ; Inapplicable ; Inapplicable ; Inapplicable ; Inapplicable ; Inapplicable ; Pass      ; Inapplicable ; Inapplicable ; Pass      ; Pass      ; Inapplicable ; Pass         ; Inapplicable ; Inapplicable ; Inapplicable ; Inapplicable ; Pass         ; Inapplicable ; Inapplicable ; Inapplicable ; Inapplicable ; Pass         ; Inapplicable ; Inapplicable ; Inapplicable ; Inapplicable ; Inapplicable ; Inapplicable ;
; rB_dbg[2]          ; Inapplicable ; Inapplicable ; Inapplicable ; Inapplicable ; Inapplicable ; Pass      ; Inapplicable ; Inapplicable ; Pass      ; Pass      ; Inapplicable ; Pass         ; Inapplicable ; Inapplicable ; Inapplicable ; Inapplicable ; Pass         ; Inapplicable ; Inapplicable ; Inapplicable ; Inapplicable ; Pass         ; Inapplicable ; Inapplicable ; Inapplicable ; Inapplicable ; Inapplicable ; Inapplicable ;
; rB_dbg[3]          ; Inapplicable ; Inapplicable ; Inapplicable ; Inapplicable ; Inapplicable ; Pass      ; Inapplicable ; Inapplicable ; Pass      ; Pass      ; Inapplicable ; Pass         ; Inapplicable ; Inapplicable ; Inapplicable ; Inapplicable ; Pass         ; Inapplicable ; Inapplicable ; Inapplicable ; Inapplicable ; Pass         ; Inapplicable ; Inapplicable ; Inapplicable ; Inapplicable ; Inapplicable ; Inapplicable ;
; rB_dbg[4]          ; Inapplicable ; Inapplicable ; Inapplicable ; Inapplicable ; Inapplicable ; Pass      ; Inapplicable ; Inapplicable ; Pass      ; Pass      ; Inapplicable ; Pass         ; Inapplicable ; Inapplicable ; Inapplicable ; Inapplicable ; Pass         ; Inapplicable ; Inapplicable ; Inapplicable ; Inapplicable ; Pass         ; Inapplicable ; Inapplicable ; Inapplicable ; Inapplicable ; Inapplicable ; Inapplicable ;
; rB_dbg[5]          ; Inapplicable ; Inapplicable ; Inapplicable ; Inapplicable ; Inapplicable ; Pass      ; Inapplicable ; Inapplicable ; Pass      ; Pass      ; Inapplicable ; Pass         ; Inapplicable ; Inapplicable ; Inapplicable ; Inapplicable ; Pass         ; Inapplicable ; Inapplicable ; Inapplicable ; Inapplicable ; Pass         ; Inapplicable ; Inapplicable ; Inapplicable ; Inapplicable ; Inapplicable ; Inapplicable ;
; rB_dbg[6]          ; Inapplicable ; Inapplicable ; Inapplicable ; Inapplicable ; Inapplicable ; Pass      ; Inapplicable ; Inapplicable ; Pass      ; Pass      ; Inapplicable ; Pass         ; Inapplicable ; Inapplicable ; Inapplicable ; Inapplicable ; Pass         ; Inapplicable ; Inapplicable ; Inapplicable ; Inapplicable ; Pass         ; Inapplicable ; Inapplicable ; Inapplicable ; Inapplicable ; Inapplicable ; Inapplicable ;
; rB_dbg[7]          ; Inapplicable ; Inapplicable ; Inapplicable ; Inapplicable ; Inapplicable ; Pass      ; Inapplicable ; Inapplicable ; Pass      ; Pass      ; Inapplicable ; Pass         ; Inapplicable ; Inapplicable ; Inapplicable ; Inapplicable ; Pass         ; Inapplicable ; Inapplicable ; Inapplicable ; Inapplicable ; Pass         ; Inapplicable ; Inapplicable ; Inapplicable ; Inapplicable ; Inapplicable ; Inapplicable ;
; rB_dbg[8]          ; Inapplicable ; Inapplicable ; Inapplicable ; Inapplicable ; Inapplicable ; Pass      ; Inapplicable ; Inapplicable ; Pass      ; Pass      ; Inapplicable ; Pass         ; Inapplicable ; Inapplicable ; Inapplicable ; Inapplicable ; Pass         ; Inapplicable ; Inapplicable ; Inapplicable ; Inapplicable ; Pass         ; Inapplicable ; Inapplicable ; Inapplicable ; Inapplicable ; Inapplicable ; Inapplicable ;
; rB_dbg[9]          ; Inapplicable ; Inapplicable ; Inapplicable ; Inapplicable ; Inapplicable ; Pass      ; Inapplicable ; Inapplicable ; Pass      ; Pass      ; Inapplicable ; Pass         ; Inapplicable ; Inapplicable ; Inapplicable ; Inapplicable ; Pass         ; Inapplicable ; Inapplicable ; Inapplicable ; Inapplicable ; Pass         ; Inapplicable ; Inapplicable ; Inapplicable ; Inapplicable ; Inapplicable ; Inapplicable ;
; rB_dbg[10]         ; Inapplicable ; Inapplicable ; Inapplicable ; Inapplicable ; Inapplicable ; Pass      ; Inapplicable ; Inapplicable ; Pass      ; Pass      ; Inapplicable ; Pass         ; Inapplicable ; Inapplicable ; Inapplicable ; Inapplicable ; Pass         ; Inapplicable ; Inapplicable ; Inapplicable ; Inapplicable ; Pass         ; Inapplicable ; Inapplicable ; Inapplicable ; Inapplicable ; Inapplicable ; Inapplicable ;
; rB_dbg[11]         ; Inapplicable ; Inapplicable ; Inapplicable ; Inapplicable ; Inapplicable ; Pass      ; Inapplicable ; Inapplicable ; Pass      ; Pass      ; Inapplicable ; Pass         ; Inapplicable ; Inapplicable ; Inapplicable ; Inapplicable ; Pass         ; Inapplicable ; Inapplicable ; Inapplicable ; Inapplicable ; Pass         ; Inapplicable ; Inapplicable ; Inapplicable ; Inapplicable ; Inapplicable ; Inapplicable ;
; rB_dbg[12]         ; Inapplicable ; Inapplicable ; Inapplicable ; Inapplicable ; Inapplicable ; Pass      ; Inapplicable ; Inapplicable ; Pass      ; Pass      ; Inapplicable ; Pass         ; Inapplicable ; Inapplicable ; Inapplicable ; Inapplicable ; Pass         ; Inapplicable ; Inapplicable ; Inapplicable ; Inapplicable ; Pass         ; Inapplicable ; Inapplicable ; Inapplicable ; Inapplicable ; Inapplicable ; Inapplicable ;
; rB_dbg[13]         ; Inapplicable ; Inapplicable ; Inapplicable ; Inapplicable ; Inapplicable ; Pass      ; Inapplicable ; Inapplicable ; Pass      ; Pass      ; Inapplicable ; Pass         ; Inapplicable ; Inapplicable ; Inapplicable ; Inapplicable ; Pass         ; Inapplicable ; Inapplicable ; Inapplicable ; Inapplicable ; Pass         ; Inapplicable ; Inapplicable ; Inapplicable ; Inapplicable ; Inapplicable ; Inapplicable ;
; rB_dbg[14]         ; Inapplicable ; Inapplicable ; Inapplicable ; Inapplicable ; Inapplicable ; Pass      ; Inapplicable ; Inapplicable ; Pass      ; Pass      ; Inapplicable ; Pass         ; Inapplicable ; Inapplicable ; Inapplicable ; Inapplicable ; Pass         ; Inapplicable ; Inapplicable ; Inapplicable ; Inapplicable ; Pass         ; Inapplicable ; Inapplicable ; Inapplicable ; Inapplicable ; Inapplicable ; Inapplicable ;
; rB_dbg[15]         ; Inapplicable ; Inapplicable ; Inapplicable ; Inapplicable ; Inapplicable ; Pass      ; Inapplicable ; Inapplicable ; Pass      ; Pass      ; Inapplicable ; Pass         ; Inapplicable ; Inapplicable ; Inapplicable ; Inapplicable ; Pass         ; Inapplicable ; Inapplicable ; Inapplicable ; Inapplicable ; Pass         ; Inapplicable ; Inapplicable ; Inapplicable ; Inapplicable ; Inapplicable ; Inapplicable ;
; PC_dbg[0]          ; Inapplicable ; Inapplicable ; Inapplicable ; Inapplicable ; Inapplicable ; Pass      ; Inapplicable ; Inapplicable ; Pass      ; Pass      ; Inapplicable ; Pass         ; Inapplicable ; Inapplicable ; Inapplicable ; Inapplicable ; Pass         ; Inapplicable ; Inapplicable ; Inapplicable ; Inapplicable ; Pass         ; Inapplicable ; Inapplicable ; Inapplicable ; Inapplicable ; Inapplicable ; Inapplicable ;
; PC_dbg[1]          ; Inapplicable ; Inapplicable ; Inapplicable ; Inapplicable ; Inapplicable ; Pass      ; Inapplicable ; Inapplicable ; Pass      ; Pass      ; Inapplicable ; Pass         ; Inapplicable ; Inapplicable ; Inapplicable ; Inapplicable ; Pass         ; Inapplicable ; Inapplicable ; Inapplicable ; Inapplicable ; Pass         ; Inapplicable ; Inapplicable ; Inapplicable ; Inapplicable ; Inapplicable ; Inapplicable ;
; PC_dbg[2]          ; Inapplicable ; Inapplicable ; Inapplicable ; Inapplicable ; Inapplicable ; Pass      ; Inapplicable ; Inapplicable ; Pass      ; Pass      ; Inapplicable ; Pass         ; Inapplicable ; Inapplicable ; Inapplicable ; Inapplicable ; Pass         ; Inapplicable ; Inapplicable ; Inapplicable ; Inapplicable ; Pass         ; Inapplicable ; Inapplicable ; Inapplicable ; Inapplicable ; Inapplicable ; Inapplicable ;
; PC_dbg[3]          ; Inapplicable ; Inapplicable ; Inapplicable ; Inapplicable ; Inapplicable ; Pass      ; Inapplicable ; Inapplicable ; Pass      ; Pass      ; Inapplicable ; Pass         ; Inapplicable ; Inapplicable ; Inapplicable ; Inapplicable ; Pass         ; Inapplicable ; Inapplicable ; Inapplicable ; Inapplicable ; Pass         ; Inapplicable ; Inapplicable ; Inapplicable ; Inapplicable ; Inapplicable ; Inapplicable ;
; PC_dbg[4]          ; Inapplicable ; Inapplicable ; Inapplicable ; Inapplicable ; Inapplicable ; Pass      ; Inapplicable ; Inapplicable ; Pass      ; Pass      ; Inapplicable ; Pass         ; Inapplicable ; Inapplicable ; Inapplicable ; Inapplicable ; Pass         ; Inapplicable ; Inapplicable ; Inapplicable ; Inapplicable ; Pass         ; Inapplicable ; Inapplicable ; Inapplicable ; Inapplicable ; Inapplicable ; Inapplicable ;
; PC_dbg[5]          ; Inapplicable ; Inapplicable ; Inapplicable ; Inapplicable ; Inapplicable ; Pass      ; Inapplicable ; Inapplicable ; Pass      ; Pass      ; Inapplicable ; Pass         ; Inapplicable ; Inapplicable ; Inapplicable ; Inapplicable ; Pass         ; Inapplicable ; Inapplicable ; Inapplicable ; Inapplicable ; Pass         ; Inapplicable ; Inapplicable ; Inapplicable ; Inapplicable ; Inapplicable ; Inapplicable ;
; PC_dbg[6]          ; Inapplicable ; Inapplicable ; Inapplicable ; Inapplicable ; Inapplicable ; Pass      ; Inapplicable ; Inapplicable ; Pass      ; Pass      ; Inapplicable ; Pass         ; Inapplicable ; Inapplicable ; Inapplicable ; Inapplicable ; Pass         ; Inapplicable ; Inapplicable ; Inapplicable ; Inapplicable ; Pass         ; Inapplicable ; Inapplicable ; Inapplicable ; Inapplicable ; Inapplicable ; Inapplicable ;
; PC_dbg[7]          ; Inapplicable ; Inapplicable ; Inapplicable ; Inapplicable ; Inapplicable ; Pass      ; Inapplicable ; Inapplicable ; Pass      ; Pass      ; Inapplicable ; Pass         ; Inapplicable ; Inapplicable ; Inapplicable ; Inapplicable ; Pass         ; Inapplicable ; Inapplicable ; Inapplicable ; Inapplicable ; Pass         ; Inapplicable ; Inapplicable ; Inapplicable ; Inapplicable ; Inapplicable ; Inapplicable ;
; PC_dbg[8]          ; Inapplicable ; Inapplicable ; Inapplicable ; Inapplicable ; Inapplicable ; Pass      ; Inapplicable ; Inapplicable ; Pass      ; Pass      ; Inapplicable ; Pass         ; Inapplicable ; Inapplicable ; Inapplicable ; Inapplicable ; Pass         ; Inapplicable ; Inapplicable ; Inapplicable ; Inapplicable ; Pass         ; Inapplicable ; Inapplicable ; Inapplicable ; Inapplicable ; Inapplicable ; Inapplicable ;
; PC_dbg[9]          ; Inapplicable ; Inapplicable ; Inapplicable ; Inapplicable ; Inapplicable ; Pass      ; Inapplicable ; Inapplicable ; Pass      ; Pass      ; Inapplicable ; Pass         ; Inapplicable ; Inapplicable ; Inapplicable ; Inapplicable ; Pass         ; Inapplicable ; Inapplicable ; Inapplicable ; Inapplicable ; Pass         ; Inapplicable ; Inapplicable ; Inapplicable ; Inapplicable ; Inapplicable ; Inapplicable ;
; PC_dbg[10]         ; Inapplicable ; Inapplicable ; Inapplicable ; Inapplicable ; Inapplicable ; Pass      ; Inapplicable ; Inapplicable ; Pass      ; Pass      ; Inapplicable ; Pass         ; Inapplicable ; Inapplicable ; Inapplicable ; Inapplicable ; Pass         ; Inapplicable ; Inapplicable ; Inapplicable ; Inapplicable ; Pass         ; Inapplicable ; Inapplicable ; Inapplicable ; Inapplicable ; Inapplicable ; Inapplicable ;
; PC_dbg[11]         ; Inapplicable ; Inapplicable ; Inapplicable ; Inapplicable ; Inapplicable ; Pass      ; Inapplicable ; Inapplicable ; Pass      ; Pass      ; Inapplicable ; Pass         ; Inapplicable ; Inapplicable ; Inapplicable ; Inapplicable ; Pass         ; Inapplicable ; Inapplicable ; Inapplicable ; Inapplicable ; Pass         ; Inapplicable ; Inapplicable ; Inapplicable ; Inapplicable ; Inapplicable ; Inapplicable ;
; PC_dbg[12]         ; Inapplicable ; Inapplicable ; Inapplicable ; Inapplicable ; Inapplicable ; Pass      ; Inapplicable ; Inapplicable ; Pass      ; Pass      ; Inapplicable ; Pass         ; Inapplicable ; Inapplicable ; Inapplicable ; Inapplicable ; Pass         ; Inapplicable ; Inapplicable ; Inapplicable ; Inapplicable ; Pass         ; Inapplicable ; Inapplicable ; Inapplicable ; Inapplicable ; Inapplicable ; Inapplicable ;
; PC_dbg[13]         ; Inapplicable ; Inapplicable ; Inapplicable ; Inapplicable ; Inapplicable ; Pass      ; Inapplicable ; Inapplicable ; Pass      ; Pass      ; Inapplicable ; Pass         ; Inapplicable ; Inapplicable ; Inapplicable ; Inapplicable ; Pass         ; Inapplicable ; Inapplicable ; Inapplicable ; Inapplicable ; Pass         ; Inapplicable ; Inapplicable ; Inapplicable ; Inapplicable ; Inapplicable ; Inapplicable ;
; PC_dbg[14]         ; Inapplicable ; Inapplicable ; Inapplicable ; Inapplicable ; Inapplicable ; Pass      ; Inapplicable ; Inapplicable ; Pass      ; Pass      ; Inapplicable ; Pass         ; Inapplicable ; Inapplicable ; Inapplicable ; Inapplicable ; Pass         ; Inapplicable ; Inapplicable ; Inapplicable ; Inapplicable ; Pass         ; Inapplicable ; Inapplicable ; Inapplicable ; Inapplicable ; Inapplicable ; Inapplicable ;
; PC_dbg[15]         ; Inapplicable ; Inapplicable ; Inapplicable ; Inapplicable ; Inapplicable ; Pass      ; Inapplicable ; Inapplicable ; Pass      ; Pass      ; Inapplicable ; Pass         ; Inapplicable ; Inapplicable ; Inapplicable ; Inapplicable ; Pass         ; Inapplicable ; Inapplicable ; Inapplicable ; Inapplicable ; Pass         ; Inapplicable ; Inapplicable ; Inapplicable ; Inapplicable ; Inapplicable ; Inapplicable ;
; Sbb[1]             ; Inapplicable ; Inapplicable ; Inapplicable ; Inapplicable ; Inapplicable ; Pass      ; Inapplicable ; Inapplicable ; Pass      ; Pass      ; Inapplicable ; Inapplicable ; Inapplicable ; Inapplicable ; Inapplicable ; Inapplicable ; Inapplicable ; Inapplicable ; Inapplicable ; Inapplicable ; Inapplicable ; Inapplicable ; Inapplicable ; Inapplicable ; Inapplicable ; Inapplicable ; Inapplicable ; Inapplicable ;
; Sbb[2]             ; Inapplicable ; Inapplicable ; Inapplicable ; Inapplicable ; Inapplicable ; Pass      ; Inapplicable ; Inapplicable ; Pass      ; Pass      ; Inapplicable ; Inapplicable ; Inapplicable ; Inapplicable ; Inapplicable ; Inapplicable ; Inapplicable ; Inapplicable ; Inapplicable ; Inapplicable ; Inapplicable ; Inapplicable ; Inapplicable ; Inapplicable ; Inapplicable ; Inapplicable ; Inapplicable ; Inapplicable ;
; Sbb[3]             ; Inapplicable ; Inapplicable ; Inapplicable ; Inapplicable ; Inapplicable ; Pass      ; Inapplicable ; Inapplicable ; Pass      ; Pass      ; Inapplicable ; Inapplicable ; Inapplicable ; Inapplicable ; Inapplicable ; Inapplicable ; Inapplicable ; Inapplicable ; Inapplicable ; Inapplicable ; Inapplicable ; Inapplicable ; Inapplicable ; Inapplicable ; Inapplicable ; Inapplicable ; Inapplicable ; Inapplicable ;
; Sbb[0]             ; Inapplicable ; Inapplicable ; Inapplicable ; Inapplicable ; Inapplicable ; Pass      ; Inapplicable ; Inapplicable ; Pass      ; Pass      ; Inapplicable ; Inapplicable ; Inapplicable ; Inapplicable ; Inapplicable ; Inapplicable ; Inapplicable ; Inapplicable ; Inapplicable ; Inapplicable ; Inapplicable ; Inapplicable ; Inapplicable ; Inapplicable ; Inapplicable ; Inapplicable ; Inapplicable ; Inapplicable ;
; Sbb[4]             ; Inapplicable ; Inapplicable ; Inapplicable ; Inapplicable ; Inapplicable ; Pass      ; Inapplicable ; Inapplicable ; Pass      ; Pass      ; Inapplicable ; Inapplicable ; Inapplicable ; Inapplicable ; Inapplicable ; Inapplicable ; Inapplicable ; Inapplicable ; Inapplicable ; Inapplicable ; Inapplicable ; Inapplicable ; Inapplicable ; Inapplicable ; Inapplicable ; Inapplicable ; Inapplicable ; Inapplicable ;
; DI[0]              ; Inapplicable ; Inapplicable ; Inapplicable ; Inapplicable ; Inapplicable ; Pass      ; Inapplicable ; Inapplicable ; Pass      ; Pass      ; Inapplicable ; Inapplicable ; Inapplicable ; Inapplicable ; Inapplicable ; Inapplicable ; Inapplicable ; Inapplicable ; Inapplicable ; Inapplicable ; Inapplicable ; Inapplicable ; Inapplicable ; Inapplicable ; Inapplicable ; Inapplicable ; Inapplicable ; Inapplicable ;
; DI[1]              ; Inapplicable ; Inapplicable ; Inapplicable ; Inapplicable ; Inapplicable ; Pass      ; Inapplicable ; Inapplicable ; Pass      ; Pass      ; Inapplicable ; Inapplicable ; Inapplicable ; Inapplicable ; Inapplicable ; Inapplicable ; Inapplicable ; Inapplicable ; Inapplicable ; Inapplicable ; Inapplicable ; Inapplicable ; Inapplicable ; Inapplicable ; Inapplicable ; Inapplicable ; Inapplicable ; Inapplicable ;
; DI[2]              ; Inapplicable ; Inapplicable ; Inapplicable ; Inapplicable ; Inapplicable ; Pass      ; Inapplicable ; Inapplicable ; Pass      ; Pass      ; Inapplicable ; Inapplicable ; Inapplicable ; Inapplicable ; Inapplicable ; Inapplicable ; Inapplicable ; Inapplicable ; Inapplicable ; Inapplicable ; Inapplicable ; Inapplicable ; Inapplicable ; Inapplicable ; Inapplicable ; Inapplicable ; Inapplicable ; Inapplicable ;
; DI[3]              ; Inapplicable ; Inapplicable ; Inapplicable ; Inapplicable ; Inapplicable ; Pass      ; Inapplicable ; Inapplicable ; Pass      ; Pass      ; Inapplicable ; Inapplicable ; Inapplicable ; Inapplicable ; Inapplicable ; Inapplicable ; Inapplicable ; Inapplicable ; Inapplicable ; Inapplicable ; Inapplicable ; Inapplicable ; Inapplicable ; Inapplicable ; Inapplicable ; Inapplicable ; Inapplicable ; Inapplicable ;
; DI[4]              ; Inapplicable ; Inapplicable ; Inapplicable ; Inapplicable ; Inapplicable ; Pass      ; Inapplicable ; Inapplicable ; Pass      ; Pass      ; Inapplicable ; Inapplicable ; Inapplicable ; Inapplicable ; Inapplicable ; Inapplicable ; Inapplicable ; Inapplicable ; Inapplicable ; Inapplicable ; Inapplicable ; Inapplicable ; Inapplicable ; Inapplicable ; Inapplicable ; Inapplicable ; Inapplicable ; Inapplicable ;
; DI[5]              ; Inapplicable ; Inapplicable ; Inapplicable ; Inapplicable ; Inapplicable ; Pass      ; Inapplicable ; Inapplicable ; Pass      ; Pass      ; Inapplicable ; Inapplicable ; Inapplicable ; Inapplicable ; Inapplicable ; Inapplicable ; Inapplicable ; Inapplicable ; Inapplicable ; Inapplicable ; Inapplicable ; Inapplicable ; Inapplicable ; Inapplicable ; Inapplicable ; Inapplicable ; Inapplicable ; Inapplicable ;
; DI[6]              ; Inapplicable ; Inapplicable ; Inapplicable ; Inapplicable ; Inapplicable ; Pass      ; Inapplicable ; Inapplicable ; Pass      ; Pass      ; Inapplicable ; Inapplicable ; Inapplicable ; Inapplicable ; Inapplicable ; Inapplicable ; Inapplicable ; Inapplicable ; Inapplicable ; Inapplicable ; Inapplicable ; Inapplicable ; Inapplicable ; Inapplicable ; Inapplicable ; Inapplicable ; Inapplicable ; Inapplicable ;
; DI[7]              ; Inapplicable ; Inapplicable ; Inapplicable ; Inapplicable ; Inapplicable ; Pass      ; Inapplicable ; Inapplicable ; Pass      ; Pass      ; Inapplicable ; Inapplicable ; Inapplicable ; Inapplicable ; Inapplicable ; Inapplicable ; Inapplicable ; Inapplicable ; Inapplicable ; Inapplicable ; Inapplicable ; Inapplicable ; Inapplicable ; Inapplicable ; Inapplicable ; Inapplicable ; Inapplicable ; Inapplicable ;
; DI[8]              ; Inapplicable ; Inapplicable ; Inapplicable ; Inapplicable ; Inapplicable ; Pass      ; Inapplicable ; Inapplicable ; Pass      ; Pass      ; Inapplicable ; Inapplicable ; Inapplicable ; Inapplicable ; Inapplicable ; Inapplicable ; Inapplicable ; Inapplicable ; Inapplicable ; Inapplicable ; Inapplicable ; Inapplicable ; Inapplicable ; Inapplicable ; Inapplicable ; Inapplicable ; Inapplicable ; Inapplicable ;
; DI[9]              ; Inapplicable ; Inapplicable ; Inapplicable ; Inapplicable ; Inapplicable ; Pass      ; Inapplicable ; Inapplicable ; Pass      ; Pass      ; Inapplicable ; Inapplicable ; Inapplicable ; Inapplicable ; Inapplicable ; Inapplicable ; Inapplicable ; Inapplicable ; Inapplicable ; Inapplicable ; Inapplicable ; Inapplicable ; Inapplicable ; Inapplicable ; Inapplicable ; Inapplicable ; Inapplicable ; Inapplicable ;
; DI[10]             ; Inapplicable ; Inapplicable ; Inapplicable ; Inapplicable ; Inapplicable ; Pass      ; Inapplicable ; Inapplicable ; Pass      ; Pass      ; Inapplicable ; Inapplicable ; Inapplicable ; Inapplicable ; Inapplicable ; Inapplicable ; Inapplicable ; Inapplicable ; Inapplicable ; Inapplicable ; Inapplicable ; Inapplicable ; Inapplicable ; Inapplicable ; Inapplicable ; Inapplicable ; Inapplicable ; Inapplicable ;
; DI[11]             ; Inapplicable ; Inapplicable ; Inapplicable ; Inapplicable ; Inapplicable ; Pass      ; Inapplicable ; Inapplicable ; Pass      ; Pass      ; Inapplicable ; Inapplicable ; Inapplicable ; Inapplicable ; Inapplicable ; Inapplicable ; Inapplicable ; Inapplicable ; Inapplicable ; Inapplicable ; Inapplicable ; Inapplicable ; Inapplicable ; Inapplicable ; Inapplicable ; Inapplicable ; Inapplicable ; Inapplicable ;
; DI[12]             ; Inapplicable ; Inapplicable ; Inapplicable ; Inapplicable ; Inapplicable ; Pass      ; Inapplicable ; Inapplicable ; Pass      ; Pass      ; Inapplicable ; Inapplicable ; Inapplicable ; Inapplicable ; Inapplicable ; Inapplicable ; Inapplicable ; Inapplicable ; Inapplicable ; Inapplicable ; Inapplicable ; Inapplicable ; Inapplicable ; Inapplicable ; Inapplicable ; Inapplicable ; Inapplicable ; Inapplicable ;
; DI[13]             ; Inapplicable ; Inapplicable ; Inapplicable ; Inapplicable ; Inapplicable ; Pass      ; Inapplicable ; Inapplicable ; Pass      ; Pass      ; Inapplicable ; Inapplicable ; Inapplicable ; Inapplicable ; Inapplicable ; Inapplicable ; Inapplicable ; Inapplicable ; Inapplicable ; Inapplicable ; Inapplicable ; Inapplicable ; Inapplicable ; Inapplicable ; Inapplicable ; Inapplicable ; Inapplicable ; Inapplicable ;
; DI[14]             ; Inapplicable ; Inapplicable ; Inapplicable ; Inapplicable ; Inapplicable ; Pass      ; Inapplicable ; Inapplicable ; Pass      ; Pass      ; Inapplicable ; Inapplicable ; Inapplicable ; Inapplicable ; Inapplicable ; Inapplicable ; Inapplicable ; Inapplicable ; Inapplicable ; Inapplicable ; Inapplicable ; Inapplicable ; Inapplicable ; Inapplicable ; Inapplicable ; Inapplicable ; Inapplicable ; Inapplicable ;
; DI[15]             ; Inapplicable ; Inapplicable ; Inapplicable ; Inapplicable ; Inapplicable ; Pass      ; Inapplicable ; Inapplicable ; Pass      ; Pass      ; Inapplicable ; Inapplicable ; Inapplicable ; Inapplicable ; Inapplicable ; Inapplicable ; Inapplicable ; Inapplicable ; Inapplicable ; Inapplicable ; Inapplicable ; Inapplicable ; Inapplicable ; Inapplicable ; Inapplicable ; Inapplicable ; Inapplicable ; Inapplicable ;
; Sbc[1]             ; Inapplicable ; Inapplicable ; Inapplicable ; Inapplicable ; Inapplicable ; Pass      ; Inapplicable ; Inapplicable ; Pass      ; Pass      ; Inapplicable ; Inapplicable ; Inapplicable ; Inapplicable ; Inapplicable ; Inapplicable ; Inapplicable ; Inapplicable ; Inapplicable ; Inapplicable ; Inapplicable ; Inapplicable ; Inapplicable ; Inapplicable ; Inapplicable ; Inapplicable ; Inapplicable ; Inapplicable ;
; Sbc[2]             ; Inapplicable ; Inapplicable ; Inapplicable ; Inapplicable ; Inapplicable ; Pass      ; Inapplicable ; Inapplicable ; Pass      ; Pass      ; Inapplicable ; Inapplicable ; Inapplicable ; Inapplicable ; Inapplicable ; Inapplicable ; Inapplicable ; Inapplicable ; Inapplicable ; Inapplicable ; Inapplicable ; Inapplicable ; Inapplicable ; Inapplicable ; Inapplicable ; Inapplicable ; Inapplicable ; Inapplicable ;
; Sbc[3]             ; Inapplicable ; Inapplicable ; Inapplicable ; Inapplicable ; Inapplicable ; Pass      ; Inapplicable ; Inapplicable ; Pass      ; Pass      ; Inapplicable ; Inapplicable ; Inapplicable ; Inapplicable ; Inapplicable ; Inapplicable ; Inapplicable ; Inapplicable ; Inapplicable ; Inapplicable ; Inapplicable ; Inapplicable ; Inapplicable ; Inapplicable ; Inapplicable ; Inapplicable ; Inapplicable ; Inapplicable ;
; Sbc[0]             ; Inapplicable ; Inapplicable ; Inapplicable ; Inapplicable ; Inapplicable ; Pass      ; Inapplicable ; Inapplicable ; Pass      ; Pass      ; Inapplicable ; Inapplicable ; Inapplicable ; Inapplicable ; Inapplicable ; Inapplicable ; Inapplicable ; Inapplicable ; Inapplicable ; Inapplicable ; Inapplicable ; Inapplicable ; Inapplicable ; Inapplicable ; Inapplicable ; Inapplicable ; Inapplicable ; Inapplicable ;
; Sbc[4]             ; Inapplicable ; Inapplicable ; Inapplicable ; Inapplicable ; Inapplicable ; Pass      ; Inapplicable ; Inapplicable ; Pass      ; Pass      ; Inapplicable ; Inapplicable ; Inapplicable ; Inapplicable ; Inapplicable ; Inapplicable ; Inapplicable ; Inapplicable ; Inapplicable ; Inapplicable ; Inapplicable ; Inapplicable ; Inapplicable ; Inapplicable ; Inapplicable ; Inapplicable ; Inapplicable ; Inapplicable ;
; Sa[0]              ; Inapplicable ; Inapplicable ; Inapplicable ; Inapplicable ; Inapplicable ; Pass      ; Inapplicable ; Inapplicable ; Pass      ; Pass      ; Inapplicable ; Inapplicable ; Inapplicable ; Inapplicable ; Inapplicable ; Inapplicable ; Inapplicable ; Inapplicable ; Inapplicable ; Inapplicable ; Inapplicable ; Inapplicable ; Inapplicable ; Inapplicable ; Inapplicable ; Inapplicable ; Inapplicable ; Inapplicable ;
; Sa[1]              ; Inapplicable ; Inapplicable ; Inapplicable ; Inapplicable ; Inapplicable ; Pass      ; Inapplicable ; Inapplicable ; Pass      ; Pass      ; Inapplicable ; Inapplicable ; Inapplicable ; Inapplicable ; Inapplicable ; Inapplicable ; Inapplicable ; Inapplicable ; Inapplicable ; Inapplicable ; Inapplicable ; Inapplicable ; Inapplicable ; Inapplicable ; Inapplicable ; Inapplicable ; Inapplicable ; Inapplicable ;
; Sas[0]             ; Inapplicable ; Inapplicable ; Inapplicable ; Inapplicable ; Inapplicable ; Pass      ; Inapplicable ; Inapplicable ; Pass      ; Pass      ; Inapplicable ; Inapplicable ; Inapplicable ; Inapplicable ; Inapplicable ; Inapplicable ; Inapplicable ; Inapplicable ; Inapplicable ; Inapplicable ; Inapplicable ; Inapplicable ; Inapplicable ; Inapplicable ; Inapplicable ; Inapplicable ; Inapplicable ; Inapplicable ;
; Sas[1]             ; Inapplicable ; Inapplicable ; Inapplicable ; Inapplicable ; Inapplicable ; Pass      ; Inapplicable ; Inapplicable ; Pass      ; Pass      ; Inapplicable ; Inapplicable ; Inapplicable ; Inapplicable ; Inapplicable ; Inapplicable ; Inapplicable ; Inapplicable ; Inapplicable ; Inapplicable ; Inapplicable ; Inapplicable ; Inapplicable ; Inapplicable ; Inapplicable ; Inapplicable ; Inapplicable ; Inapplicable ;
; BA[0]              ; Inapplicable ; Inapplicable ; Inapplicable ; Inapplicable ; Inapplicable ; Pass      ; Inapplicable ; Inapplicable ; Pass      ; Pass      ; Inapplicable ; Inapplicable ; Inapplicable ; Inapplicable ; Inapplicable ; Inapplicable ; Inapplicable ; Inapplicable ; Inapplicable ; Inapplicable ; Inapplicable ; Inapplicable ; Inapplicable ; Inapplicable ; Inapplicable ; Inapplicable ; Inapplicable ; Inapplicable ;
; clk                ; Inapplicable ; Inapplicable ; Inapplicable ; Inapplicable ; Inapplicable ; Pass      ; Inapplicable ; Inapplicable ; Pass      ; Pass      ; Inapplicable ; Inapplicable ; Inapplicable ; Inapplicable ; Inapplicable ; Inapplicable ; Inapplicable ; Inapplicable ; Inapplicable ; Inapplicable ; Inapplicable ; Inapplicable ; Inapplicable ; Inapplicable ; Inapplicable ; Inapplicable ; Inapplicable ; Inapplicable ;
; reset              ; Inapplicable ; Inapplicable ; Inapplicable ; Inapplicable ; Inapplicable ; Pass      ; Inapplicable ; Inapplicable ; Pass      ; Pass      ; Inapplicable ; Inapplicable ; Inapplicable ; Inapplicable ; Inapplicable ; Inapplicable ; Inapplicable ; Inapplicable ; Inapplicable ; Inapplicable ; Inapplicable ; Inapplicable ; Inapplicable ; Inapplicable ; Inapplicable ; Inapplicable ; Inapplicable ; Inapplicable ;
; Sba[0]             ; Inapplicable ; Inapplicable ; Inapplicable ; Inapplicable ; Inapplicable ; Pass      ; Inapplicable ; Inapplicable ; Pass      ; Pass      ; Inapplicable ; Inapplicable ; Inapplicable ; Inapplicable ; Inapplicable ; Inapplicable ; Inapplicable ; Inapplicable ; Inapplicable ; Inapplicable ; Inapplicable ; Inapplicable ; Inapplicable ; Inapplicable ; Inapplicable ; Inapplicable ; Inapplicable ; Inapplicable ;
; Sba[3]             ; Inapplicable ; Inapplicable ; Inapplicable ; Inapplicable ; Inapplicable ; Pass      ; Inapplicable ; Inapplicable ; Pass      ; Pass      ; Inapplicable ; Inapplicable ; Inapplicable ; Inapplicable ; Inapplicable ; Inapplicable ; Inapplicable ; Inapplicable ; Inapplicable ; Inapplicable ; Inapplicable ; Inapplicable ; Inapplicable ; Inapplicable ; Inapplicable ; Inapplicable ; Inapplicable ; Inapplicable ;
; Sba[4]             ; Inapplicable ; Inapplicable ; Inapplicable ; Inapplicable ; Inapplicable ; Pass      ; Inapplicable ; Inapplicable ; Pass      ; Pass      ; Inapplicable ; Inapplicable ; Inapplicable ; Inapplicable ; Inapplicable ; Inapplicable ; Inapplicable ; Inapplicable ; Inapplicable ; Inapplicable ; Inapplicable ; Inapplicable ; Inapplicable ; Inapplicable ; Inapplicable ; Inapplicable ; Inapplicable ; Inapplicable ;
; reg_we             ; Inapplicable ; Inapplicable ; Inapplicable ; Inapplicable ; Inapplicable ; Pass      ; Inapplicable ; Inapplicable ; Pass      ; Pass      ; Inapplicable ; Inapplicable ; Inapplicable ; Inapplicable ; Inapplicable ; Inapplicable ; Inapplicable ; Inapplicable ; Inapplicable ; Inapplicable ; Inapplicable ; Inapplicable ; Inapplicable ; Inapplicable ; Inapplicable ; Inapplicable ; Inapplicable ; Inapplicable ;
; Sba[1]             ; Inapplicable ; Inapplicable ; Inapplicable ; Inapplicable ; Inapplicable ; Pass      ; Inapplicable ; Inapplicable ; Pass      ; Pass      ; Inapplicable ; Inapplicable ; Inapplicable ; Inapplicable ; Inapplicable ; Inapplicable ; Inapplicable ; Inapplicable ; Inapplicable ; Inapplicable ; Inapplicable ; Inapplicable ; Inapplicable ; Inapplicable ; Inapplicable ; Inapplicable ; Inapplicable ; Inapplicable ;
; Sba[2]             ; Inapplicable ; Inapplicable ; Inapplicable ; Inapplicable ; Inapplicable ; Pass      ; Inapplicable ; Inapplicable ; Pass      ; Pass      ; Inapplicable ; Inapplicable ; Inapplicable ; Inapplicable ; Inapplicable ; Inapplicable ; Inapplicable ; Inapplicable ; Inapplicable ; Inapplicable ; Inapplicable ; Inapplicable ; Inapplicable ; Inapplicable ; Inapplicable ; Inapplicable ; Inapplicable ; Inapplicable ;
; Sid[1]             ; Inapplicable ; Inapplicable ; Inapplicable ; Inapplicable ; Inapplicable ; Pass      ; Inapplicable ; Inapplicable ; Pass      ; Pass      ; Inapplicable ; Inapplicable ; Inapplicable ; Inapplicable ; Inapplicable ; Inapplicable ; Inapplicable ; Inapplicable ; Inapplicable ; Inapplicable ; Inapplicable ; Inapplicable ; Inapplicable ; Inapplicable ; Inapplicable ; Inapplicable ; Inapplicable ; Inapplicable ;
; Sid[2]             ; Inapplicable ; Inapplicable ; Inapplicable ; Inapplicable ; Inapplicable ; Pass      ; Inapplicable ; Inapplicable ; Pass      ; Pass      ; Inapplicable ; Inapplicable ; Inapplicable ; Inapplicable ; Inapplicable ; Inapplicable ; Inapplicable ; Inapplicable ; Inapplicable ; Inapplicable ; Inapplicable ; Inapplicable ; Inapplicable ; Inapplicable ; Inapplicable ; Inapplicable ; Inapplicable ; Inapplicable ;
; Sid[0]             ; Inapplicable ; Inapplicable ; Inapplicable ; Inapplicable ; Inapplicable ; Pass      ; Inapplicable ; Inapplicable ; Pass      ; Pass      ; Inapplicable ; Inapplicable ; Inapplicable ; Inapplicable ; Inapplicable ; Inapplicable ; Inapplicable ; Inapplicable ; Inapplicable ; Inapplicable ; Inapplicable ; Inapplicable ; Inapplicable ; Inapplicable ; Inapplicable ; Inapplicable ; Inapplicable ; Inapplicable ;
; FI[0]              ; Inapplicable ; Inapplicable ; Inapplicable ; Inapplicable ; Inapplicable ; Pass      ; Inapplicable ; Inapplicable ; Pass      ; Pass      ; Inapplicable ; Inapplicable ; Inapplicable ; Inapplicable ; Inapplicable ; Inapplicable ; Inapplicable ; Inapplicable ; Inapplicable ; Inapplicable ; Inapplicable ; Inapplicable ; Inapplicable ; Inapplicable ; Inapplicable ; Inapplicable ; Inapplicable ; Inapplicable ;
; LDF                ; Inapplicable ; Inapplicable ; Inapplicable ; Inapplicable ; Inapplicable ; Pass      ; Inapplicable ; Inapplicable ; Pass      ; Pass      ; Inapplicable ; Inapplicable ; Inapplicable ; Inapplicable ; Inapplicable ; Inapplicable ; Inapplicable ; Inapplicable ; Inapplicable ; Inapplicable ; Inapplicable ; Inapplicable ; Inapplicable ; Inapplicable ; Inapplicable ; Inapplicable ; Inapplicable ; Inapplicable ;
; BA[1]              ; Inapplicable ; Inapplicable ; Inapplicable ; Inapplicable ; Inapplicable ; Pass      ; Inapplicable ; Inapplicable ; Pass      ; Pass      ; Inapplicable ; Inapplicable ; Inapplicable ; Inapplicable ; Inapplicable ; Inapplicable ; Inapplicable ; Inapplicable ; Inapplicable ; Inapplicable ; Inapplicable ; Inapplicable ; Inapplicable ; Inapplicable ; Inapplicable ; Inapplicable ; Inapplicable ; Inapplicable ;
; FI[1]              ; Inapplicable ; Inapplicable ; Inapplicable ; Inapplicable ; Inapplicable ; Pass      ; Inapplicable ; Inapplicable ; Pass      ; Pass      ; Inapplicable ; Inapplicable ; Inapplicable ; Inapplicable ; Inapplicable ; Inapplicable ; Inapplicable ; Inapplicable ; Inapplicable ; Inapplicable ; Inapplicable ; Inapplicable ; Inapplicable ; Inapplicable ; Inapplicable ; Inapplicable ; Inapplicable ; Inapplicable ;
; BA[2]              ; Inapplicable ; Inapplicable ; Inapplicable ; Inapplicable ; Inapplicable ; Pass      ; Inapplicable ; Inapplicable ; Pass      ; Pass      ; Inapplicable ; Inapplicable ; Inapplicable ; Inapplicable ; Inapplicable ; Inapplicable ; Inapplicable ; Inapplicable ; Inapplicable ; Inapplicable ; Inapplicable ; Inapplicable ; Inapplicable ; Inapplicable ; Inapplicable ; Inapplicable ; Inapplicable ; Inapplicable ;
; FI[2]              ; Inapplicable ; Inapplicable ; Inapplicable ; Inapplicable ; Inapplicable ; Pass      ; Inapplicable ; Inapplicable ; Pass      ; Pass      ; Inapplicable ; Inapplicable ; Inapplicable ; Inapplicable ; Inapplicable ; Inapplicable ; Inapplicable ; Inapplicable ; Inapplicable ; Inapplicable ; Inapplicable ; Inapplicable ; Inapplicable ; Inapplicable ; Inapplicable ; Inapplicable ; Inapplicable ; Inapplicable ;
; BA[3]              ; Inapplicable ; Inapplicable ; Inapplicable ; Inapplicable ; Inapplicable ; Pass      ; Inapplicable ; Inapplicable ; Pass      ; Pass      ; Inapplicable ; Inapplicable ; Inapplicable ; Inapplicable ; Inapplicable ; Inapplicable ; Inapplicable ; Inapplicable ; Inapplicable ; Inapplicable ; Inapplicable ; Inapplicable ; Inapplicable ; Inapplicable ; Inapplicable ; Inapplicable ; Inapplicable ; Inapplicable ;
; FI[3]              ; Inapplicable ; Inapplicable ; Inapplicable ; Inapplicable ; Inapplicable ; Pass      ; Inapplicable ; Inapplicable ; Pass      ; Pass      ; Inapplicable ; Inapplicable ; Inapplicable ; Inapplicable ; Inapplicable ; Inapplicable ; Inapplicable ; Inapplicable ; Inapplicable ; Inapplicable ; Inapplicable ; Inapplicable ; Inapplicable ; Inapplicable ; Inapplicable ; Inapplicable ; Inapplicable ; Inapplicable ;
; BA[4]              ; Inapplicable ; Inapplicable ; Inapplicable ; Inapplicable ; Inapplicable ; Pass      ; Inapplicable ; Inapplicable ; Pass      ; Pass      ; Inapplicable ; Inapplicable ; Inapplicable ; Inapplicable ; Inapplicable ; Inapplicable ; Inapplicable ; Inapplicable ; Inapplicable ; Inapplicable ; Inapplicable ; Inapplicable ; Inapplicable ; Inapplicable ; Inapplicable ; Inapplicable ; Inapplicable ; Inapplicable ;
; BA[5]              ; Inapplicable ; Inapplicable ; Inapplicable ; Inapplicable ; Inapplicable ; Pass      ; Inapplicable ; Inapplicable ; Pass      ; Pass      ; Inapplicable ; Inapplicable ; Inapplicable ; Inapplicable ; Inapplicable ; Inapplicable ; Inapplicable ; Inapplicable ; Inapplicable ; Inapplicable ; Inapplicable ; Inapplicable ; Inapplicable ; Inapplicable ; Inapplicable ; Inapplicable ; Inapplicable ; Inapplicable ;
; BA[6]              ; Inapplicable ; Inapplicable ; Inapplicable ; Inapplicable ; Inapplicable ; Pass      ; Inapplicable ; Inapplicable ; Pass      ; Pass      ; Inapplicable ; Inapplicable ; Inapplicable ; Inapplicable ; Inapplicable ; Inapplicable ; Inapplicable ; Inapplicable ; Inapplicable ; Inapplicable ; Inapplicable ; Inapplicable ; Inapplicable ; Inapplicable ; Inapplicable ; Inapplicable ; Inapplicable ; Inapplicable ;
; BA[7]              ; Inapplicable ; Inapplicable ; Inapplicable ; Inapplicable ; Inapplicable ; Pass      ; Inapplicable ; Inapplicable ; Pass      ; Pass      ; Inapplicable ; Inapplicable ; Inapplicable ; Inapplicable ; Inapplicable ; Inapplicable ; Inapplicable ; Inapplicable ; Inapplicable ; Inapplicable ; Inapplicable ; Inapplicable ; Inapplicable ; Inapplicable ; Inapplicable ; Inapplicable ; Inapplicable ; Inapplicable ;
; BA[8]              ; Inapplicable ; Inapplicable ; Inapplicable ; Inapplicable ; Inapplicable ; Pass      ; Inapplicable ; Inapplicable ; Pass      ; Pass      ; Inapplicable ; Inapplicable ; Inapplicable ; Inapplicable ; Inapplicable ; Inapplicable ; Inapplicable ; Inapplicable ; Inapplicable ; Inapplicable ; Inapplicable ; Inapplicable ; Inapplicable ; Inapplicable ; Inapplicable ; Inapplicable ; Inapplicable ; Inapplicable ;
; BA[9]              ; Inapplicable ; Inapplicable ; Inapplicable ; Inapplicable ; Inapplicable ; Pass      ; Inapplicable ; Inapplicable ; Pass      ; Pass      ; Inapplicable ; Inapplicable ; Inapplicable ; Inapplicable ; Inapplicable ; Inapplicable ; Inapplicable ; Inapplicable ; Inapplicable ; Inapplicable ; Inapplicable ; Inapplicable ; Inapplicable ; Inapplicable ; Inapplicable ; Inapplicable ; Inapplicable ; Inapplicable ;
; BA[10]             ; Inapplicable ; Inapplicable ; Inapplicable ; Inapplicable ; Inapplicable ; Pass      ; Inapplicable ; Inapplicable ; Pass      ; Pass      ; Inapplicable ; Inapplicable ; Inapplicable ; Inapplicable ; Inapplicable ; Inapplicable ; Inapplicable ; Inapplicable ; Inapplicable ; Inapplicable ; Inapplicable ; Inapplicable ; Inapplicable ; Inapplicable ; Inapplicable ; Inapplicable ; Inapplicable ; Inapplicable ;
; BA[11]             ; Inapplicable ; Inapplicable ; Inapplicable ; Inapplicable ; Inapplicable ; Pass      ; Inapplicable ; Inapplicable ; Pass      ; Pass      ; Inapplicable ; Inapplicable ; Inapplicable ; Inapplicable ; Inapplicable ; Inapplicable ; Inapplicable ; Inapplicable ; Inapplicable ; Inapplicable ; Inapplicable ; Inapplicable ; Inapplicable ; Inapplicable ; Inapplicable ; Inapplicable ; Inapplicable ; Inapplicable ;
; BA[12]             ; Inapplicable ; Inapplicable ; Inapplicable ; Inapplicable ; Inapplicable ; Pass      ; Inapplicable ; Inapplicable ; Pass      ; Pass      ; Inapplicable ; Inapplicable ; Inapplicable ; Inapplicable ; Inapplicable ; Inapplicable ; Inapplicable ; Inapplicable ; Inapplicable ; Inapplicable ; Inapplicable ; Inapplicable ; Inapplicable ; Inapplicable ; Inapplicable ; Inapplicable ; Inapplicable ; Inapplicable ;
; BA[13]             ; Inapplicable ; Inapplicable ; Inapplicable ; Inapplicable ; Inapplicable ; Pass      ; Inapplicable ; Inapplicable ; Pass      ; Pass      ; Inapplicable ; Inapplicable ; Inapplicable ; Inapplicable ; Inapplicable ; Inapplicable ; Inapplicable ; Inapplicable ; Inapplicable ; Inapplicable ; Inapplicable ; Inapplicable ; Inapplicable ; Inapplicable ; Inapplicable ; Inapplicable ; Inapplicable ; Inapplicable ;
; BA[14]             ; Inapplicable ; Inapplicable ; Inapplicable ; Inapplicable ; Inapplicable ; Pass      ; Inapplicable ; Inapplicable ; Pass      ; Pass      ; Inapplicable ; Inapplicable ; Inapplicable ; Inapplicable ; Inapplicable ; Inapplicable ; Inapplicable ; Inapplicable ; Inapplicable ; Inapplicable ; Inapplicable ; Inapplicable ; Inapplicable ; Inapplicable ; Inapplicable ; Inapplicable ; Inapplicable ; Inapplicable ;
; BA[15]             ; Inapplicable ; Inapplicable ; Inapplicable ; Inapplicable ; Inapplicable ; Pass      ; Inapplicable ; Inapplicable ; Pass      ; Pass      ; Inapplicable ; Inapplicable ; Inapplicable ; Inapplicable ; Inapplicable ; Inapplicable ; Inapplicable ; Inapplicable ; Inapplicable ; Inapplicable ; Inapplicable ; Inapplicable ; Inapplicable ; Inapplicable ; Inapplicable ; Inapplicable ; Inapplicable ; Inapplicable ;
+--------------------+--------------+--------------+--------------+--------------+--------------+-----------+--------------+--------------+-----------+-----------+--------------+--------------+--------------+--------------+--------------+--------------+--------------+--------------+--------------+--------------+--------------+--------------+--------------+--------------+--------------+--------------+--------------+--------------+


+------------------------------------------------------------------------------------------------+
; Fitter Device Options                                                                          ;
+------------------------------------------------------------------+-----------------------------+
; Option                                                           ; Setting                     ;
+------------------------------------------------------------------+-----------------------------+
; Enable user-supplied start-up clock (CLKUSR)                     ; Off                         ;
; Enable device-wide reset (DEV_CLRn)                              ; Off                         ;
; Enable device-wide output enable (DEV_OE)                        ; Off                         ;
; Enable INIT_DONE output                                          ; Off                         ;
; Configuration scheme                                             ; Passive Serial              ;
; Enable Error Detection CRC_ERROR pin                             ; Off                         ;
; Enable CvP_CONFDONE pin                                          ; Off                         ;
; Enable open drain on CRC_ERROR pin                               ; On                          ;
; Enable open drain on CvP_CONFDONE pin                            ; On                          ;
; Enable open drain on INIT_DONE pin                               ; On                          ;
; Enable open drain on Partial Reconfiguration pins                ; Off                         ;
; Enable open drain on nCEO pin                                    ; On                          ;
; Enable Partial Reconfiguration pins                              ; Off                         ;
; Enable input tri-state on active configuration pins in user mode ; Off                         ;
; Enable internal scrubbing                                        ; Off                         ;
; Active Serial clock source                                       ; 100 MHz Internal Oscillator ;
; Device initialization clock source                               ; Internal Oscillator         ;
; Configuration via Protocol                                       ; Off                         ;
; Configuration Voltage Level                                      ; Auto                        ;
; Force Configuration Voltage Level                                ; Off                         ;
; Enable nCEO output                                               ; Off                         ;
; Data[15..8]                                                      ; Unreserved                  ;
; Data[7..5]                                                       ; Unreserved                  ;
; Base pin-out file on sameframe device                            ; Off                         ;
+------------------------------------------------------------------+-----------------------------+


+------------------------------------+
; Operating Settings and Conditions  ;
+---------------------------+--------+
; Setting                   ; Value  ;
+---------------------------+--------+
; Nominal Core Voltage      ; 1.10 V ;
; Low Junction Temperature  ; 0 °C   ;
; High Junction Temperature ; 85 °C  ;
+---------------------------+--------+


+------------------------------------------------------------+
; Estimated Delay Added for Hold Timing Summary              ;
+-----------------+----------------------+-------------------+
; Source Clock(s) ; Destination Clock(s) ; Delay Added in ns ;
+-----------------+----------------------+-------------------+
Note: For more information on problematic transfers, consider running the Fitter again with the Optimize hold timing option (Settings Menu) turned off.
This will disable optimization of problematic paths and expose them for further analysis using the Timing Analyzer.


+------------------------------------------------------------+
; Estimated Delay Added for Hold Timing Details              ;
+-----------------+----------------------+-------------------+
; Source Register ; Destination Register ; Delay Added in ns ;
+-----------------+----------------------+-------------------+
; PC[1]           ; PC[31]               ; 0.013             ;
+-----------------+----------------------+-------------------+
Note: This table only shows the top 1 path(s) that have the largest delay added for hold.


+-----------------+
; Fitter Messages ;
+-----------------+
Warning (18236): Number of processors has not been specified which may cause overloading on shared machines.  Set the global assignment NUM_PARALLEL_PROCESSORS in your QSF to an appropriate value for best performance.
Info (20030): Parallel compilation is enabled and will use 6 of the 6 processors detected
Info (119006): Selected device 5CGXFC7C7F23C8 for design "register_cpu"
Info (21077): Low junction temperature is 0 degrees C
Info (21077): High junction temperature is 85 degrees C
Info (171003): Fitter is performing an Auto Fit compilation, which may decrease Fitter effort to reduce compilation time
Warning (292013): Feature LogicLock is only available with a valid subscription license. You can purchase a software subscription to gain full access to this feature.
Warning (15714): Some pins have incomplete I/O assignments. Refer to the I/O Assignment Warnings report for details
Critical Warning (169085): No exact pin location assignment(s) for 210 pins of 210 total pins. For the list of pins please refer to the I/O Assignment Warnings table in the fitter report.
Info (184020): Starting Fitter periphery placement operations
Info (11191): Automatically promoted 2 clocks (2 global)
    Info (11162): clk~inputCLKENA0 with 496 fanout uses global clock CLKCTRL_G9
    Info (11162): reset~inputCLKENA0 with 496 fanout uses global clock CLKCTRL_G6
Info (184021): Fitter periphery placement operations ending: elapsed time is 00:00:00
Info (176233): Starting register packing
Critical Warning (332012): Synopsys Design Constraints File file not found: 'register_cpu.sdc'. A Synopsys Design Constraints File is required by the Timing Analyzer to get proper timing constraints. Without it, the Compiler will not properly optimize the design.
Info (332144): No user constrained base clocks found in the design
Info (332143): No user constrained clock uncertainty found in the design. Calling "derive_clock_uncertainty"
Info (332123): Deriving Clock Uncertainty. Please refer to report_sdc in the Timing Analyzer to see clock uncertainties.
Info (332130): Timing requirements not specified -- quality metrics such as performance may be sacrificed to reduce compilation time.
Info (176235): Finished register packing
    Extra Info (176219): No registers were packed into other blocks
Info (11798): Fitter preparation operations ending: elapsed time is 00:00:08
Info (170189): Fitter placement preparation operations beginning
Info (14951): The Fitter is using Advanced Physical Optimization.
Info (170190): Fitter placement preparation operations ending: elapsed time is 00:00:33
Info (170191): Fitter placement operations beginning
Info (170137): Fitter placement was successful
Info (170192): Fitter placement operations ending: elapsed time is 00:00:04
Info (170193): Fitter routing operations beginning
Info (170195): Router estimated average interconnect usage is 0% of the available device resources
    Info (170196): Router estimated peak interconnect usage is 12% of the available device resources in the region that extends from location X56_Y0 to location X66_Y10
Info (170199): The Fitter performed an Auto Fit compilation.  Optimizations were skipped to reduce compilation time.
    Info (170201): Optimizations that may affect the design's routability were skipped
Info (170194): Fitter routing operations ending: elapsed time is 00:00:02
Info (11888): Total time spent on timing analysis during the Fitter is 1.10 seconds.
Info (334003): Started post-fitting delay annotation
Info (334004): Delay annotation completed successfully
Info (334003): Started post-fitting delay annotation
Info (334004): Delay annotation completed successfully
Info (11801): Fitter post-fit operations ending: elapsed time is 00:00:06
Info (144001): Generated suppressed messages file C:/Users/odrow/OneDrive/Dokumenty/quartus/CPU/laby/Lab2_Rejestry/output_files/register_cpu.fit.smsg
Info: Quartus Prime Fitter was successful. 0 errors, 5 warnings
    Info: Peak virtual memory: 7009 megabytes
    Info: Processing ended: Sun Jun  7 02:45:44 2026
    Info: Elapsed time: 00:01:58
    Info: Total CPU time (on all processors): 00:06:10


+----------------------------+
; Fitter Suppressed Messages ;
+----------------------------+
The suppressed messages can be found in C:/Users/odrow/OneDrive/Dokumenty/quartus/CPU/laby/Lab2_Rejestry/output_files/register_cpu.fit.smsg.


