Fitter report for CPU
Sun Jun  7 01:18:15 2026
Quartus Prime Version 24.1std.0 Build 1077 03/04/2025 SC Lite Edition


---------------------
; Table of Contents ;
---------------------
  1. Legal Notice
  2. Fitter Summary
  3. Fitter Settings
  4. Parallel Compilation
  5. Fitter Netlist Optimizations
  6. Incremental Compilation Preservation Summary
  7. Incremental Compilation Partition Settings
  8. Incremental Compilation Placement Preservation
  9. Pin-Out File
 10. Fitter Resource Usage Summary
 11. Fitter Partition Statistics
 12. Input Pins
 13. Output Pins
 14. I/O Bank Usage
 15. All Package Pins
 16. I/O Assignment Warnings
 17. Fitter Resource Utilization by Entity
 18. Delay Chain Summary
 19. Pad To Core Delay Chain Fanout
 20. Control Signals
 21. Global & Other Fast Signals
 22. Non-Global High Fan-Out Signals
 23. Routing Usage Summary
 24. I/O Rules Summary
 25. I/O Rules Details
 26. I/O Rules Matrix
 27. Fitter Device Options
 28. Operating Settings and Conditions
 29. Estimated Delay Added for Hold Timing Summary
 30. Estimated Delay Added for Hold Timing Details
 31. Fitter Messages
 32. Fitter Suppressed Messages



----------------
; Legal Notice ;
----------------
Copyright (C) 2025  Altera Corporation. All rights reserved.
Your use of Altera Corporation's design tools, logic functions 
and other software and tools, and any partner logic 
functions, and any output files from any of the foregoing 
(including device programming or simulation files), and any 
associated documentation or information are expressly subject 
to the terms and conditions of the Altera Program License 
Subscription Agreement, the Altera Quartus Prime License Agreement,
the Altera IP License Agreement, or other applicable license
agreement, including, without limitation, that your use is for
the sole purpose of programming logic devices manufactured by
Altera and sold by Altera or its authorized distributors.  Please
refer to the Altera Software License Subscription Agreements 
on the Quartus Prime software download page.



+-----------------------------------------------------------------------------------+
; Fitter Summary                                                                    ;
+---------------------------------+-------------------------------------------------+
; Fitter Status                   ; Successful - Sun Jun  7 01:18:15 2026           ;
; Quartus Prime Version           ; 24.1std.0 Build 1077 03/04/2025 SC Lite Edition ;
; Revision Name                   ; CPU                                             ;
; Top-level Entity Name           ; CPU                                             ;
; Family                          ; Cyclone V                                       ;
; Device                          ; 5CGXFC7C7F23C8                                  ;
; Timing Models                   ; Final                                           ;
; Logic utilization (in ALMs)     ; 10,339 / 56,480 ( 18 % )                        ;
; Total registers                 ; 16957                                           ;
; Total pins                      ; 64 / 268 ( 24 % )                               ;
; Total virtual pins              ; 0                                               ;
; Total block memory bits         ; 0 / 7,024,640 ( 0 % )                           ;
; Total RAM Blocks                ; 0 / 686 ( 0 % )                                 ;
; Total DSP Blocks                ; 0 / 156 ( 0 % )                                 ;
; Total HSSI RX PCSs              ; 0 / 6 ( 0 % )                                   ;
; Total HSSI PMA RX Deserializers ; 0 / 6 ( 0 % )                                   ;
; Total HSSI TX PCSs              ; 0 / 6 ( 0 % )                                   ;
; Total HSSI PMA TX Serializers   ; 0 / 6 ( 0 % )                                   ;
; Total PLLs                      ; 0 / 13 ( 0 % )                                  ;
; Total DLLs                      ; 0 / 4 ( 0 % )                                   ;
+---------------------------------+-------------------------------------------------+


+----------------------------------------------------------------------------------------------------------------------------------------------------+
; Fitter Settings                                                                                                                                    ;
+--------------------------------------------------------------------+---------------------------------------+---------------------------------------+
; Option                                                             ; Setting                               ; Default Value                         ;
+--------------------------------------------------------------------+---------------------------------------+---------------------------------------+
; Device                                                             ; 5CGXFC7C7F23C8                        ;                                       ;
; Minimum Core Junction Temperature                                  ; 0                                     ;                                       ;
; Maximum Core Junction Temperature                                  ; 85                                    ;                                       ;
; Use smart compilation                                              ; Off                                   ; Off                                   ;
; Enable parallel Assembler and Timing Analyzer during compilation   ; On                                    ; On                                    ;
; Enable compact report table                                        ; Off                                   ; Off                                   ;
; Router Timing Optimization Level                                   ; Normal                                ; Normal                                ;
; Perform Clocking Topology Analysis During Routing                  ; Off                                   ; Off                                   ;
; Placement Effort Multiplier                                        ; 1.0                                   ; 1.0                                   ;
; Device initialization clock source                                 ; INIT_INTOSC                           ; INIT_INTOSC                           ;
; Optimize Hold Timing                                               ; All Paths                             ; All Paths                             ;
; Optimize Multi-Corner Timing                                       ; On                                    ; On                                    ;
; Auto RAM to MLAB Conversion                                        ; On                                    ; On                                    ;
; Equivalent RAM and MLAB Power Up                                   ; Auto                                  ; Auto                                  ;
; Equivalent RAM and MLAB Paused Read Capabilities                   ; Care                                  ; Care                                  ;
; Power Optimization During Fitting                                  ; Normal compilation                    ; Normal compilation                    ;
; SSN Optimization                                                   ; Off                                   ; Off                                   ;
; Optimize Timing                                                    ; Normal compilation                    ; Normal compilation                    ;
; Optimize Timing for ECOs                                           ; Off                                   ; Off                                   ;
; Regenerate Full Fit Report During ECO Compiles                     ; Off                                   ; Off                                   ;
; Optimize IOC Register Placement for Timing                         ; Normal                                ; Normal                                ;
; Final Placement Optimizations                                      ; Automatically                         ; Automatically                         ;
; Fitter Aggressive Routability Optimizations                        ; Automatically                         ; Automatically                         ;
; Fitter Initial Placement Seed                                      ; 1                                     ; 1                                     ;
; Periphery to Core Placement and Routing Optimization               ; Off                                   ; Off                                   ;
; Weak Pull-Up Resistor                                              ; Off                                   ; Off                                   ;
; Enable Bus-Hold Circuitry                                          ; Off                                   ; Off                                   ;
; Auto Packed Registers                                              ; Auto                                  ; Auto                                  ;
; Auto Delay Chains                                                  ; On                                    ; On                                    ;
; Auto Delay Chains for High Fanout Input Pins                       ; Off                                   ; Off                                   ;
; Treat Bidirectional Pin as Output Pin                              ; Off                                   ; Off                                   ;
; Perform Physical Synthesis for Combinational Logic for Fitting     ; Off                                   ; Off                                   ;
; Perform Physical Synthesis for Combinational Logic for Performance ; Off                                   ; Off                                   ;
; Perform Register Duplication for Performance                       ; Off                                   ; Off                                   ;
; Perform Register Retiming for Performance                          ; Off                                   ; Off                                   ;
; Perform Asynchronous Signal Pipelining                             ; Off                                   ; Off                                   ;
; Fitter Effort                                                      ; Auto Fit                              ; Auto Fit                              ;
; Physical Synthesis Effort Level                                    ; Normal                                ; Normal                                ;
; Logic Cell Insertion - Logic Duplication                           ; Auto                                  ; Auto                                  ;
; Auto Register Duplication                                          ; Auto                                  ; Auto                                  ;
; Auto Global Clock                                                  ; On                                    ; On                                    ;
; Auto Global Register Control Signals                               ; On                                    ; On                                    ;
; Reserve all unused pins                                            ; As input tri-stated with weak pull-up ; As input tri-stated with weak pull-up ;
; Synchronizer Identification                                        ; Auto                                  ; Auto                                  ;
; Enable Beneficial Skew Optimization                                ; On                                    ; On                                    ;
; Optimize Design for Metastability                                  ; On                                    ; On                                    ;
; Active Serial clock source                                         ; FREQ_100MHz                           ; FREQ_100MHz                           ;
; Force Fitter to Avoid Periphery Placement Warnings                 ; Off                                   ; Off                                   ;
; Clamping Diode                                                     ; Off                                   ; Off                                   ;
; Enable input tri-state on active configuration pins in user mode   ; Off                                   ; Off                                   ;
; Advanced Physical Optimization                                     ; On                                    ; On                                    ;
+--------------------------------------------------------------------+---------------------------------------+---------------------------------------+


+------------------------------------------+
; Parallel Compilation                     ;
+----------------------------+-------------+
; Processors                 ; Number      ;
+----------------------------+-------------+
; Number detected on machine ; 12          ;
; Maximum allowed            ; 6           ;
;                            ;             ;
; Average used               ; 1.19        ;
; Maximum used               ; 6           ;
;                            ;             ;
; Usage by Processor         ; % Time Used ;
;     Processor 1            ; 100.0%      ;
;     Processor 2            ;   4.2%      ;
;     Processor 3            ;   4.0%      ;
;     Processor 4            ;   3.9%      ;
;     Processor 5            ;   3.4%      ;
;     Processor 6            ;   3.3%      ;
+----------------------------+-------------+


+---------------------------------------------------------------------------------------------------------------------------------------------------------------------------------------------------------------------------------------------------------+
; Fitter Netlist Optimizations                                                                                                                                                                                                                            ;
+------------------------------------+------------+---------------------------------------------------+----------------------------+-----------+----------------+----------------------------------------------+------------------+-----------------------+
; Node                               ; Action     ; Operation                                         ; Reason                     ; Node Port ; Node Port Name ; Destination Node                             ; Destination Port ; Destination Port Name ;
+------------------------------------+------------+---------------------------------------------------+----------------------------+-----------+----------------+----------------------------------------------+------------------+-----------------------+
; KEY[0]~inputCLKENA0                ; Created    ; Placement                                         ; Fitter Periphery Placement ;           ;                ;                                              ;                  ;                       ;
; KEY[1]~inputCLKENA0                ; Created    ; Placement                                         ; Fitter Periphery Placement ;           ;                ;                                              ;                  ;                       ;
; control:U_CONTROL|state.brz_check  ; Duplicated ; Router Logic Cell Insertion and Logic Duplication ; Routability optimization   ;           ;                ; control:U_CONTROL|state.brz_check~DUPLICATE  ;                  ;                       ;
; control:U_CONTROL|state.f1         ; Duplicated ; Router Logic Cell Insertion and Logic Duplication ; Routability optimization   ;           ;                ; control:U_CONTROL|state.f1~DUPLICATE         ;                  ;                       ;
; control:U_CONTROL|state.jump_addr  ; Duplicated ; Router Logic Cell Insertion and Logic Duplication ; Routability optimization   ;           ;                ; control:U_CONTROL|state.jump_addr~DUPLICATE  ;                  ;                       ;
; control:U_CONTROL|state.load_write ; Duplicated ; Router Logic Cell Insertion and Logic Duplication ; Routability optimization   ;           ;                ; control:U_CONTROL|state.load_write~DUPLICATE ;                  ;                       ;
; control:U_CONTROL|state.store_addr ; Duplicated ; Router Logic Cell Insertion and Logic Duplication ; Routability optimization   ;           ;                ; control:U_CONTROL|state.store_addr~DUPLICATE ;                  ;                       ;
; register_cpu:U_REGS|AD[2]          ; Duplicated ; Router Logic Cell Insertion and Logic Duplication ; Routability optimization   ;           ;                ; register_cpu:U_REGS|AD[2]~DUPLICATE          ;                  ;                       ;
; register_cpu:U_REGS|AD[3]          ; Duplicated ; Router Logic Cell Insertion and Logic Duplication ; Routability optimization   ;           ;                ; register_cpu:U_REGS|AD[3]~DUPLICATE          ;                  ;                       ;
; register_cpu:U_REGS|AD[8]          ; Duplicated ; Router Logic Cell Insertion and Logic Duplication ; Routability optimization   ;           ;                ; register_cpu:U_REGS|AD[8]~DUPLICATE          ;                  ;                       ;
; register_cpu:U_REGS|AD[9]          ; Duplicated ; Router Logic Cell Insertion and Logic Duplication ; Routability optimization   ;           ;                ; register_cpu:U_REGS|AD[9]~DUPLICATE          ;                  ;                       ;
; register_cpu:U_REGS|AD[17]         ; Duplicated ; Router Logic Cell Insertion and Logic Duplication ; Routability optimization   ;           ;                ; register_cpu:U_REGS|AD[17]~DUPLICATE         ;                  ;                       ;
; register_cpu:U_REGS|AD[18]         ; Duplicated ; Router Logic Cell Insertion and Logic Duplication ; Routability optimization   ;           ;                ; register_cpu:U_REGS|AD[18]~DUPLICATE         ;                  ;                       ;
; register_cpu:U_REGS|AD[27]         ; Duplicated ; Router Logic Cell Insertion and Logic Duplication ; Routability optimization   ;           ;                ; register_cpu:U_REGS|AD[27]~DUPLICATE         ;                  ;                       ;
; register_cpu:U_REGS|IR[0]          ; Duplicated ; Router Logic Cell Insertion and Logic Duplication ; Routability optimization   ;           ;                ; register_cpu:U_REGS|IR[0]~DUPLICATE          ;                  ;                       ;
; register_cpu:U_REGS|IR[4]          ; Duplicated ; Router Logic Cell Insertion and Logic Duplication ; Routability optimization   ;           ;                ; register_cpu:U_REGS|IR[4]~DUPLICATE          ;                  ;                       ;
; register_cpu:U_REGS|IR[6]          ; Duplicated ; Router Logic Cell Insertion and Logic Duplication ; Routability optimization   ;           ;                ; register_cpu:U_REGS|IR[6]~DUPLICATE          ;                  ;                       ;
; register_cpu:U_REGS|IR[9]          ; Duplicated ; Router Logic Cell Insertion and Logic Duplication ; Routability optimization   ;           ;                ; register_cpu:U_REGS|IR[9]~DUPLICATE          ;                  ;                       ;
; register_cpu:U_REGS|IR[11]         ; Duplicated ; Router Logic Cell Insertion and Logic Duplication ; Routability optimization   ;           ;                ; register_cpu:U_REGS|IR[11]~DUPLICATE         ;                  ;                       ;
; register_cpu:U_REGS|PC[0]          ; Duplicated ; Router Logic Cell Insertion and Logic Duplication ; Routability optimization   ;           ;                ; register_cpu:U_REGS|PC[0]~DUPLICATE          ;                  ;                       ;
; register_cpu:U_REGS|PC[1]          ; Duplicated ; Router Logic Cell Insertion and Logic Duplication ; Routability optimization   ;           ;                ; register_cpu:U_REGS|PC[1]~DUPLICATE          ;                  ;                       ;
; register_cpu:U_REGS|PC[3]          ; Duplicated ; Router Logic Cell Insertion and Logic Duplication ; Routability optimization   ;           ;                ; register_cpu:U_REGS|PC[3]~DUPLICATE          ;                  ;                       ;
; register_cpu:U_REGS|PC[4]          ; Duplicated ; Router Logic Cell Insertion and Logic Duplication ; Routability optimization   ;           ;                ; register_cpu:U_REGS|PC[4]~DUPLICATE          ;                  ;                       ;
; register_cpu:U_REGS|PC[5]          ; Duplicated ; Router Logic Cell Insertion and Logic Duplication ; Routability optimization   ;           ;                ; register_cpu:U_REGS|PC[5]~DUPLICATE          ;                  ;                       ;
; register_cpu:U_REGS|PC[6]          ; Duplicated ; Router Logic Cell Insertion and Logic Duplication ; Routability optimization   ;           ;                ; register_cpu:U_REGS|PC[6]~DUPLICATE          ;                  ;                       ;
; register_cpu:U_REGS|PC[7]          ; Duplicated ; Router Logic Cell Insertion and Logic Duplication ; Routability optimization   ;           ;                ; register_cpu:U_REGS|PC[7]~DUPLICATE          ;                  ;                       ;
; register_cpu:U_REGS|PC[8]          ; Duplicated ; Router Logic Cell Insertion and Logic Duplication ; Routability optimization   ;           ;                ; register_cpu:U_REGS|PC[8]~DUPLICATE          ;                  ;                       ;
; register_cpu:U_REGS|PC[17]         ; Duplicated ; Router Logic Cell Insertion and Logic Duplication ; Routability optimization   ;           ;                ; register_cpu:U_REGS|PC[17]~DUPLICATE         ;                  ;                       ;
; register_cpu:U_REGS|PC[18]         ; Duplicated ; Router Logic Cell Insertion and Logic Duplication ; Routability optimization   ;           ;                ; register_cpu:U_REGS|PC[18]~DUPLICATE         ;                  ;                       ;
; register_cpu:U_REGS|PC[22]         ; Duplicated ; Router Logic Cell Insertion and Logic Duplication ; Routability optimization   ;           ;                ; register_cpu:U_REGS|PC[22]~DUPLICATE         ;                  ;                       ;
; register_cpu:U_REGS|PC[23]         ; Duplicated ; Router Logic Cell Insertion and Logic Duplication ; Routability optimization   ;           ;                ; register_cpu:U_REGS|PC[23]~DUPLICATE         ;                  ;                       ;
; register_cpu:U_REGS|PC[26]         ; Duplicated ; Router Logic Cell Insertion and Logic Duplication ; Routability optimization   ;           ;                ; register_cpu:U_REGS|PC[26]~DUPLICATE         ;                  ;                       ;
; register_cpu:U_REGS|PC[28]         ; Duplicated ; Router Logic Cell Insertion and Logic Duplication ; Routability optimization   ;           ;                ; register_cpu:U_REGS|PC[28]~DUPLICATE         ;                  ;                       ;
; register_cpu:U_REGS|PC[31]         ; Duplicated ; Router Logic Cell Insertion and Logic Duplication ; Routability optimization   ;           ;                ; register_cpu:U_REGS|PC[31]~DUPLICATE         ;                  ;                       ;
; register_cpu:U_REGS|R[0][0]        ; Duplicated ; Router Logic Cell Insertion and Logic Duplication ; Routability optimization   ;           ;                ; register_cpu:U_REGS|R[0][0]~DUPLICATE        ;                  ;                       ;
; register_cpu:U_REGS|R[0][1]        ; Duplicated ; Router Logic Cell Insertion and Logic Duplication ; Routability optimization   ;           ;                ; register_cpu:U_REGS|R[0][1]~DUPLICATE        ;                  ;                       ;
; register_cpu:U_REGS|R[0][2]        ; Duplicated ; Router Logic Cell Insertion and Logic Duplication ; Routability optimization   ;           ;                ; register_cpu:U_REGS|R[0][2]~DUPLICATE        ;                  ;                       ;
; register_cpu:U_REGS|R[0][3]        ; Duplicated ; Router Logic Cell Insertion and Logic Duplication ; Routability optimization   ;           ;                ; register_cpu:U_REGS|R[0][3]~DUPLICATE        ;                  ;                       ;
; register_cpu:U_REGS|R[0][4]        ; Duplicated ; Router Logic Cell Insertion and Logic Duplication ; Routability optimization   ;           ;                ; register_cpu:U_REGS|R[0][4]~DUPLICATE        ;                  ;                       ;
; register_cpu:U_REGS|R[0][6]        ; Duplicated ; Router Logic Cell Insertion and Logic Duplication ; Routability optimization   ;           ;                ; register_cpu:U_REGS|R[0][6]~DUPLICATE        ;                  ;                       ;
; register_cpu:U_REGS|R[0][13]       ; Duplicated ; Router Logic Cell Insertion and Logic Duplication ; Routability optimization   ;           ;                ; register_cpu:U_REGS|R[0][13]~DUPLICATE       ;                  ;                       ;
; register_cpu:U_REGS|R[0][14]       ; Duplicated ; Router Logic Cell Insertion and Logic Duplication ; Routability optimization   ;           ;                ; register_cpu:U_REGS|R[0][14]~DUPLICATE       ;                  ;                       ;
; register_cpu:U_REGS|R[1][0]        ; Duplicated ; Router Logic Cell Insertion and Logic Duplication ; Routability optimization   ;           ;                ; register_cpu:U_REGS|R[1][0]~DUPLICATE        ;                  ;                       ;
; register_cpu:U_REGS|R[1][1]        ; Duplicated ; Router Logic Cell Insertion and Logic Duplication ; Routability optimization   ;           ;                ; register_cpu:U_REGS|R[1][1]~DUPLICATE        ;                  ;                       ;
; register_cpu:U_REGS|R[1][7]        ; Duplicated ; Router Logic Cell Insertion and Logic Duplication ; Routability optimization   ;           ;                ; register_cpu:U_REGS|R[1][7]~DUPLICATE        ;                  ;                       ;
; register_cpu:U_REGS|R[1][8]        ; Duplicated ; Router Logic Cell Insertion and Logic Duplication ; Routability optimization   ;           ;                ; register_cpu:U_REGS|R[1][8]~DUPLICATE        ;                  ;                       ;
; register_cpu:U_REGS|R[1][12]       ; Duplicated ; Router Logic Cell Insertion and Logic Duplication ; Routability optimization   ;           ;                ; register_cpu:U_REGS|R[1][12]~DUPLICATE       ;                  ;                       ;
; register_cpu:U_REGS|R[2][5]        ; Duplicated ; Router Logic Cell Insertion and Logic Duplication ; Routability optimization   ;           ;                ; register_cpu:U_REGS|R[2][5]~DUPLICATE        ;                  ;                       ;
; register_cpu:U_REGS|R[2][8]        ; Duplicated ; Router Logic Cell Insertion and Logic Duplication ; Routability optimization   ;           ;                ; register_cpu:U_REGS|R[2][8]~DUPLICATE        ;                  ;                       ;
; register_cpu:U_REGS|R[2][12]       ; Duplicated ; Router Logic Cell Insertion and Logic Duplication ; Routability optimization   ;           ;                ; register_cpu:U_REGS|R[2][12]~DUPLICATE       ;                  ;                       ;
; register_cpu:U_REGS|R[3][2]        ; Duplicated ; Router Logic Cell Insertion and Logic Duplication ; Routability optimization   ;           ;                ; register_cpu:U_REGS|R[3][2]~DUPLICATE        ;                  ;                       ;
; register_cpu:U_REGS|R[3][4]        ; Duplicated ; Router Logic Cell Insertion and Logic Duplication ; Routability optimization   ;           ;                ; register_cpu:U_REGS|R[3][4]~DUPLICATE        ;                  ;                       ;
; register_cpu:U_REGS|R[3][6]        ; Duplicated ; Router Logic Cell Insertion and Logic Duplication ; Routability optimization   ;           ;                ; register_cpu:U_REGS|R[3][6]~DUPLICATE        ;                  ;                       ;
; register_cpu:U_REGS|R[3][11]       ; Duplicated ; Router Logic Cell Insertion and Logic Duplication ; Routability optimization   ;           ;                ; register_cpu:U_REGS|R[3][11]~DUPLICATE       ;                  ;                       ;
; register_cpu:U_REGS|R[3][14]       ; Duplicated ; Router Logic Cell Insertion and Logic Duplication ; Routability optimization   ;           ;                ; register_cpu:U_REGS|R[3][14]~DUPLICATE       ;                  ;                       ;
; register_cpu:U_REGS|R[3][15]       ; Duplicated ; Router Logic Cell Insertion and Logic Duplication ; Routability optimization   ;           ;                ; register_cpu:U_REGS|R[3][15]~DUPLICATE       ;                  ;                       ;
; register_cpu:U_REGS|R[4][4]        ; Duplicated ; Router Logic Cell Insertion and Logic Duplication ; Routability optimization   ;           ;                ; register_cpu:U_REGS|R[4][4]~DUPLICATE        ;                  ;                       ;
; register_cpu:U_REGS|R[4][7]        ; Duplicated ; Router Logic Cell Insertion and Logic Duplication ; Routability optimization   ;           ;                ; register_cpu:U_REGS|R[4][7]~DUPLICATE        ;                  ;                       ;
; register_cpu:U_REGS|R[4][15]       ; Duplicated ; Router Logic Cell Insertion and Logic Duplication ; Routability optimization   ;           ;                ; register_cpu:U_REGS|R[4][15]~DUPLICATE       ;                  ;                       ;
; register_cpu:U_REGS|R[5][0]        ; Duplicated ; Router Logic Cell Insertion and Logic Duplication ; Routability optimization   ;           ;                ; register_cpu:U_REGS|R[5][0]~DUPLICATE        ;                  ;                       ;
; register_cpu:U_REGS|R[5][4]        ; Duplicated ; Router Logic Cell Insertion and Logic Duplication ; Routability optimization   ;           ;                ; register_cpu:U_REGS|R[5][4]~DUPLICATE        ;                  ;                       ;
; register_cpu:U_REGS|R[6][2]        ; Duplicated ; Router Logic Cell Insertion and Logic Duplication ; Routability optimization   ;           ;                ; register_cpu:U_REGS|R[6][2]~DUPLICATE        ;                  ;                       ;
; register_cpu:U_REGS|R[6][4]        ; Duplicated ; Router Logic Cell Insertion and Logic Duplication ; Routability optimization   ;           ;                ; register_cpu:U_REGS|R[6][4]~DUPLICATE        ;                  ;                       ;
; register_cpu:U_REGS|R[6][8]        ; Duplicated ; Router Logic Cell Insertion and Logic Duplication ; Routability optimization   ;           ;                ; register_cpu:U_REGS|R[6][8]~DUPLICATE        ;                  ;                       ;
; register_cpu:U_REGS|R[6][12]       ; Duplicated ; Router Logic Cell Insertion and Logic Duplication ; Routability optimization   ;           ;                ; register_cpu:U_REGS|R[6][12]~DUPLICATE       ;                  ;                       ;
; register_cpu:U_REGS|R[7][1]        ; Duplicated ; Router Logic Cell Insertion and Logic Duplication ; Routability optimization   ;           ;                ; register_cpu:U_REGS|R[7][1]~DUPLICATE        ;                  ;                       ;
; register_cpu:U_REGS|R[7][6]        ; Duplicated ; Router Logic Cell Insertion and Logic Duplication ; Routability optimization   ;           ;                ; register_cpu:U_REGS|R[7][6]~DUPLICATE        ;                  ;                       ;
; register_cpu:U_REGS|R[7][9]        ; Duplicated ; Router Logic Cell Insertion and Logic Duplication ; Routability optimization   ;           ;                ; register_cpu:U_REGS|R[7][9]~DUPLICATE        ;                  ;                       ;
; register_cpu:U_REGS|R[7][10]       ; Duplicated ; Router Logic Cell Insertion and Logic Duplication ; Routability optimization   ;           ;                ; register_cpu:U_REGS|R[7][10]~DUPLICATE       ;                  ;                       ;
; register_cpu:U_REGS|R[7][13]       ; Duplicated ; Router Logic Cell Insertion and Logic Duplication ; Routability optimization   ;           ;                ; register_cpu:U_REGS|R[7][13]~DUPLICATE       ;                  ;                       ;
; register_cpu:U_REGS|R[8][0]        ; Duplicated ; Router Logic Cell Insertion and Logic Duplication ; Routability optimization   ;           ;                ; register_cpu:U_REGS|R[8][0]~DUPLICATE        ;                  ;                       ;
; register_cpu:U_REGS|R[8][1]        ; Duplicated ; Router Logic Cell Insertion and Logic Duplication ; Routability optimization   ;           ;                ; register_cpu:U_REGS|R[8][1]~DUPLICATE        ;                  ;                       ;
; register_cpu:U_REGS|R[8][2]        ; Duplicated ; Router Logic Cell Insertion and Logic Duplication ; Routability optimization   ;           ;                ; register_cpu:U_REGS|R[8][2]~DUPLICATE        ;                  ;                       ;
; register_cpu:U_REGS|R[8][5]        ; Duplicated ; Router Logic Cell Insertion and Logic Duplication ; Routability optimization   ;           ;                ; register_cpu:U_REGS|R[8][5]~DUPLICATE        ;                  ;                       ;
; register_cpu:U_REGS|R[8][6]        ; Duplicated ; Router Logic Cell Insertion and Logic Duplication ; Routability optimization   ;           ;                ; register_cpu:U_REGS|R[8][6]~DUPLICATE        ;                  ;                       ;
; register_cpu:U_REGS|R[8][8]        ; Duplicated ; Router Logic Cell Insertion and Logic Duplication ; Routability optimization   ;           ;                ; register_cpu:U_REGS|R[8][8]~DUPLICATE        ;                  ;                       ;
; register_cpu:U_REGS|R[8][9]        ; Duplicated ; Router Logic Cell Insertion and Logic Duplication ; Routability optimization   ;           ;                ; register_cpu:U_REGS|R[8][9]~DUPLICATE        ;                  ;                       ;
; register_cpu:U_REGS|R[8][10]       ; Duplicated ; Router Logic Cell Insertion and Logic Duplication ; Routability optimization   ;           ;                ; register_cpu:U_REGS|R[8][10]~DUPLICATE       ;                  ;                       ;
; register_cpu:U_REGS|R[8][11]       ; Duplicated ; Router Logic Cell Insertion and Logic Duplication ; Routability optimization   ;           ;                ; register_cpu:U_REGS|R[8][11]~DUPLICATE       ;                  ;                       ;
; register_cpu:U_REGS|R[8][12]       ; Duplicated ; Router Logic Cell Insertion and Logic Duplication ; Routability optimization   ;           ;                ; register_cpu:U_REGS|R[8][12]~DUPLICATE       ;                  ;                       ;
; register_cpu:U_REGS|R[8][15]       ; Duplicated ; Router Logic Cell Insertion and Logic Duplication ; Routability optimization   ;           ;                ; register_cpu:U_REGS|R[8][15]~DUPLICATE       ;                  ;                       ;
; register_cpu:U_REGS|R[9][7]        ; Duplicated ; Router Logic Cell Insertion and Logic Duplication ; Routability optimization   ;           ;                ; register_cpu:U_REGS|R[9][7]~DUPLICATE        ;                  ;                       ;
; register_cpu:U_REGS|R[9][8]        ; Duplicated ; Router Logic Cell Insertion and Logic Duplication ; Routability optimization   ;           ;                ; register_cpu:U_REGS|R[9][8]~DUPLICATE        ;                  ;                       ;
; register_cpu:U_REGS|R[9][12]       ; Duplicated ; Router Logic Cell Insertion and Logic Duplication ; Routability optimization   ;           ;                ; register_cpu:U_REGS|R[9][12]~DUPLICATE       ;                  ;                       ;
; register_cpu:U_REGS|R[10][4]       ; Duplicated ; Router Logic Cell Insertion and Logic Duplication ; Routability optimization   ;           ;                ; register_cpu:U_REGS|R[10][4]~DUPLICATE       ;                  ;                       ;
; register_cpu:U_REGS|R[10][5]       ; Duplicated ; Router Logic Cell Insertion and Logic Duplication ; Routability optimization   ;           ;                ; register_cpu:U_REGS|R[10][5]~DUPLICATE       ;                  ;                       ;
; register_cpu:U_REGS|R[10][6]       ; Duplicated ; Router Logic Cell Insertion and Logic Duplication ; Routability optimization   ;           ;                ; register_cpu:U_REGS|R[10][6]~DUPLICATE       ;                  ;                       ;
; register_cpu:U_REGS|R[10][9]       ; Duplicated ; Router Logic Cell Insertion and Logic Duplication ; Routability optimization   ;           ;                ; register_cpu:U_REGS|R[10][9]~DUPLICATE       ;                  ;                       ;
; register_cpu:U_REGS|R[10][10]      ; Duplicated ; Router Logic Cell Insertion and Logic Duplication ; Routability optimization   ;           ;                ; register_cpu:U_REGS|R[10][10]~DUPLICATE      ;                  ;                       ;
; register_cpu:U_REGS|R[10][12]      ; Duplicated ; Router Logic Cell Insertion and Logic Duplication ; Routability optimization   ;           ;                ; register_cpu:U_REGS|R[10][12]~DUPLICATE      ;                  ;                       ;
; register_cpu:U_REGS|R[10][15]      ; Duplicated ; Router Logic Cell Insertion and Logic Duplication ; Routability optimization   ;           ;                ; register_cpu:U_REGS|R[10][15]~DUPLICATE      ;                  ;                       ;
; register_cpu:U_REGS|R[11][3]       ; Duplicated ; Router Logic Cell Insertion and Logic Duplication ; Routability optimization   ;           ;                ; register_cpu:U_REGS|R[11][3]~DUPLICATE       ;                  ;                       ;
; register_cpu:U_REGS|R[11][6]       ; Duplicated ; Router Logic Cell Insertion and Logic Duplication ; Routability optimization   ;           ;                ; register_cpu:U_REGS|R[11][6]~DUPLICATE       ;                  ;                       ;
; register_cpu:U_REGS|R[11][14]      ; Duplicated ; Router Logic Cell Insertion and Logic Duplication ; Routability optimization   ;           ;                ; register_cpu:U_REGS|R[11][14]~DUPLICATE      ;                  ;                       ;
; register_cpu:U_REGS|R[11][15]      ; Duplicated ; Router Logic Cell Insertion and Logic Duplication ; Routability optimization   ;           ;                ; register_cpu:U_REGS|R[11][15]~DUPLICATE      ;                  ;                       ;
; register_cpu:U_REGS|R[12][2]       ; Duplicated ; Router Logic Cell Insertion and Logic Duplication ; Routability optimization   ;           ;                ; register_cpu:U_REGS|R[12][2]~DUPLICATE       ;                  ;                       ;
; register_cpu:U_REGS|R[12][9]       ; Duplicated ; Router Logic Cell Insertion and Logic Duplication ; Routability optimization   ;           ;                ; register_cpu:U_REGS|R[12][9]~DUPLICATE       ;                  ;                       ;
; register_cpu:U_REGS|R[12][11]      ; Duplicated ; Router Logic Cell Insertion and Logic Duplication ; Routability optimization   ;           ;                ; register_cpu:U_REGS|R[12][11]~DUPLICATE      ;                  ;                       ;
; register_cpu:U_REGS|R[12][12]      ; Duplicated ; Router Logic Cell Insertion and Logic Duplication ; Routability optimization   ;           ;                ; register_cpu:U_REGS|R[12][12]~DUPLICATE      ;                  ;                       ;
; register_cpu:U_REGS|R[13][3]       ; Duplicated ; Router Logic Cell Insertion and Logic Duplication ; Routability optimization   ;           ;                ; register_cpu:U_REGS|R[13][3]~DUPLICATE       ;                  ;                       ;
; register_cpu:U_REGS|R[14][4]       ; Duplicated ; Router Logic Cell Insertion and Logic Duplication ; Routability optimization   ;           ;                ; register_cpu:U_REGS|R[14][4]~DUPLICATE       ;                  ;                       ;
; register_cpu:U_REGS|R[14][6]       ; Duplicated ; Router Logic Cell Insertion and Logic Duplication ; Routability optimization   ;           ;                ; register_cpu:U_REGS|R[14][6]~DUPLICATE       ;                  ;                       ;
; register_cpu:U_REGS|R[14][11]      ; Duplicated ; Router Logic Cell Insertion and Logic Duplication ; Routability optimization   ;           ;                ; register_cpu:U_REGS|R[14][11]~DUPLICATE      ;                  ;                       ;
; register_cpu:U_REGS|R[14][14]      ; Duplicated ; Router Logic Cell Insertion and Logic Duplication ; Routability optimization   ;           ;                ; register_cpu:U_REGS|R[14][14]~DUPLICATE      ;                  ;                       ;
; register_cpu:U_REGS|R[15][0]       ; Duplicated ; Router Logic Cell Insertion and Logic Duplication ; Routability optimization   ;           ;                ; register_cpu:U_REGS|R[15][0]~DUPLICATE       ;                  ;                       ;
; register_cpu:U_REGS|R[15][2]       ; Duplicated ; Router Logic Cell Insertion and Logic Duplication ; Routability optimization   ;           ;                ; register_cpu:U_REGS|R[15][2]~DUPLICATE       ;                  ;                       ;
; register_cpu:U_REGS|R[15][6]       ; Duplicated ; Router Logic Cell Insertion and Logic Duplication ; Routability optimization   ;           ;                ; register_cpu:U_REGS|R[15][6]~DUPLICATE       ;                  ;                       ;
; register_cpu:U_REGS|R[15][7]       ; Duplicated ; Router Logic Cell Insertion and Logic Duplication ; Routability optimization   ;           ;                ; register_cpu:U_REGS|R[15][7]~DUPLICATE       ;                  ;                       ;
; register_cpu:U_REGS|R[15][9]       ; Duplicated ; Router Logic Cell Insertion and Logic Duplication ; Routability optimization   ;           ;                ; register_cpu:U_REGS|R[15][9]~DUPLICATE       ;                  ;                       ;
; register_cpu:U_REGS|R[15][15]      ; Duplicated ; Router Logic Cell Insertion and Logic Duplication ; Routability optimization   ;           ;                ; register_cpu:U_REGS|R[15][15]~DUPLICATE      ;                  ;                       ;
; register_cpu:U_REGS|TMP[1]         ; Duplicated ; Router Logic Cell Insertion and Logic Duplication ; Routability optimization   ;           ;                ; register_cpu:U_REGS|TMP[1]~DUPLICATE         ;                  ;                       ;
; register_cpu:U_REGS|TMP[3]         ; Duplicated ; Router Logic Cell Insertion and Logic Duplication ; Routability optimization   ;           ;                ; register_cpu:U_REGS|TMP[3]~DUPLICATE         ;                  ;                       ;
; register_cpu:U_REGS|TMP[11]        ; Duplicated ; Router Logic Cell Insertion and Logic Duplication ; Routability optimization   ;           ;                ; register_cpu:U_REGS|TMP[11]~DUPLICATE        ;                  ;                       ;
+------------------------------------+------------+---------------------------------------------------+----------------------------+-----------+----------------+----------------------------------------------+------------------+-----------------------+


+----------------------------------------------------------------------------------------------------+
; Incremental Compilation Preservation Summary                                                       ;
+---------------------+----------------------+----------------------------+--------------------------+
; Type                ; Total [A + B]        ; From Design Partitions [A] ; From Rapid Recompile [B] ;
+---------------------+----------------------+----------------------------+--------------------------+
; Placement (by node) ;                      ;                            ;                          ;
;     -- Requested    ; 0.00 % ( 0 / 24348 ) ; 0.00 % ( 0 / 24348 )       ; 0.00 % ( 0 / 24348 )     ;
;     -- Achieved     ; 0.00 % ( 0 / 24348 ) ; 0.00 % ( 0 / 24348 )       ; 0.00 % ( 0 / 24348 )     ;
;                     ;                      ;                            ;                          ;
; Routing (by net)    ;                      ;                            ;                          ;
;     -- Requested    ; 0.00 % ( 0 / 0 )     ; 0.00 % ( 0 / 0 )           ; 0.00 % ( 0 / 0 )         ;
;     -- Achieved     ; 0.00 % ( 0 / 0 )     ; 0.00 % ( 0 / 0 )           ; 0.00 % ( 0 / 0 )         ;
+---------------------+----------------------+----------------------------+--------------------------+


+----------------------------------------------------------------------------------------------------------------------------------------------------------------------------------------+
; Incremental Compilation Partition Settings                                                                                                                                             ;
+--------------------------------+----------------+-------------------+-------------------------+------------------------+------------------------------+--------------------------------+
; Partition Name                 ; Partition Type ; Netlist Type Used ; Preservation Level Used ; Netlist Type Requested ; Preservation Level Requested ; Contents                       ;
+--------------------------------+----------------+-------------------+-------------------------+------------------------+------------------------------+--------------------------------+
; Top                            ; User-created   ; Source File       ; N/A                     ; Source File            ; N/A                          ;                                ;
; hard_block:auto_generated_inst ; Auto-generated ; Source File       ; N/A                     ; Source File            ; N/A                          ; hard_block:auto_generated_inst ;
+--------------------------------+----------------+-------------------+-------------------------+------------------------+------------------------------+--------------------------------+


+------------------------------------------------------------------------------------------------------------------------------------+
; Incremental Compilation Placement Preservation                                                                                     ;
+--------------------------------+-----------------------+-------------------------+-------------------+---------------------+-------+
; Partition Name                 ; Preservation Achieved ; Preservation Level Used ; Netlist Type Used ; Preservation Method ; Notes ;
+--------------------------------+-----------------------+-------------------------+-------------------+---------------------+-------+
; Top                            ; 0.00 % ( 0 / 24348 )  ; N/A                     ; Source File       ; N/A                 ;       ;
; hard_block:auto_generated_inst ; 0.00 % ( 0 / 0 )      ; N/A                     ; Source File       ; N/A                 ;       ;
+--------------------------------+-----------------------+-------------------------+-------------------+---------------------+-------+


+--------------+
; Pin-Out File ;
+--------------+
The pin-out file can be found in C:/Users/odrow/OneDrive/Dokumenty/quartus/CPU/output_files/CPU.pin.


+---------------------------------------------------------------------------------------------+
; Fitter Resource Usage Summary                                                               ;
+-------------------------------------------------------------+-----------------------+-------+
; Resource                                                    ; Usage                 ; %     ;
+-------------------------------------------------------------+-----------------------+-------+
; Logic utilization (ALMs needed / total ALMs on device)      ; 10,339 / 56,480       ; 18 %  ;
; ALMs needed [=A-B+C]                                        ; 10,339                ;       ;
;     [A] ALMs used in final placement [=a+b+c+d]             ; 12,273 / 56,480       ; 22 %  ;
;         [a] ALMs used for LUT logic and registers           ; 1,965                 ;       ;
;         [b] ALMs used for LUT logic                         ; 3,976                 ;       ;
;         [c] ALMs used for registers                         ; 6,332                 ;       ;
;         [d] ALMs used for memory (up to half of total ALMs) ; 0                     ;       ;
;     [B] Estimate of ALMs recoverable by dense packing       ; 3,663 / 56,480        ; 6 %   ;
;     [C] Estimate of ALMs unavailable [=a+b+c+d]             ; 1,729 / 56,480        ; 3 %   ;
;         [a] Due to location constrained logic               ; 0                     ;       ;
;         [b] Due to LAB-wide signal conflicts                ; 1,717                 ;       ;
;         [c] Due to LAB input limits                         ; 12                    ;       ;
;         [d] Due to virtual I/Os                             ; 0                     ;       ;
;                                                             ;                       ;       ;
; Difficulty packing design                                   ; Low                   ;       ;
;                                                             ;                       ;       ;
; Total LABs:  partially or completely used                   ; 2,550 / 5,648         ; 45 %  ;
;     -- Logic LABs                                           ; 2,550                 ;       ;
;     -- Memory LABs (up to half of total LABs)               ; 0                     ;       ;
;                                                             ;                       ;       ;
; Combinational ALUT usage for logic                          ; 7,372                 ;       ;
;     -- 7 input functions                                    ; 1                     ;       ;
;     -- 6 input functions                                    ; 5,915                 ;       ;
;     -- 5 input functions                                    ; 60                    ;       ;
;     -- 4 input functions                                    ; 102                   ;       ;
;     -- <=3 input functions                                  ; 1,294                 ;       ;
; Combinational ALUT usage for route-throughs                 ; 8,271                 ;       ;
;                                                             ;                       ;       ;
; Dedicated logic registers                                   ; 16,957                ;       ;
;     -- By type:                                             ;                       ;       ;
;         -- Primary logic registers                          ; 16,593 / 112,960      ; 15 %  ;
;         -- Secondary logic registers                        ; 364 / 112,960         ; < 1 % ;
;     -- By function:                                         ;                       ;       ;
;         -- Design implementation registers                  ; 16,846                ;       ;
;         -- Routing optimization registers                   ; 111                   ;       ;
;                                                             ;                       ;       ;
; Virtual pins                                                ; 0                     ;       ;
; I/O pins                                                    ; 64 / 268              ; 24 %  ;
;     -- Clock pins                                           ; 4 / 11                ; 36 %  ;
;     -- Dedicated input pins                                 ; 0 / 23                ; 0 %   ;
;                                                             ;                       ;       ;
; M10K blocks                                                 ; 0 / 686               ; 0 %   ;
; Total MLAB memory bits                                      ; 0                     ;       ;
; Total block memory bits                                     ; 0 / 7,024,640         ; 0 %   ;
; Total block memory implementation bits                      ; 0 / 7,024,640         ; 0 %   ;
;                                                             ;                       ;       ;
; Total DSP Blocks                                            ; 0 / 156               ; 0 %   ;
;                                                             ;                       ;       ;
; Fractional PLLs                                             ; 0 / 7                 ; 0 %   ;
; Global signals                                              ; 2                     ;       ;
;     -- Global clocks                                        ; 2 / 16                ; 13 %  ;
;     -- Quadrant clocks                                      ; 0 / 88                ; 0 %   ;
;     -- Horizontal periphery clocks                          ; 0 / 18                ; 0 %   ;
; SERDES Transmitters                                         ; 0 / 120               ; 0 %   ;
; SERDES Receivers                                            ; 0 / 120               ; 0 %   ;
; JTAGs                                                       ; 0 / 1                 ; 0 %   ;
; ASMI blocks                                                 ; 0 / 1                 ; 0 %   ;
; CRC blocks                                                  ; 0 / 1                 ; 0 %   ;
; Remote update blocks                                        ; 0 / 1                 ; 0 %   ;
; Oscillator blocks                                           ; 0 / 1                 ; 0 %   ;
; Hard IPs                                                    ; 0 / 1                 ; 0 %   ;
; Standard RX PCSs                                            ; 0 / 6                 ; 0 %   ;
; HSSI PMA RX Deserializers                                   ; 0 / 6                 ; 0 %   ;
; Standard TX PCSs                                            ; 0 / 6                 ; 0 %   ;
; HSSI PMA TX Serializers                                     ; 0 / 6                 ; 0 %   ;
; Channel PLLs                                                ; 0 / 6                 ; 0 %   ;
; Impedance control blocks                                    ; 0 / 3                 ; 0 %   ;
; Hard Memory Controllers                                     ; 0 / 2                 ; 0 %   ;
; Average interconnect usage (total/H/V)                      ; 13.3% / 12.3% / 16.5% ;       ;
; Peak interconnect usage (total/H/V)                         ; 48.3% / 46.5% / 57.5% ;       ;
; Maximum fan-out                                             ; 16957                 ;       ;
; Highest non-global fan-out                                  ; 1148                  ;       ;
; Total fan-out                                               ; 99760                 ;       ;
; Average fan-out                                             ; 3.05                  ;       ;
+-------------------------------------------------------------+-----------------------+-------+


+------------------------------------------------------------------------------------------------------------------------+
; Fitter Partition Statistics                                                                                            ;
+-------------------------------------------------------------+-------------------------+--------------------------------+
; Statistic                                                   ; Top                     ; hard_block:auto_generated_inst ;
+-------------------------------------------------------------+-------------------------+--------------------------------+
; Logic utilization (ALMs needed / total ALMs on device)      ; 10339 / 56480 ( 18 % )  ; 0 / 56480 ( 0 % )              ;
; ALMs needed [=A-B+C]                                        ; 10339                   ; 0                              ;
;     [A] ALMs used in final placement [=a+b+c+d]             ; 12273 / 56480 ( 22 % )  ; 0 / 56480 ( 0 % )              ;
;         [a] ALMs used for LUT logic and registers           ; 1965                    ; 0                              ;
;         [b] ALMs used for LUT logic                         ; 3976                    ; 0                              ;
;         [c] ALMs used for registers                         ; 6332                    ; 0                              ;
;         [d] ALMs used for memory (up to half of total ALMs) ; 0                       ; 0                              ;
;     [B] Estimate of ALMs recoverable by dense packing       ; 3663 / 56480 ( 6 % )    ; 0 / 56480 ( 0 % )              ;
;     [C] Estimate of ALMs unavailable [=a+b+c+d]             ; 1729 / 56480 ( 3 % )    ; 0 / 56480 ( 0 % )              ;
;         [a] Due to location constrained logic               ; 0                       ; 0                              ;
;         [b] Due to LAB-wide signal conflicts                ; 1717                    ; 0                              ;
;         [c] Due to LAB input limits                         ; 12                      ; 0                              ;
;         [d] Due to virtual I/Os                             ; 0                       ; 0                              ;
;                                                             ;                         ;                                ;
; Difficulty packing design                                   ; Low                     ; Low                            ;
;                                                             ;                         ;                                ;
; Total LABs:  partially or completely used                   ; 2550 / 5648 ( 45 % )    ; 0 / 5648 ( 0 % )               ;
;     -- Logic LABs                                           ; 2550                    ; 0                              ;
;     -- Memory LABs (up to half of total LABs)               ; 0                       ; 0                              ;
;                                                             ;                         ;                                ;
; Combinational ALUT usage for logic                          ; 7372                    ; 0                              ;
;     -- 7 input functions                                    ; 1                       ; 0                              ;
;     -- 6 input functions                                    ; 5915                    ; 0                              ;
;     -- 5 input functions                                    ; 60                      ; 0                              ;
;     -- 4 input functions                                    ; 102                     ; 0                              ;
;     -- <=3 input functions                                  ; 1294                    ; 0                              ;
; Combinational ALUT usage for route-throughs                 ; 8271                    ; 0                              ;
; Memory ALUT usage                                           ; 0                       ; 0                              ;
;     -- 64-address deep                                      ; 0                       ; 0                              ;
;     -- 32-address deep                                      ; 0                       ; 0                              ;
;                                                             ;                         ;                                ;
; Dedicated logic registers                                   ; 0                       ; 0                              ;
;     -- By type:                                             ;                         ;                                ;
;         -- Primary logic registers                          ; 16593 / 112960 ( 15 % ) ; 0 / 112960 ( 0 % )             ;
;         -- Secondary logic registers                        ; 364 / 112960 ( < 1 % )  ; 0 / 112960 ( 0 % )             ;
;     -- By function:                                         ;                         ;                                ;
;         -- Design implementation registers                  ; 16846                   ; 0                              ;
;         -- Routing optimization registers                   ; 111                     ; 0                              ;
;                                                             ;                         ;                                ;
;                                                             ;                         ;                                ;
; Virtual pins                                                ; 0                       ; 0                              ;
; I/O pins                                                    ; 64                      ; 0                              ;
; I/O registers                                               ; 0                       ; 0                              ;
; Total block memory bits                                     ; 0                       ; 0                              ;
; Total block memory implementation bits                      ; 0                       ; 0                              ;
; Clock enable block                                          ; 2 / 122 ( 1 % )         ; 0 / 122 ( 0 % )                ;
;                                                             ;                         ;                                ;
; Connections                                                 ;                         ;                                ;
;     -- Input Connections                                    ; 0                       ; 0                              ;
;     -- Registered Input Connections                         ; 0                       ; 0                              ;
;     -- Output Connections                                   ; 0                       ; 0                              ;
;     -- Registered Output Connections                        ; 0                       ; 0                              ;
;                                                             ;                         ;                                ;
; Internal Connections                                        ;                         ;                                ;
;     -- Total Connections                                    ; 99760                   ; 0                              ;
;     -- Registered Connections                               ; 18618                   ; 0                              ;
;                                                             ;                         ;                                ;
; External Connections                                        ;                         ;                                ;
;     -- Top                                                  ; 0                       ; 0                              ;
;     -- hard_block:auto_generated_inst                       ; 0                       ; 0                              ;
;                                                             ;                         ;                                ;
; Partition Interface                                         ;                         ;                                ;
;     -- Input Ports                                          ; 12                      ; 0                              ;
;     -- Output Ports                                         ; 52                      ; 0                              ;
;     -- Bidir Ports                                          ; 0                       ; 0                              ;
;                                                             ;                         ;                                ;
; Registered Ports                                            ;                         ;                                ;
;     -- Registered Input Ports                               ; 0                       ; 0                              ;
;     -- Registered Output Ports                              ; 0                       ; 0                              ;
;                                                             ;                         ;                                ;
; Port Connectivity                                           ;                         ;                                ;
;     -- Input Ports driven by GND                            ; 0                       ; 0                              ;
;     -- Output Ports driven by GND                           ; 0                       ; 0                              ;
;     -- Input Ports driven by VCC                            ; 0                       ; 0                              ;
;     -- Output Ports driven by VCC                           ; 0                       ; 0                              ;
;     -- Input Ports with no Source                           ; 0                       ; 0                              ;
;     -- Output Ports with no Source                          ; 0                       ; 0                              ;
;     -- Input Ports with no Fanout                           ; 0                       ; 0                              ;
;     -- Output Ports with no Fanout                          ; 0                       ; 0                              ;
+-------------------------------------------------------------+-------------------------+--------------------------------+


+---------------------------------------------------------------------------------------------------------------------------------------------------------------------------------------------------------------------------------------------------------------------------------------+
; Input Pins                                                                                                                                                                                                                                                                            ;
+--------+-------+----------+--------------+--------------+--------------+-----------------------+--------------------+--------+----------------+-----------------+----------+--------------+--------------+-------------+---------------------------+----------------------+-----------+
; Name   ; Pin # ; I/O Bank ; X coordinate ; Y coordinate ; Z coordinate ; Combinational Fan-Out ; Registered Fan-Out ; Global ; Input Register ; PCI I/O Enabled ; Bus Hold ; Weak Pull Up ; I/O Standard ; Termination ; Termination Control Block ; Location assigned by ; Slew Rate ;
+--------+-------+----------+--------------+--------------+--------------+-----------------------+--------------------+--------+----------------+-----------------+----------+--------------+--------------+-------------+---------------------------+----------------------+-----------+
; KEY[0] ; M16   ; 5B       ; 89           ; 35           ; 60           ; 16957                 ; 0                  ; yes    ; no             ; no              ; no       ; Off          ; 2.5 V        ; Off         ; --                        ; Fitter               ; no        ;
; KEY[1] ; M9    ; 3B       ; 32           ; 0            ; 0            ; 541                   ; 0                  ; yes    ; no             ; no              ; no       ; Off          ; 2.5 V        ; Off         ; --                        ; Fitter               ; no        ;
; SW[0]  ; L22   ; 5B       ; 89           ; 36           ; 54           ; 16                    ; 0                  ; no     ; no             ; no              ; no       ; Off          ; 2.5 V        ; Off         ; --                        ; Fitter               ; no        ;
; SW[1]  ; P19   ; 5A       ; 89           ; 9            ; 37           ; 16                    ; 0                  ; no     ; no             ; no              ; no       ; Off          ; 2.5 V        ; Off         ; --                        ; Fitter               ; no        ;
; SW[2]  ; D19   ; 7A       ; 86           ; 81           ; 17           ; 0                     ; 0                  ; no     ; no             ; no              ; no       ; Off          ; 2.5 V        ; Off         ; --                        ; Fitter               ; no        ;
; SW[3]  ; N9    ; 3B       ; 40           ; 0            ; 0            ; 0                     ; 0                  ; no     ; no             ; no              ; no       ; Off          ; 2.5 V        ; Off         ; --                        ; Fitter               ; no        ;
; SW[4]  ; R5    ; 3A       ; 2            ; 0            ; 40           ; 0                     ; 0                  ; no     ; no             ; no              ; no       ; Off          ; 2.5 V        ; Off         ; --                        ; Fitter               ; no        ;
; SW[5]  ; G6    ; 8A       ; 26           ; 81           ; 40           ; 0                     ; 0                  ; no     ; no             ; no              ; no       ; Off          ; 2.5 V        ; Off         ; --                        ; Fitter               ; no        ;
; SW[6]  ; C6    ; 8A       ; 30           ; 81           ; 34           ; 0                     ; 0                  ; no     ; no             ; no              ; no       ; Off          ; 2.5 V        ; Off         ; --                        ; Fitter               ; no        ;
; SW[7]  ; B17   ; 7A       ; 84           ; 81           ; 51           ; 0                     ; 0                  ; no     ; no             ; no              ; no       ; Off          ; 2.5 V        ; Off         ; --                        ; Fitter               ; no        ;
; SW[8]  ; H14   ; 7A       ; 60           ; 81           ; 0            ; 0                     ; 0                  ; no     ; no             ; no              ; no       ; Off          ; 2.5 V        ; Off         ; --                        ; Fitter               ; no        ;
; SW[9]  ; G8    ; 8A       ; 38           ; 81           ; 51           ; 0                     ; 0                  ; no     ; no             ; no              ; no       ; Off          ; 2.5 V        ; Off         ; --                        ; Fitter               ; no        ;
+--------+-------+----------+--------------+--------------+--------------+-----------------------+--------------------+--------+----------------+-----------------+----------+--------------+--------------+-------------+---------------------------+----------------------+-----------+


+----------------------------------------------------------------------------------------------------------------------------------------------------------------------------------------------------------------------------------------------------------------------------------------------------------------------------------------------------------------------------------------------------------------------------------------------------------------------------------------------+
; Output Pins                                                                                                                                                                                                                                                                                                                                                                                                                                                                                  ;
+---------+-------+----------+--------------+--------------+--------------+-----------------+------------------------+-----------+-----------------+------------+---------------+----------+--------------+--------------+------------------+-----------------------------------+---------------------------+----------------------------+-----------------------------+---------------------+-----------------------------+----------------------+----------------------+---------------------+
; Name    ; Pin # ; I/O Bank ; X coordinate ; Y coordinate ; Z coordinate ; Output Register ; Output Enable Register ; Slew Rate ; PCI I/O Enabled ; Open Drain ; TRI Primitive ; Bus Hold ; Weak Pull Up ; I/O Standard ; Current Strength ; Termination                       ; Termination Control Block ; Output Buffer Pre-emphasis ; Voltage Output Differential ; Output Buffer Delay ; Output Buffer Delay Control ; Location assigned by ; Output Enable Source ; Output Enable Group ;
+---------+-------+----------+--------------+--------------+--------------+-----------------+------------------------+-----------+-----------------+------------+---------------+----------+--------------+--------------+------------------+-----------------------------------+---------------------------+----------------------------+-----------------------------+---------------------+-----------------------------+----------------------+----------------------+---------------------+
; HEX0[0] ; Y22   ; 4A       ; 66           ; 0            ; 91           ; no              ; no                     ; 1         ; no              ; no         ; no            ; no       ; Off          ; 2.5 V        ; Default          ; Series 50 Ohm without Calibration ; --                        ; no                         ; no                          ; 0                   ; Off                         ; Fitter               ; -                    ; -                   ;
; HEX0[1] ; Y20   ; 4A       ; 66           ; 0            ; 57           ; no              ; no                     ; 1         ; no              ; no         ; no            ; no       ; Off          ; 2.5 V        ; Default          ; Series 50 Ohm without Calibration ; --                        ; no                         ; no                          ; 0                   ; Off                         ; Fitter               ; -                    ; -                   ;
; HEX0[2] ; Y21   ; 4A       ; 68           ; 0            ; 51           ; no              ; no                     ; 1         ; no              ; no         ; no            ; no       ; Off          ; 2.5 V        ; Default          ; Series 50 Ohm without Calibration ; --                        ; no                         ; no                          ; 0                   ; Off                         ; Fitter               ; -                    ; -                   ;
; HEX0[3] ; W22   ; 4A       ; 66           ; 0            ; 74           ; no              ; no                     ; 1         ; no              ; no         ; no            ; no       ; Off          ; 2.5 V        ; Default          ; Series 50 Ohm without Calibration ; --                        ; no                         ; no                          ; 0                   ; Off                         ; Fitter               ; -                    ; -                   ;
; HEX0[4] ; U15   ; 4A       ; 60           ; 0            ; 0            ; no              ; no                     ; 1         ; no              ; no         ; no            ; no       ; Off          ; 2.5 V        ; Default          ; Series 50 Ohm without Calibration ; --                        ; no                         ; no                          ; 0                   ; Off                         ; Fitter               ; -                    ; -                   ;
; HEX0[5] ; W19   ; 4A       ; 62           ; 0            ; 0            ; no              ; no                     ; 1         ; no              ; no         ; no            ; no       ; Off          ; 2.5 V        ; Default          ; Series 50 Ohm without Calibration ; --                        ; no                         ; no                          ; 0                   ; Off                         ; Fitter               ; -                    ; -                   ;
; HEX0[6] ; U17   ; 4A       ; 72           ; 0            ; 0            ; no              ; no                     ; 1         ; no              ; no         ; no            ; no       ; Off          ; 2.5 V        ; Default          ; Series 50 Ohm without Calibration ; --                        ; no                         ; no                          ; 0                   ; Off                         ; Fitter               ; -                    ; -                   ;
; HEX1[0] ; K22   ; 5B       ; 89           ; 38           ; 54           ; no              ; no                     ; 1         ; no              ; no         ; no            ; no       ; Off          ; 2.5 V        ; Default          ; Series 50 Ohm without Calibration ; --                        ; no                         ; no                          ; 0                   ; Off                         ; Fitter               ; -                    ; -                   ;
; HEX1[1] ; N19   ; 5B       ; 89           ; 36           ; 3            ; no              ; no                     ; 1         ; no              ; no         ; no            ; no       ; Off          ; 2.5 V        ; Default          ; Series 50 Ohm without Calibration ; --                        ; no                         ; no                          ; 0                   ; Off                         ; Fitter               ; -                    ; -                   ;
; HEX1[2] ; M20   ; 5B       ; 89           ; 37           ; 37           ; no              ; no                     ; 1         ; no              ; no         ; no            ; no       ; Off          ; 2.5 V        ; Default          ; Series 50 Ohm without Calibration ; --                        ; no                         ; no                          ; 0                   ; Off                         ; Fitter               ; -                    ; -                   ;
; HEX1[3] ; N20   ; 5B       ; 89           ; 35           ; 77           ; no              ; no                     ; 1         ; no              ; no         ; no            ; no       ; Off          ; 2.5 V        ; Default          ; Series 50 Ohm without Calibration ; --                        ; no                         ; no                          ; 0                   ; Off                         ; Fitter               ; -                    ; -                   ;
; HEX1[4] ; L17   ; 5B       ; 89           ; 37           ; 20           ; no              ; no                     ; 1         ; no              ; no         ; no            ; no       ; Off          ; 2.5 V        ; Default          ; Series 50 Ohm without Calibration ; --                        ; no                         ; no                          ; 0                   ; Off                         ; Fitter               ; -                    ; -                   ;
; HEX1[5] ; M18   ; 5B       ; 89           ; 36           ; 20           ; no              ; no                     ; 1         ; no              ; no         ; no            ; no       ; Off          ; 2.5 V        ; Default          ; Series 50 Ohm without Calibration ; --                        ; no                         ; no                          ; 0                   ; Off                         ; Fitter               ; -                    ; -                   ;
; HEX1[6] ; U20   ; 4A       ; 72           ; 0            ; 34           ; no              ; no                     ; 1         ; no              ; no         ; no            ; no       ; Off          ; 2.5 V        ; Default          ; Series 50 Ohm without Calibration ; --                        ; no                         ; no                          ; 0                   ; Off                         ; Fitter               ; -                    ; -                   ;
; HEX2[0] ; N16   ; 5B       ; 89           ; 35           ; 43           ; no              ; no                     ; 1         ; no              ; no         ; no            ; no       ; Off          ; 2.5 V        ; Default          ; Series 50 Ohm without Calibration ; --                        ; no                         ; no                          ; 0                   ; Off                         ; Fitter               ; -                    ; -                   ;
; HEX2[1] ; M21   ; 5B       ; 89           ; 37           ; 54           ; no              ; no                     ; 1         ; no              ; no         ; no            ; no       ; Off          ; 2.5 V        ; Default          ; Series 50 Ohm without Calibration ; --                        ; no                         ; no                          ; 0                   ; Off                         ; Fitter               ; -                    ; -                   ;
; HEX2[2] ; C18   ; 7A       ; 78           ; 81           ; 17           ; no              ; no                     ; 1         ; no              ; no         ; no            ; no       ; Off          ; 2.5 V        ; Default          ; Series 50 Ohm without Calibration ; --                        ; no                         ; no                          ; 0                   ; Off                         ; Fitter               ; -                    ; -                   ;
; HEX2[3] ; F22   ; 7A       ; 82           ; 81           ; 91           ; no              ; no                     ; 1         ; no              ; no         ; no            ; no       ; Off          ; 2.5 V        ; Default          ; Series 50 Ohm without Calibration ; --                        ; no                         ; no                          ; 0                   ; Off                         ; Fitter               ; -                    ; -                   ;
; HEX2[4] ; C19   ; 7A       ; 78           ; 81           ; 0            ; no              ; no                     ; 1         ; no              ; no         ; no            ; no       ; Off          ; 2.5 V        ; Default          ; Series 50 Ohm without Calibration ; --                        ; no                         ; no                          ; 0                   ; Off                         ; Fitter               ; -                    ; -                   ;
; HEX2[5] ; K17   ; 5B       ; 89           ; 37           ; 3            ; no              ; no                     ; 1         ; no              ; no         ; no            ; no       ; Off          ; 2.5 V        ; Default          ; Series 50 Ohm without Calibration ; --                        ; no                         ; no                          ; 0                   ; Off                         ; Fitter               ; -                    ; -                   ;
; HEX2[6] ; N21   ; 5B       ; 89           ; 35           ; 94           ; no              ; no                     ; 1         ; no              ; no         ; no            ; no       ; Off          ; 2.5 V        ; Default          ; Series 50 Ohm without Calibration ; --                        ; no                         ; no                          ; 0                   ; Off                         ; Fitter               ; -                    ; -                   ;
; HEX3[0] ; V19   ; 4A       ; 70           ; 0            ; 17           ; no              ; no                     ; 1         ; no              ; no         ; no            ; no       ; Off          ; 2.5 V        ; Default          ; Series 50 Ohm without Calibration ; --                        ; no                         ; no                          ; 0                   ; Off                         ; Fitter               ; -                    ; -                   ;
; HEX3[1] ; Y19   ; 4A       ; 66           ; 0            ; 40           ; no              ; no                     ; 1         ; no              ; no         ; no            ; no       ; Off          ; 2.5 V        ; Default          ; Series 50 Ohm without Calibration ; --                        ; no                         ; no                          ; 0                   ; Off                         ; Fitter               ; -                    ; -                   ;
; HEX3[2] ; U22   ; 4A       ; 70           ; 0            ; 51           ; no              ; no                     ; 1         ; no              ; no         ; no            ; no       ; Off          ; 2.5 V        ; Default          ; Series 50 Ohm without Calibration ; --                        ; no                         ; no                          ; 0                   ; Off                         ; Fitter               ; -                    ; -                   ;
; HEX3[3] ; V16   ; 4A       ; 64           ; 0            ; 17           ; no              ; no                     ; 1         ; no              ; no         ; no            ; no       ; Off          ; 2.5 V        ; Default          ; Series 50 Ohm without Calibration ; --                        ; no                         ; no                          ; 0                   ; Off                         ; Fitter               ; -                    ; -                   ;
; HEX3[4] ; AB22  ; 4A       ; 64           ; 0            ; 51           ; no              ; no                     ; 1         ; no              ; no         ; no            ; no       ; Off          ; 2.5 V        ; Default          ; Series 50 Ohm without Calibration ; --                        ; no                         ; no                          ; 0                   ; Off                         ; Fitter               ; -                    ; -                   ;
; HEX3[5] ; T14   ; 4A       ; 60           ; 0            ; 17           ; no              ; no                     ; 1         ; no              ; no         ; no            ; no       ; Off          ; 2.5 V        ; Default          ; Series 50 Ohm without Calibration ; --                        ; no                         ; no                          ; 0                   ; Off                         ; Fitter               ; -                    ; -                   ;
; HEX3[6] ; W16   ; 4A       ; 64           ; 0            ; 0            ; no              ; no                     ; 1         ; no              ; no         ; no            ; no       ; Off          ; 2.5 V        ; Default          ; Series 50 Ohm without Calibration ; --                        ; no                         ; no                          ; 0                   ; Off                         ; Fitter               ; -                    ; -                   ;
; HEX4[0] ; P16   ; 5A       ; 89           ; 9            ; 3            ; no              ; no                     ; 1         ; no              ; no         ; no            ; no       ; Off          ; 2.5 V        ; Default          ; Series 50 Ohm without Calibration ; --                        ; no                         ; no                          ; 0                   ; Off                         ; Fitter               ; -                    ; -                   ;
; HEX4[1] ; P22   ; 5A       ; 89           ; 8            ; 54           ; no              ; no                     ; 1         ; no              ; no         ; no            ; no       ; Off          ; 2.5 V        ; Default          ; Series 50 Ohm without Calibration ; --                        ; no                         ; no                          ; 0                   ; Off                         ; Fitter               ; -                    ; -                   ;
; HEX4[2] ; M22   ; 5B       ; 89           ; 36           ; 37           ; no              ; no                     ; 1         ; no              ; no         ; no            ; no       ; Off          ; 2.5 V        ; Default          ; Series 50 Ohm without Calibration ; --                        ; no                         ; no                          ; 0                   ; Off                         ; Fitter               ; -                    ; -                   ;
; HEX4[3] ; R22   ; 5A       ; 89           ; 6            ; 54           ; no              ; no                     ; 1         ; no              ; no         ; no            ; no       ; Off          ; 2.5 V        ; Default          ; Series 50 Ohm without Calibration ; --                        ; no                         ; no                          ; 0                   ; Off                         ; Fitter               ; -                    ; -                   ;
; HEX4[4] ; R17   ; 5A       ; 89           ; 8            ; 20           ; no              ; no                     ; 1         ; no              ; no         ; no            ; no       ; Off          ; 2.5 V        ; Default          ; Series 50 Ohm without Calibration ; --                        ; no                         ; no                          ; 0                   ; Off                         ; Fitter               ; -                    ; -                   ;
; HEX4[5] ; P17   ; 5A       ; 89           ; 9            ; 20           ; no              ; no                     ; 1         ; no              ; no         ; no            ; no       ; Off          ; 2.5 V        ; Default          ; Series 50 Ohm without Calibration ; --                        ; no                         ; no                          ; 0                   ; Off                         ; Fitter               ; -                    ; -                   ;
; HEX4[6] ; T15   ; 5A       ; 89           ; 6            ; 3            ; no              ; no                     ; 1         ; no              ; no         ; no            ; no       ; Off          ; 2.5 V        ; Default          ; Series 50 Ohm without Calibration ; --                        ; no                         ; no                          ; 0                   ; Off                         ; Fitter               ; -                    ; -                   ;
; HEX5[0] ; P14   ; 4A       ; 68           ; 0            ; 17           ; no              ; no                     ; 1         ; no              ; no         ; no            ; no       ; Off          ; 2.5 V        ; Default          ; Series 50 Ohm without Calibration ; --                        ; no                         ; no                          ; 0                   ; Off                         ; Fitter               ; -                    ; -                   ;
; HEX5[1] ; AA20  ; 4A       ; 62           ; 0            ; 34           ; no              ; no                     ; 1         ; no              ; no         ; no            ; no       ; Off          ; 2.5 V        ; Default          ; Series 50 Ohm without Calibration ; --                        ; no                         ; no                          ; 0                   ; Off                         ; Fitter               ; -                    ; -                   ;
; HEX5[2] ; W21   ; 4A       ; 68           ; 0            ; 34           ; no              ; no                     ; 1         ; no              ; no         ; no            ; no       ; Off          ; 2.5 V        ; Default          ; Series 50 Ohm without Calibration ; --                        ; no                         ; no                          ; 0                   ; Off                         ; Fitter               ; -                    ; -                   ;
; HEX5[3] ; R14   ; 4A       ; 68           ; 0            ; 0            ; no              ; no                     ; 1         ; no              ; no         ; no            ; no       ; Off          ; 2.5 V        ; Default          ; Series 50 Ohm without Calibration ; --                        ; no                         ; no                          ; 0                   ; Off                         ; Fitter               ; -                    ; -                   ;
; HEX5[4] ; V21   ; 4A       ; 70           ; 0            ; 34           ; no              ; no                     ; 1         ; no              ; no         ; no            ; no       ; Off          ; 2.5 V        ; Default          ; Series 50 Ohm without Calibration ; --                        ; no                         ; no                          ; 0                   ; Off                         ; Fitter               ; -                    ; -                   ;
; HEX5[5] ; U16   ; 4A       ; 72           ; 0            ; 17           ; no              ; no                     ; 1         ; no              ; no         ; no            ; no       ; Off          ; 2.5 V        ; Default          ; Series 50 Ohm without Calibration ; --                        ; no                         ; no                          ; 0                   ; Off                         ; Fitter               ; -                    ; -                   ;
; HEX5[6] ; V18   ; 4A       ; 70           ; 0            ; 0            ; no              ; no                     ; 1         ; no              ; no         ; no            ; no       ; Off          ; 2.5 V        ; Default          ; Series 50 Ohm without Calibration ; --                        ; no                         ; no                          ; 0                   ; Off                         ; Fitter               ; -                    ; -                   ;
; LEDR[0] ; R16   ; 5A       ; 89           ; 8            ; 3            ; no              ; no                     ; 1         ; no              ; no         ; no            ; no       ; Off          ; 2.5 V        ; Default          ; Series 50 Ohm without Calibration ; --                        ; no                         ; no                          ; 0                   ; Off                         ; Fitter               ; -                    ; -                   ;
; LEDR[1] ; P18   ; 5A       ; 89           ; 9            ; 54           ; no              ; no                     ; 1         ; no              ; no         ; no            ; no       ; Off          ; 2.5 V        ; Default          ; Series 50 Ohm without Calibration ; --                        ; no                         ; no                          ; 0                   ; Off                         ; Fitter               ; -                    ; -                   ;
; LEDR[2] ; R21   ; 5A       ; 89           ; 8            ; 37           ; no              ; no                     ; 1         ; no              ; no         ; no            ; no       ; Off          ; 2.5 V        ; Default          ; Series 50 Ohm without Calibration ; --                        ; no                         ; no                          ; 0                   ; Off                         ; Fitter               ; -                    ; -                   ;
; LEDR[3] ; R15   ; 5A       ; 89           ; 6            ; 20           ; no              ; no                     ; 1         ; no              ; no         ; no            ; no       ; Off          ; 2.5 V        ; Default          ; Series 50 Ohm without Calibration ; --                        ; no                         ; no                          ; 0                   ; Off                         ; Fitter               ; -                    ; -                   ;
; LEDR[4] ; K21   ; 5B       ; 89           ; 38           ; 37           ; no              ; no                     ; 1         ; no              ; no         ; no            ; no       ; Off          ; 2.5 V        ; Default          ; Series 50 Ohm without Calibration ; --                        ; no                         ; no                          ; 0                   ; Off                         ; Fitter               ; -                    ; -                   ;
; LEDR[5] ; L18   ; 5B       ; 89           ; 38           ; 20           ; no              ; no                     ; 1         ; no              ; no         ; no            ; no       ; Off          ; 2.5 V        ; Default          ; Series 50 Ohm without Calibration ; --                        ; no                         ; no                          ; 0                   ; Off                         ; Fitter               ; -                    ; -                   ;
; LEDR[6] ; U21   ; 4A       ; 72           ; 0            ; 51           ; no              ; no                     ; 1         ; no              ; no         ; no            ; no       ; Off          ; 2.5 V        ; Default          ; Series 50 Ohm without Calibration ; --                        ; no                         ; no                          ; 0                   ; Off                         ; Fitter               ; -                    ; -                   ;
; LEDR[7] ; T20   ; 5A       ; 89           ; 4            ; 94           ; no              ; no                     ; 1         ; no              ; no         ; no            ; no       ; Off          ; 2.5 V        ; Default          ; Series 50 Ohm without Calibration ; --                        ; no                         ; no                          ; 0                   ; Off                         ; Fitter               ; -                    ; -                   ;
; LEDR[8] ; T17   ; 5A       ; 89           ; 4            ; 60           ; no              ; no                     ; 1         ; no              ; no         ; no            ; no       ; Off          ; 2.5 V        ; Default          ; Series 50 Ohm without Calibration ; --                        ; no                         ; no                          ; 0                   ; Off                         ; Fitter               ; -                    ; -                   ;
; LEDR[9] ; T18   ; 5A       ; 89           ; 4            ; 43           ; no              ; no                     ; 1         ; no              ; no         ; no            ; no       ; Off          ; 2.5 V        ; Default          ; Series 50 Ohm without Calibration ; --                        ; no                         ; no                          ; 0                   ; Off                         ; Fitter               ; -                    ; -                   ;
+---------+-------+----------+--------------+--------------+--------------+-----------------+------------------------+-----------+-----------------+------------+---------------+----------+--------------+--------------+------------------+-----------------------------------+---------------------------+----------------------------+-----------------------------+---------------------+-----------------------------+----------------------+----------------------+---------------------+


+----------------------------------------------------------------------------+
; I/O Bank Usage                                                             ;
+----------+------------------+---------------+--------------+---------------+
; I/O Bank ; Usage            ; VCCIO Voltage ; VREF Voltage ; VCCPD Voltage ;
+----------+------------------+---------------+--------------+---------------+
; B2L      ; 0 / 0 ( -- )     ; --            ; --           ; --            ;
; B1L      ; 0 / 14 ( 0 % )   ; --            ; --           ; --            ;
; B0L      ; 0 / 14 ( 0 % )   ; --            ; --           ; --            ;
; 3A       ; 1 / 16 ( 6 % )   ; 2.5V          ; --           ; 2.5V          ;
; 3B       ; 2 / 32 ( 6 % )   ; 2.5V          ; --           ; 2.5V          ;
; 4A       ; 23 / 48 ( 48 % ) ; 2.5V          ; --           ; 2.5V          ;
; 5A       ; 14 / 16 ( 88 % ) ; 2.5V          ; --           ; 2.5V          ;
; 5B       ; 15 / 16 ( 94 % ) ; 2.5V          ; --           ; 2.5V          ;
; 7A       ; 6 / 80 ( 8 % )   ; 2.5V          ; --           ; 2.5V          ;
; 8A       ; 3 / 32 ( 9 % )   ; 2.5V          ; --           ; 2.5V          ;
+----------+------------------+---------------+--------------+---------------+


+-----------------------------------------------------------------------------------------------------------------------------------------------------------------------------+
; All Package Pins                                                                                                                                                            ;
+----------+------------+----------+---------------------------------+--------+--------------+---------------------+--------------+-----------------+----------+--------------+
; Location ; Pad Number ; I/O Bank ; Pin Name/Usage                  ; Dir.   ; I/O Standard ; Voltage             ; I/O Type     ; User Assignment ; Bus Hold ; Weak Pull Up ;
+----------+------------+----------+---------------------------------+--------+--------------+---------------------+--------------+-----------------+----------+--------------+
; A1       ;            ;          ; RREF                            ;        ;              ;                     ; --           ;                 ; --       ; --           ;
; A2       ; 538        ; 9A       ; ^MSEL2                          ;        ;              ;                     ; --           ;                 ; --       ; --           ;
; A3       ;            ; --       ; VCCBAT                          ; power  ;              ; 1.2V                ; --           ;                 ; --       ; --           ;
; A4       ; 540        ; 9A       ; ^nCONFIG                        ;        ;              ;                     ; --           ;                 ; --       ; --           ;
; A5       ; 466        ; 8A       ; RESERVED_INPUT_WITH_WEAK_PULLUP ;        ;              ;                     ; Column I/O   ;                 ; no       ; On           ;
; A6       ;            ; 8A       ; VCCIO8A                         ; power  ;              ; 2.5V                ; --           ;                 ; --       ; --           ;
; A7       ; 475        ; 8A       ; RESERVED_INPUT_WITH_WEAK_PULLUP ;        ;              ;                     ; Column I/O   ;                 ; no       ; On           ;
; A8       ; 473        ; 8A       ; RESERVED_INPUT_WITH_WEAK_PULLUP ;        ;              ;                     ; Column I/O   ;                 ; no       ; On           ;
; A9       ; 464        ; 8A       ; RESERVED_INPUT_WITH_WEAK_PULLUP ;        ;              ;                     ; Column I/O   ;                 ; no       ; On           ;
; A10      ; 462        ; 8A       ; RESERVED_INPUT_WITH_WEAK_PULLUP ;        ;              ;                     ; Column I/O   ;                 ; no       ; On           ;
; A11      ;            ;          ; GND                             ; gnd    ;              ;                     ; --           ;                 ; --       ; --           ;
; A12      ; 444        ; 7A       ; RESERVED_INPUT_WITH_WEAK_PULLUP ;        ;              ;                     ; Column I/O   ;                 ; no       ; On           ;
; A13      ; 432        ; 7A       ; RESERVED_INPUT_WITH_WEAK_PULLUP ;        ;              ;                     ; Column I/O   ;                 ; no       ; On           ;
; A14      ; 420        ; 7A       ; RESERVED_INPUT_WITH_WEAK_PULLUP ;        ;              ;                     ; Column I/O   ;                 ; no       ; On           ;
; A15      ; 418        ; 7A       ; RESERVED_INPUT_WITH_WEAK_PULLUP ;        ;              ;                     ; Column I/O   ;                 ; no       ; On           ;
; A16      ;            ; 7A       ; VCCIO7A                         ; power  ;              ; 2.5V                ; --           ;                 ; --       ; --           ;
; A17      ; 403        ; 7A       ; RESERVED_INPUT_WITH_WEAK_PULLUP ;        ;              ;                     ; Column I/O   ;                 ; no       ; On           ;
; A18      ; 401        ; 7A       ; RESERVED_INPUT_WITH_WEAK_PULLUP ;        ;              ;                     ; Column I/O   ;                 ; no       ; On           ;
; A19      ; 404        ; 7A       ; RESERVED_INPUT_WITH_WEAK_PULLUP ;        ;              ;                     ; Column I/O   ;                 ; no       ; On           ;
; A20      ; 402        ; 7A       ; RESERVED_INPUT_WITH_WEAK_PULLUP ;        ;              ;                     ; Column I/O   ;                 ; no       ; On           ;
; A21      ;            ;          ; GND                             ; gnd    ;              ;                     ; --           ;                 ; --       ; --           ;
; A22      ; 396        ; 7A       ; RESERVED_INPUT_WITH_WEAK_PULLUP ;        ;              ;                     ; Column I/O   ;                 ; no       ; On           ;
; AA1      ; 39         ; B0L      ; GND                             ;        ;              ;                     ; --           ;                 ; --       ; --           ;
; AA2      ; 38         ; B0L      ; GND                             ;        ;              ;                     ; --           ;                 ; --       ; --           ;
; AA3      ;            ;          ; GND                             ; gnd    ;              ;                     ; --           ;                 ; --       ; --           ;
; AA4      ;            ;          ; GND                             ; gnd    ;              ;                     ; --           ;                 ; --       ; --           ;
; AA5      ; 47         ; 3A       ; ^AS_DATA2, DATA2                ;        ;              ;                     ; Weak Pull Up ;                 ; --       ; On           ;
; AA6      ;            ;          ; GND                             ; gnd    ;              ;                     ; --           ;                 ; --       ; --           ;
; AA7      ; 105        ; 3B       ; RESERVED_INPUT_WITH_WEAK_PULLUP ;        ;              ;                     ; Column I/O   ;                 ; no       ; On           ;
; AA8      ; 108        ; 3B       ; RESERVED_INPUT_WITH_WEAK_PULLUP ;        ;              ;                     ; Column I/O   ;                 ; no       ; On           ;
; AA9      ; 115        ; 3B       ; RESERVED_INPUT_WITH_WEAK_PULLUP ;        ;              ;                     ; Column I/O   ;                 ; no       ; On           ;
; AA10     ; 113        ; 3B       ; RESERVED_INPUT_WITH_WEAK_PULLUP ;        ;              ;                     ; Column I/O   ;                 ; no       ; On           ;
; AA11     ;            ;          ; GND                             ; gnd    ;              ;                     ; --           ;                 ; --       ; --           ;
; AA12     ; 131        ; 3B       ; RESERVED_INPUT_WITH_WEAK_PULLUP ;        ;              ;                     ; Column I/O   ;                 ; no       ; On           ;
; AA13     ; 139        ; 4A       ; RESERVED_INPUT_WITH_WEAK_PULLUP ;        ;              ;                     ; Column I/O   ;                 ; no       ; On           ;
; AA14     ; 137        ; 4A       ; RESERVED_INPUT_WITH_WEAK_PULLUP ;        ;              ;                     ; Column I/O   ;                 ; no       ; On           ;
; AA15     ; 142        ; 4A       ; RESERVED_INPUT_WITH_WEAK_PULLUP ;        ;              ;                     ; Column I/O   ;                 ; no       ; On           ;
; AA16     ;            ; 4A       ; VCCIO4A                         ; power  ;              ; 2.5V                ; --           ;                 ; --       ; --           ;
; AA17     ; 153        ; 4A       ; RESERVED_INPUT_WITH_WEAK_PULLUP ;        ;              ;                     ; Column I/O   ;                 ; no       ; On           ;
; AA18     ; 155        ; 4A       ; RESERVED_INPUT_WITH_WEAK_PULLUP ;        ;              ;                     ; Column I/O   ;                 ; no       ; On           ;
; AA19     ; 156        ; 4A       ; RESERVED_INPUT_WITH_WEAK_PULLUP ;        ;              ;                     ; Column I/O   ;                 ; no       ; On           ;
; AA20     ; 158        ; 4A       ; HEX5[1]                         ; output ; 2.5 V        ;                     ; Column I/O   ; N               ; no       ; Off          ;
; AA21     ;            ; 4A       ; VCCIO4A                         ; power  ;              ; 2.5V                ; --           ;                 ; --       ; --           ;
; AA22     ; 163        ; 4A       ; RESERVED_INPUT_WITH_WEAK_PULLUP ;        ;              ;                     ; Column I/O   ;                 ; no       ; On           ;
; AB1      ;            ;          ; GND                             ; gnd    ;              ;                     ; --           ;                 ; --       ; --           ;
; AB2      ;            ;          ; GND                             ; gnd    ;              ;                     ; --           ;                 ; --       ; --           ;
; AB3      ; 49         ; 3A       ; ^AS_DATA1, DATA1                ;        ;              ;                     ; Weak Pull Up ;                 ; --       ; On           ;
; AB4      ; 51         ; 3A       ; ^AS_DATA0, ASDO, DATA0          ;        ;              ;                     ; Weak Pull Up ;                 ; --       ; On           ;
; AB5      ; 102        ; 3B       ; RESERVED_INPUT_WITH_WEAK_PULLUP ;        ;              ;                     ; Column I/O   ;                 ; no       ; On           ;
; AB6      ; 100        ; 3B       ; RESERVED_INPUT_WITH_WEAK_PULLUP ;        ;              ;                     ; Column I/O   ;                 ; no       ; On           ;
; AB7      ; 107        ; 3B       ; RESERVED_INPUT_WITH_WEAK_PULLUP ;        ;              ;                     ; Column I/O   ;                 ; no       ; On           ;
; AB8      ; 110        ; 3B       ; RESERVED_INPUT_WITH_WEAK_PULLUP ;        ;              ;                     ; Column I/O   ;                 ; no       ; On           ;
; AB9      ;            ;          ; GND                             ; gnd    ;              ;                     ; --           ;                 ; --       ; --           ;
; AB10     ; 124        ; 3B       ; RESERVED_INPUT_WITH_WEAK_PULLUP ;        ;              ;                     ; Column I/O   ;                 ; no       ; On           ;
; AB11     ; 126        ; 3B       ; RESERVED_INPUT_WITH_WEAK_PULLUP ;        ;              ;                     ; Column I/O   ;                 ; no       ; On           ;
; AB12     ; 134        ; 4A       ; RESERVED_INPUT_WITH_WEAK_PULLUP ;        ;              ;                     ; Column I/O   ;                 ; no       ; On           ;
; AB13     ; 132        ; 4A       ; RESERVED_INPUT_WITH_WEAK_PULLUP ;        ;              ;                     ; Column I/O   ;                 ; no       ; On           ;
; AB14     ;            ;          ; GND                             ; gnd    ;              ;                     ; --           ;                 ; --       ; --           ;
; AB15     ; 140        ; 4A       ; RESERVED_INPUT_WITH_WEAK_PULLUP ;        ;              ;                     ; Column I/O   ;                 ; no       ; On           ;
; AB16     ;            ; 4A       ; VREFB4AN0                       ; power  ;              ;                     ; --           ;                 ; --       ; --           ;
; AB17     ; 145        ; 4A       ; RESERVED_INPUT_WITH_WEAK_PULLUP ;        ;              ;                     ; Column I/O   ;                 ; no       ; On           ;
; AB18     ; 147        ; 4A       ; RESERVED_INPUT_WITH_WEAK_PULLUP ;        ;              ;                     ; Column I/O   ;                 ; no       ; On           ;
; AB19     ;            ;          ; GND                             ; gnd    ;              ;                     ; --           ;                 ; --       ; --           ;
; AB20     ; 148        ; 4A       ; RESERVED_INPUT_WITH_WEAK_PULLUP ;        ;              ;                     ; Column I/O   ;                 ; no       ; On           ;
; AB21     ; 150        ; 4A       ; RESERVED_INPUT_WITH_WEAK_PULLUP ;        ;              ;                     ; Column I/O   ;                 ; no       ; On           ;
; AB22     ; 161        ; 4A       ; HEX3[4]                         ; output ; 2.5 V        ;                     ; Column I/O   ; N               ; no       ; Off          ;
; B1       ;            ;          ; GND                             ; gnd    ;              ;                     ; --           ;                 ; --       ; --           ;
; B2       ;            ;          ; GND                             ; gnd    ;              ;                     ; --           ;                 ; --       ; --           ;
; B3       ;            ;          ; DNU                             ;        ;              ;                     ; --           ;                 ; --       ; --           ;
; B4       ;            ;          ; DNU                             ;        ;              ;                     ; --           ;                 ; --       ; --           ;
; B5       ; 468        ; 8A       ; RESERVED_INPUT_WITH_WEAK_PULLUP ;        ;              ;                     ; Column I/O   ;                 ; no       ; On           ;
; B6       ; 470        ; 8A       ; RESERVED_INPUT_WITH_WEAK_PULLUP ;        ;              ;                     ; Column I/O   ;                 ; no       ; On           ;
; B7       ; 472        ; 8A       ; RESERVED_INPUT_WITH_WEAK_PULLUP ;        ;              ;                     ; Column I/O   ;                 ; no       ; On           ;
; B8       ;            ; 8A       ; VREFB8AN0                       ; power  ;              ;                     ; --           ;                 ; --       ; --           ;
; B9       ;            ;          ; GND                             ; gnd    ;              ;                     ; --           ;                 ; --       ; --           ;
; B10      ; 465        ; 8A       ; RESERVED_INPUT_WITH_WEAK_PULLUP ;        ;              ;                     ; Column I/O   ;                 ; no       ; On           ;
; B11      ; 452        ; 7A       ; RESERVED_INPUT_WITH_WEAK_PULLUP ;        ;              ;                     ; Column I/O   ;                 ; no       ; On           ;
; B12      ; 442        ; 7A       ; RESERVED_INPUT_WITH_WEAK_PULLUP ;        ;              ;                     ; Column I/O   ;                 ; no       ; On           ;
; B13      ; 430        ; 7A       ; RESERVED_INPUT_WITH_WEAK_PULLUP ;        ;              ;                     ; Column I/O   ;                 ; no       ; On           ;
; B14      ;            ;          ; GND                             ; gnd    ;              ;                     ; --           ;                 ; --       ; --           ;
; B15      ; 427        ; 7A       ; RESERVED_INPUT_WITH_WEAK_PULLUP ;        ;              ;                     ; Column I/O   ;                 ; no       ; On           ;
; B16      ; 406        ; 7A       ; RESERVED_INPUT_WITH_WEAK_PULLUP ;        ;              ;                     ; Column I/O   ;                 ; no       ; On           ;
; B17      ; 384        ; 7A       ; SW[7]                           ; input  ; 2.5 V        ;                     ; Column I/O   ; N               ; no       ; Off          ;
; B18      ; 382        ; 7A       ; RESERVED_INPUT_WITH_WEAK_PULLUP ;        ;              ;                     ; Column I/O   ;                 ; no       ; On           ;
; B19      ;            ; 7A       ; VCCIO7A                         ; power  ;              ; 2.5V                ; --           ;                 ; --       ; --           ;
; B20      ; 380        ; 7A       ; RESERVED_INPUT_WITH_WEAK_PULLUP ;        ;              ;                     ; Column I/O   ;                 ; no       ; On           ;
; B21      ; 387        ; 7A       ; RESERVED_INPUT_WITH_WEAK_PULLUP ;        ;              ;                     ; Column I/O   ;                 ; no       ; On           ;
; B22      ; 394        ; 7A       ; RESERVED_INPUT_WITH_WEAK_PULLUP ;        ;              ;                     ; Column I/O   ;                 ; no       ; On           ;
; C1       ; 19         ; B1L      ; GND                             ;        ;              ;                     ; --           ;                 ; --       ; --           ;
; C2       ; 18         ; B1L      ; GND                             ;        ;              ;                     ; --           ;                 ; --       ; --           ;
; C3       ;            ;          ; GND                             ; gnd    ;              ;                     ; --           ;                 ; --       ; --           ;
; C4       ;            ;          ; GND                             ; gnd    ;              ;                     ; --           ;                 ; --       ; --           ;
; C5       ; 542        ; 9A       ; ^GND                            ;        ;              ;                     ; --           ;                 ; --       ; --           ;
; C6       ; 474        ; 8A       ; SW[6]                           ; input  ; 2.5 V        ;                     ; Column I/O   ; N               ; no       ; Off          ;
; C7       ;            ; 8A       ; VCCIO8A                         ; power  ;              ; 2.5V                ; --           ;                 ; --       ; --           ;
; C8       ; 480        ; 8A       ; RESERVED_INPUT_WITH_WEAK_PULLUP ;        ;              ;                     ; Column I/O   ;                 ; no       ; On           ;
; C9       ; 467        ; 8A       ; RESERVED_INPUT_WITH_WEAK_PULLUP ;        ;              ;                     ; Column I/O   ;                 ; no       ; On           ;
; C10      ;            ; 7A, 8A   ; VCCPD7A8A                       ; power  ;              ; 2.5V                ; --           ;                 ; --       ; --           ;
; C11      ; 450        ; 7A       ; RESERVED_INPUT_WITH_WEAK_PULLUP ;        ;              ;                     ; Column I/O   ;                 ; no       ; On           ;
; C12      ;            ; 7A       ; VCCIO7A                         ; power  ;              ; 2.5V                ; --           ;                 ; --       ; --           ;
; C13      ; 443        ; 7A       ; RESERVED_INPUT_WITH_WEAK_PULLUP ;        ;              ;                     ; Column I/O   ;                 ; no       ; On           ;
; C14      ;            ; 7A       ; VREFB7AN0                       ; power  ;              ;                     ; --           ;                 ; --       ; --           ;
; C15      ; 425        ; 7A       ; RESERVED_INPUT_WITH_WEAK_PULLUP ;        ;              ;                     ; Column I/O   ;                 ; no       ; On           ;
; C16      ; 408        ; 7A       ; RESERVED_INPUT_WITH_WEAK_PULLUP ;        ;              ;                     ; Column I/O   ;                 ; no       ; On           ;
; C17      ;            ;          ; GND                             ; gnd    ;              ;                     ; --           ;                 ; --       ; --           ;
; C18      ; 395        ; 7A       ; HEX2[2]                         ; output ; 2.5 V        ;                     ; Column I/O   ; N               ; no       ; Off          ;
; C19      ; 393        ; 7A       ; HEX2[4]                         ; output ; 2.5 V        ;                     ; Column I/O   ; N               ; no       ; Off          ;
; C20      ; 378        ; 7A       ; RESERVED_INPUT_WITH_WEAK_PULLUP ;        ;              ;                     ; Column I/O   ;                 ; no       ; On           ;
; C21      ; 385        ; 7A       ; RESERVED_INPUT_WITH_WEAK_PULLUP ;        ;              ;                     ; Column I/O   ;                 ; no       ; On           ;
; C22      ;            ; 7A       ; VCCIO7A                         ; power  ;              ; 2.5V                ; --           ;                 ; --       ; --           ;
; D1       ;            ;          ; GND                             ; gnd    ;              ;                     ; --           ;                 ; --       ; --           ;
; D2       ;            ;          ; GND                             ; gnd    ;              ;                     ; --           ;                 ; --       ; --           ;
; D3       ; 16         ; B1L      ; GXB_NC                          ;        ;              ;                     ; --           ;                 ; --       ; --           ;
; D4       ; 17         ; B1L      ; GXB_NC                          ;        ;              ;                     ; --           ;                 ; --       ; --           ;
; D5       ;            ;          ; GND                             ; gnd    ;              ;                     ; --           ;                 ; --       ; --           ;
; D6       ; 476        ; 8A       ; RESERVED_INPUT_WITH_WEAK_PULLUP ;        ;              ;                     ; Column I/O   ;                 ; no       ; On           ;
; D7       ; 478        ; 8A       ; RESERVED_INPUT_WITH_WEAK_PULLUP ;        ;              ;                     ; Column I/O   ;                 ; no       ; On           ;
; D8       ;            ; 7A, 8A   ; VCCPD7A8A                       ; power  ;              ; 2.5V                ; --           ;                 ; --       ; --           ;
; D9       ; 479        ; 8A       ; RESERVED_INPUT_WITH_WEAK_PULLUP ;        ;              ;                     ; Column I/O   ;                 ; no       ; On           ;
; D10      ;            ;          ; GND                             ; gnd    ;              ;                     ; --           ;                 ; --       ; --           ;
; D11      ;            ; --       ; VCC_AUX                         ; power  ;              ; 2.5V                ; --           ;                 ; --       ; --           ;
; D12      ; 449        ; 7A       ; RESERVED_INPUT_WITH_WEAK_PULLUP ;        ;              ;                     ; Column I/O   ;                 ; no       ; On           ;
; D13      ; 441        ; 7A       ; RESERVED_INPUT_WITH_WEAK_PULLUP ;        ;              ;                     ; Column I/O   ;                 ; no       ; On           ;
; D14      ;            ; 7A, 8A   ; VCCPD7A8A                       ; power  ;              ; 2.5V                ; --           ;                 ; --       ; --           ;
; D15      ;            ; 7A       ; VCCIO7A                         ; power  ;              ; 2.5V                ; --           ;                 ; --       ; --           ;
; D16      ;            ; 7A, 8A   ; VCCPD7A8A                       ; power  ;              ; 2.5V                ; --           ;                 ; --       ; --           ;
; D17      ; 409        ; 7A       ; RESERVED_INPUT_WITH_WEAK_PULLUP ;        ;              ;                     ; Column I/O   ;                 ; no       ; On           ;
; D18      ;            ; --       ; VCC_AUX                         ; power  ;              ; 2.5V                ; --           ;                 ; --       ; --           ;
; D19      ; 379        ; 7A       ; SW[2]                           ; input  ; 2.5 V        ;                     ; Column I/O   ; N               ; no       ; Off          ;
; D20      ;            ;          ; GND                             ; gnd    ;              ;                     ; --           ;                 ; --       ; --           ;
; D21      ; 376        ; 7A       ; RESERVED_INPUT_WITH_WEAK_PULLUP ;        ;              ;                     ; Column I/O   ;                 ; no       ; On           ;
; D22      ; 392        ; 7A       ; RESERVED_INPUT_WITH_WEAK_PULLUP ;        ;              ;                     ; Column I/O   ;                 ; no       ; On           ;
; E1       ; 20         ; B1L      ; GXB_NC                          ;        ;              ;                     ; --           ;                 ; --       ; --           ;
; E2       ; 21         ; B1L      ; GXB_NC                          ;        ;              ;                     ; --           ;                 ; --       ; --           ;
; E3       ;            ;          ; GND                             ; gnd    ;              ;                     ; --           ;                 ; --       ; --           ;
; E4       ;            ;          ; GND                             ; gnd    ;              ;                     ; --           ;                 ; --       ; --           ;
; E5       ; 539        ; 9A       ; ^MSEL3                          ;        ;              ;                     ; --           ;                 ; --       ; --           ;
; E6       ;            ; --       ; VCC_AUX                         ; power  ;              ; 2.5V                ; --           ;                 ; --       ; --           ;
; E7       ; 484        ; 8A       ; RESERVED_INPUT_WITH_WEAK_PULLUP ;        ;              ;                     ; Column I/O   ;                 ; no       ; On           ;
; E8       ;            ; 8A       ; VCCIO8A                         ; power  ;              ; 2.5V                ; --           ;                 ; --       ; --           ;
; E9       ; 477        ; 8A       ; RESERVED_INPUT_WITH_WEAK_PULLUP ;        ;              ;                     ; Column I/O   ;                 ; no       ; On           ;
; E10      ; 469        ; 8A       ; RESERVED_INPUT_WITH_WEAK_PULLUP ;        ;              ;                     ; Column I/O   ;                 ; no       ; On           ;
; E11      ;            ; 7A, 8A   ; VCCPD7A8A                       ; power  ;              ; 2.5V                ; --           ;                 ; --       ; --           ;
; E12      ; 451        ; 7A       ; RESERVED_INPUT_WITH_WEAK_PULLUP ;        ;              ;                     ; Column I/O   ;                 ; no       ; On           ;
; E13      ;            ;          ; GND                             ; gnd    ;              ;                     ; --           ;                 ; --       ; --           ;
; E14      ; 433        ; 7A       ; RESERVED_INPUT_WITH_WEAK_PULLUP ;        ;              ;                     ; Column I/O   ;                 ; no       ; On           ;
; E15      ; 417        ; 7A       ; RESERVED_INPUT_WITH_WEAK_PULLUP ;        ;              ;                     ; Column I/O   ;                 ; no       ; On           ;
; E16      ; 411        ; 7A       ; RESERVED_INPUT_WITH_WEAK_PULLUP ;        ;              ;                     ; Column I/O   ;                 ; no       ; On           ;
; E17      ;            ;          ; DNU                             ;        ;              ;                     ; --           ;                 ; --       ; --           ;
; E18      ;            ; 7A       ; VCCIO7A                         ; power  ;              ; 2.5V                ; --           ;                 ; --       ; --           ;
; E19      ; 377        ; 7A       ; RESERVED_INPUT_WITH_WEAK_PULLUP ;        ;              ;                     ; Column I/O   ;                 ; no       ; On           ;
; E20      ; 398        ; 7A       ; RESERVED_INPUT_WITH_WEAK_PULLUP ;        ;              ;                     ; Column I/O   ;                 ; no       ; On           ;
; E21      ; 374        ; 7A       ; RESERVED_INPUT_WITH_WEAK_PULLUP ;        ;              ;                     ; Column I/O   ;                 ; no       ; On           ;
; E22      ; 390        ; 7A       ; RESERVED_INPUT_WITH_WEAK_PULLUP ;        ;              ;                     ; Column I/O   ;                 ; no       ; On           ;
; F1       ;            ;          ; GND                             ; gnd    ;              ;                     ; --           ;                 ; --       ; --           ;
; F2       ;            ;          ; GND                             ; gnd    ;              ;                     ; --           ;                 ; --       ; --           ;
; F3       ; 541        ; 9A       ; ^MSEL4                          ;        ;              ;                     ; --           ;                 ; --       ; --           ;
; F4       ;            ; --       ; VCCA_FPLL                       ; power  ;              ; 2.5V                ; --           ;                 ; --       ; --           ;
; F5       ; 14         ; B1L      ; GND                             ;        ;              ;                     ; Row I/O      ;                 ; --       ; --           ;
; F6       ;            ;          ; GND                             ; gnd    ;              ;                     ; --           ;                 ; --       ; --           ;
; F7       ; 482        ; 8A       ; RESERVED_INPUT_WITH_WEAK_PULLUP ;        ;              ;                     ; Column I/O   ;                 ; no       ; On           ;
; F8       ;            ; --       ; VCCPGM                          ; power  ;              ; 1.8V/2.5V/3.0V/3.3V ; --           ;                 ; --       ; --           ;
; F9       ; 471        ; 8A       ; RESERVED_INPUT_WITH_WEAK_PULLUP ;        ;              ;                     ; Column I/O   ;                 ; no       ; On           ;
; F10      ; 455        ; 8A       ; RESERVED_INPUT_WITH_WEAK_PULLUP ;        ;              ;                     ; Column I/O   ;                 ; no       ; On           ;
; F11      ;            ; 7A       ; VCCIO7A                         ; power  ;              ; 2.5V                ; --           ;                 ; --       ; --           ;
; F12      ; 440        ; 7A       ; RESERVED_INPUT_WITH_WEAK_PULLUP ;        ;              ;                     ; Column I/O   ;                 ; no       ; On           ;
; F13      ; 435        ; 7A       ; RESERVED_INPUT_WITH_WEAK_PULLUP ;        ;              ;                     ; Column I/O   ;                 ; no       ; On           ;
; F14      ; 428        ; 7A       ; RESERVED_INPUT_WITH_WEAK_PULLUP ;        ;              ;                     ; Column I/O   ;                 ; no       ; On           ;
; F15      ; 419        ; 7A       ; RESERVED_INPUT_WITH_WEAK_PULLUP ;        ;              ;                     ; Column I/O   ;                 ; no       ; On           ;
; F16      ;            ;          ; GND                             ; gnd    ;              ;                     ; --           ;                 ; --       ; --           ;
; F17      ; 372        ; 7A       ; ^GND                            ;        ;              ;                     ; --           ;                 ; --       ; --           ;
; F18      ; 399        ; 7A       ; RESERVED_INPUT_WITH_WEAK_PULLUP ;        ;              ;                     ; Column I/O   ;                 ; no       ; On           ;
; F19      ; 397        ; 7A       ; RESERVED_INPUT_WITH_WEAK_PULLUP ;        ;              ;                     ; Column I/O   ;                 ; no       ; On           ;
; F20      ; 400        ; 7A       ; RESERVED_INPUT_WITH_WEAK_PULLUP ;        ;              ;                     ; Column I/O   ;                 ; no       ; On           ;
; F21      ;            ; 7A       ; VCCIO7A                         ; power  ;              ; 2.5V                ; --           ;                 ; --       ; --           ;
; F22      ; 388        ; 7A       ; HEX2[3]                         ; output ; 2.5 V        ;                     ; Column I/O   ; N               ; no       ; Off          ;
; G1       ; 23         ; B1L      ; GND                             ;        ;              ;                     ; --           ;                 ; --       ; --           ;
; G2       ; 22         ; B1L      ; GND                             ;        ;              ;                     ; --           ;                 ; --       ; --           ;
; G3       ;            ;          ; GND                             ; gnd    ;              ;                     ; --           ;                 ; --       ; --           ;
; G4       ; 15         ; B1L      ; GND                             ;        ;              ;                     ; Row I/O      ;                 ; --       ; --           ;
; G5       ; 537        ; 9A       ; ^nCE                            ;        ;              ;                     ; --           ;                 ; --       ; --           ;
; G6       ; 481        ; 8A       ; SW[5]                           ; input  ; 2.5 V        ;                     ; Column I/O   ; N               ; no       ; Off          ;
; G7       ;            ; 8A       ; VCCIO8A                         ; power  ;              ; 2.5V                ; --           ;                 ; --       ; --           ;
; G8       ; 460        ; 8A       ; SW[9]                           ; input  ; 2.5 V        ;                     ; Column I/O   ; N               ; no       ; Off          ;
; G9       ;            ;          ; GND                             ; gnd    ;              ;                     ; --           ;                 ; --       ; --           ;
; G10      ; 453        ; 8A       ; RESERVED_INPUT_WITH_WEAK_PULLUP ;        ;              ;                     ; Column I/O   ;                 ; no       ; On           ;
; G11      ; 438        ; 7A       ; RESERVED_INPUT_WITH_WEAK_PULLUP ;        ;              ;                     ; Column I/O   ;                 ; no       ; On           ;
; G12      ; 447        ; 7A       ; RESERVED_INPUT_WITH_WEAK_PULLUP ;        ;              ;                     ; Column I/O   ;                 ; no       ; On           ;
; G13      ; 439        ; 7A       ; RESERVED_INPUT_WITH_WEAK_PULLUP ;        ;              ;                     ; Column I/O   ;                 ; no       ; On           ;
; G14      ;            ; 7A       ; VCCIO7A                         ; power  ;              ; 2.5V                ; --           ;                 ; --       ; --           ;
; G15      ; 426        ; 7A       ; RESERVED_INPUT_WITH_WEAK_PULLUP ;        ;              ;                     ; Column I/O   ;                 ; no       ; On           ;
; G16      ; 412        ; 7A       ; RESERVED_INPUT_WITH_WEAK_PULLUP ;        ;              ;                     ; Column I/O   ;                 ; no       ; On           ;
; G17      ; 410        ; 7A       ; RESERVED_INPUT_WITH_WEAK_PULLUP ;        ;              ;                     ; Column I/O   ;                 ; no       ; On           ;
; G18      ; 413        ; 7A       ; RESERVED_INPUT_WITH_WEAK_PULLUP ;        ;              ;                     ; Column I/O   ;                 ; no       ; On           ;
; G19      ;            ;          ; GND                             ; gnd    ;              ;                     ; --           ;                 ; --       ; --           ;
; G20      ; 389        ; 7A       ; RESERVED_INPUT_WITH_WEAK_PULLUP ;        ;              ;                     ; Column I/O   ;                 ; no       ; On           ;
; G21      ; 375        ; 7A       ; RESERVED_INPUT_WITH_WEAK_PULLUP ;        ;              ;                     ; Column I/O   ;                 ; no       ; On           ;
; G22      ; 386        ; 7A       ; RESERVED_INPUT_WITH_WEAK_PULLUP ;        ;              ;                     ; Column I/O   ;                 ; no       ; On           ;
; H1       ;            ;          ; GND                             ; gnd    ;              ;                     ; --           ;                 ; --       ; --           ;
; H2       ;            ;          ; GND                             ; gnd    ;              ;                     ; --           ;                 ; --       ; --           ;
; H3       ;            ;          ; GND                             ; gnd    ;              ;                     ; --           ;                 ; --       ; --           ;
; H4       ;            ;          ; GND                             ; gnd    ;              ;                     ; --           ;                 ; --       ; --           ;
; H5       ; 536        ; 9A       ; ^nSTATUS                        ;        ;              ;                     ; --           ;                 ; --       ; --           ;
; H6       ; 483        ; 8A       ; RESERVED_INPUT_WITH_WEAK_PULLUP ;        ;              ;                     ; Column I/O   ;                 ; no       ; On           ;
; H7       ;            ;          ; GND                             ; gnd    ;              ;                     ; --           ;                 ; --       ; --           ;
; H8       ; 458        ; 8A       ; RESERVED_INPUT_WITH_WEAK_PULLUP ;        ;              ;                     ; Column I/O   ;                 ; no       ; On           ;
; H9       ; 463        ; 8A       ; RESERVED_INPUT_WITH_WEAK_PULLUP ;        ;              ;                     ; Column I/O   ;                 ; no       ; On           ;
; H10      ; 436        ; 7A       ; RESERVED_INPUT_WITH_WEAK_PULLUP ;        ;              ;                     ; Column I/O   ;                 ; no       ; On           ;
; H11      ; 445        ; 7A       ; RESERVED_INPUT_WITH_WEAK_PULLUP ;        ;              ;                     ; Column I/O   ;                 ; no       ; On           ;
; H12      ;            ;          ; GND                             ; gnd    ;              ;                     ; --           ;                 ; --       ; --           ;
; H13      ; 437        ; 7A       ; RESERVED_INPUT_WITH_WEAK_PULLUP ;        ;              ;                     ; Column I/O   ;                 ; no       ; On           ;
; H14      ; 429        ; 7A       ; SW[8]                           ; input  ; 2.5 V        ;                     ; Column I/O   ; N               ; no       ; Off          ;
; H15      ; 423        ; 7A       ; RESERVED_INPUT_WITH_WEAK_PULLUP ;        ;              ;                     ; Column I/O   ;                 ; no       ; On           ;
; H16      ; 421        ; 7A       ; RESERVED_INPUT_WITH_WEAK_PULLUP ;        ;              ;                     ; Column I/O   ;                 ; no       ; On           ;
; H17      ;            ; 7A       ; VCCIO7A                         ; power  ;              ; 2.5V                ; --           ;                 ; --       ; --           ;
; H18      ; 415        ; 7A       ; RESERVED_INPUT_WITH_WEAK_PULLUP ;        ;              ;                     ; Column I/O   ;                 ; no       ; On           ;
; H19      ;            ; --       ; VCCA_FPLL                       ; power  ;              ; 2.5V                ; --           ;                 ; --       ; --           ;
; H20      ; 391        ; 7A       ; RESERVED_INPUT_WITH_WEAK_PULLUP ;        ;              ;                     ; Column I/O   ;                 ; no       ; On           ;
; H21      ; 373        ; 7A       ; RESERVED_INPUT_WITH_WEAK_PULLUP ;        ;              ;                     ; Column I/O   ;                 ; no       ; On           ;
; H22      ;            ;          ; GND                             ; gnd    ;              ;                     ; --           ;                 ; --       ; --           ;
; J1       ; 24         ; B1L      ; GXB_NC                          ;        ;              ;                     ; --           ;                 ; --       ; --           ;
; J2       ; 25         ; B1L      ; GXB_NC                          ;        ;              ;                     ; --           ;                 ; --       ; --           ;
; J3       ;            ;          ; GND                             ; gnd    ;              ;                     ; --           ;                 ; --       ; --           ;
; J4       ;            ; --       ; VCCE_GXBL                       ; power  ;              ; 1.1V                ; --           ;                 ; --       ; --           ;
; J5       ;            ;          ; GND                             ; gnd    ;              ;                     ; --           ;                 ; --       ; --           ;
; J6       ; 535        ; 9A       ; ^MSEL1                          ;        ;              ;                     ; --           ;                 ; --       ; --           ;
; J7       ; 457        ; 8A       ; RESERVED_INPUT_WITH_WEAK_PULLUP ;        ;              ;                     ; Column I/O   ;                 ; no       ; On           ;
; J8       ; 459        ; 8A       ; RESERVED_INPUT_WITH_WEAK_PULLUP ;        ;              ;                     ; Column I/O   ;                 ; no       ; On           ;
; J9       ; 461        ; 8A       ; RESERVED_INPUT_WITH_WEAK_PULLUP ;        ;              ;                     ; Column I/O   ;                 ; no       ; On           ;
; J10      ;            ; --       ; VCC                             ; power  ;              ; 1.1V                ; --           ;                 ; --       ; --           ;
; J11      ; 434        ; 7A       ; RESERVED_INPUT_WITH_WEAK_PULLUP ;        ;              ;                     ; Column I/O   ;                 ; no       ; On           ;
; J12      ;            ; --       ; VCC                             ; power  ;              ; 1.1V                ; --           ;                 ; --       ; --           ;
; J13      ; 431        ; 7A       ; RESERVED_INPUT_WITH_WEAK_PULLUP ;        ;              ;                     ; Column I/O   ;                 ; no       ; On           ;
; J14      ;            ; --       ; VCC                             ; power  ;              ; 1.1V                ; --           ;                 ; --       ; --           ;
; J15      ;            ;          ; GND                             ; gnd    ;              ;                     ; --           ;                 ; --       ; --           ;
; J16      ;            ; --       ; VCC                             ; power  ;              ; 1.1V                ; --           ;                 ; --       ; --           ;
; J17      ; 422        ; 7A       ; RESERVED_INPUT_WITH_WEAK_PULLUP ;        ;              ;                     ; Column I/O   ;                 ; no       ; On           ;
; J18      ; 416        ; 7A       ; RESERVED_INPUT_WITH_WEAK_PULLUP ;        ;              ;                     ; Column I/O   ;                 ; no       ; On           ;
; J19      ; 414        ; 7A       ; RESERVED_INPUT_WITH_WEAK_PULLUP ;        ;              ;                     ; Column I/O   ;                 ; no       ; On           ;
; J20      ;            ;          ; GND                             ; gnd    ;              ;                     ; --           ;                 ; --       ; --           ;
; J21      ; 381        ; 7A       ; RESERVED_INPUT_WITH_WEAK_PULLUP ;        ;              ;                     ; Column I/O   ;                 ; no       ; On           ;
; J22      ; 383        ; 7A       ; RESERVED_INPUT_WITH_WEAK_PULLUP ;        ;              ;                     ; Column I/O   ;                 ; no       ; On           ;
; K1       ;            ;          ; GND                             ; gnd    ;              ;                     ; --           ;                 ; --       ; --           ;
; K2       ;            ;          ; GND                             ; gnd    ;              ;                     ; --           ;                 ; --       ; --           ;
; K3       ;            ; --       ; VCCL_GXBL                       ; power  ;              ; 1.1V                ; --           ;                 ; --       ; --           ;
; K4       ;            ;          ; GND                             ; gnd    ;              ;                     ; --           ;                 ; --       ; --           ;
; K5       ;            ; --       ; VCCE_GXBL                       ; power  ;              ; 1.1V                ; --           ;                 ; --       ; --           ;
; K6       ; 534        ; 9A       ; ^CONF_DONE                      ;        ;              ;                     ; --           ;                 ; --       ; --           ;
; K7       ; 456        ; 8A       ; RESERVED_INPUT_WITH_WEAK_PULLUP ;        ;              ;                     ; Column I/O   ;                 ; no       ; On           ;
; K8       ;            ;          ; GND                             ; gnd    ;              ;                     ; --           ;                 ; --       ; --           ;
; K9       ; 448        ; 7A       ; RESERVED_INPUT_WITH_WEAK_PULLUP ;        ;              ;                     ; Column I/O   ;                 ; no       ; On           ;
; K10      ;            ;          ; GND                             ; gnd    ;              ;                     ; --           ;                 ; --       ; --           ;
; K11      ;            ; --       ; VCC                             ; power  ;              ; 1.1V                ; --           ;                 ; --       ; --           ;
; K12      ;            ;          ; GND                             ; gnd    ;              ;                     ; --           ;                 ; --       ; --           ;
; K13      ;            ; --       ; VCC                             ; power  ;              ; 1.1V                ; --           ;                 ; --       ; --           ;
; K14      ;            ;          ; GND                             ; gnd    ;              ;                     ; --           ;                 ; --       ; --           ;
; K15      ;            ; --       ; VCC                             ; power  ;              ; 1.1V                ; --           ;                 ; --       ; --           ;
; K16      ; 424        ; 7A       ; RESERVED_INPUT_WITH_WEAK_PULLUP ;        ;              ;                     ; Column I/O   ;                 ; no       ; On           ;
; K17      ; 284        ; 5B       ; HEX2[5]                         ; output ; 2.5 V        ;                     ; Row I/O      ; N               ; no       ; Off          ;
; K18      ;            ; 5B       ; VCCIO5B                         ; power  ;              ; 2.5V                ; --           ;                 ; --       ; --           ;
; K19      ; 407        ; 7A       ; RESERVED_INPUT_WITH_WEAK_PULLUP ;        ;              ;                     ; Column I/O   ;                 ; no       ; On           ;
; K20      ; 405        ; 7A       ; RESERVED_INPUT_WITH_WEAK_PULLUP ;        ;              ;                     ; Column I/O   ;                 ; no       ; On           ;
; K21      ; 289        ; 5B       ; LEDR[4]                         ; output ; 2.5 V        ;                     ; Row I/O      ; N               ; no       ; Off          ;
; K22      ; 291        ; 5B       ; HEX1[0]                         ; output ; 2.5 V        ;                     ; Row I/O      ; N               ; no       ; Off          ;
; L1       ; 27         ; B1L      ; GND                             ;        ;              ;                     ; --           ;                 ; --       ; --           ;
; L2       ; 26         ; B1L      ; GND                             ;        ;              ;                     ; --           ;                 ; --       ; --           ;
; L3       ;            ;          ; GND                             ; gnd    ;              ;                     ; --           ;                 ; --       ; --           ;
; L4       ;            ; --       ; VCCE_GXBL                       ; power  ;              ; 1.1V                ; --           ;                 ; --       ; --           ;
; L5       ;            ;          ; GND                             ; gnd    ;              ;                     ; --           ;                 ; --       ; --           ;
; L6       ; 533        ; 9A       ; ^MSEL0                          ;        ;              ;                     ; --           ;                 ; --       ; --           ;
; L7       ; 454        ; 8A       ; RESERVED_INPUT_WITH_WEAK_PULLUP ;        ;              ;                     ; Column I/O   ;                 ; no       ; On           ;
; L8       ; 446        ; 7A       ; RESERVED_INPUT_WITH_WEAK_PULLUP ;        ;              ;                     ; Column I/O   ;                 ; no       ; On           ;
; L9       ;            ;          ; DNU                             ;        ;              ;                     ; --           ;                 ; --       ; --           ;
; L10      ;            ; --       ; VCC                             ; power  ;              ; 1.1V                ; --           ;                 ; --       ; --           ;
; L11      ;            ;          ; GND                             ; gnd    ;              ;                     ; --           ;                 ; --       ; --           ;
; L12      ;            ; --       ; VCC                             ; power  ;              ; 1.1V                ; --           ;                 ; --       ; --           ;
; L13      ;            ;          ; GND                             ; gnd    ;              ;                     ; --           ;                 ; --       ; --           ;
; L14      ;            ; --       ; VCC                             ; power  ;              ; 1.1V                ; --           ;                 ; --       ; --           ;
; L15      ;            ;          ; GND                             ; gnd    ;              ;                     ; --           ;                 ; --       ; --           ;
; L16      ;            ; --       ; VCC                             ; power  ;              ; 1.1V                ; --           ;                 ; --       ; --           ;
; L17      ; 286        ; 5B       ; HEX1[4]                         ; output ; 2.5 V        ;                     ; Row I/O      ; N               ; no       ; Off          ;
; L18      ; 290        ; 5B       ; LEDR[5]                         ; output ; 2.5 V        ;                     ; Row I/O      ; N               ; no       ; Off          ;
; L19      ; 288        ; 5B       ; RESERVED_INPUT_WITH_WEAK_PULLUP ;        ;              ;                     ; Row I/O      ;                 ; no       ; On           ;
; L20      ;            ; 5B       ; VREFB5BN0                       ; power  ;              ;                     ; --           ;                 ; --       ; --           ;
; L21      ;            ;          ; GND                             ; gnd    ;              ;                     ; --           ;                 ; --       ; --           ;
; L22      ; 283        ; 5B       ; SW[0]                           ; input  ; 2.5 V        ;                     ; Row I/O      ; N               ; no       ; Off          ;
; M1       ;            ;          ; GND                             ; gnd    ;              ;                     ; --           ;                 ; --       ; --           ;
; M2       ;            ;          ; GND                             ; gnd    ;              ;                     ; --           ;                 ; --       ; --           ;
; M3       ;            ; --       ; VCCH_GXBL                       ; power  ;              ; 2.5V                ; --           ;                 ; --       ; --           ;
; M4       ;            ;          ; GND                             ; gnd    ;              ;                     ; --           ;                 ; --       ; --           ;
; M5       ; 42         ; 3A       ; #TDO                            ; output ;              ;                     ; --           ;                 ; --       ; --           ;
; M6       ; 64         ; 3A       ; RESERVED_INPUT_WITH_WEAK_PULLUP ;        ;              ;                     ; Column I/O   ;                 ; no       ; On           ;
; M7       ; 66         ; 3A       ; RESERVED_INPUT_WITH_WEAK_PULLUP ;        ;              ;                     ; Column I/O   ;                 ; no       ; On           ;
; M8       ; 112        ; 3B       ; RESERVED_INPUT_WITH_WEAK_PULLUP ;        ;              ;                     ; Column I/O   ;                 ; no       ; On           ;
; M9       ; 114        ; 3B       ; KEY[1]                          ; input  ; 2.5 V        ;                     ; Column I/O   ; N               ; no       ; Off          ;
; M10      ;            ;          ; GND                             ; gnd    ;              ;                     ; --           ;                 ; --       ; --           ;
; M11      ;            ; --       ; VCC                             ; power  ;              ; 1.1V                ; --           ;                 ; --       ; --           ;
; M12      ;            ;          ; GND                             ; gnd    ;              ;                     ; --           ;                 ; --       ; --           ;
; M13      ;            ; --       ; VCC                             ; power  ;              ; 1.1V                ; --           ;                 ; --       ; --           ;
; M14      ;            ;          ; GND                             ; gnd    ;              ;                     ; --           ;                 ; --       ; --           ;
; M15      ;            ; --       ; VCC                             ; power  ;              ; 1.1V                ; --           ;                 ; --       ; --           ;
; M16      ; 278        ; 5B       ; KEY[0]                          ; input  ; 2.5 V        ;                     ; Row I/O      ; N               ; no       ; Off          ;
; M17      ;            ; 5B       ; VCCPD5B                         ; power  ;              ; 2.5V                ; --           ;                 ; --       ; --           ;
; M18      ; 282        ; 5B       ; HEX1[5]                         ; output ; 2.5 V        ;                     ; Row I/O      ; N               ; no       ; Off          ;
; M19      ;            ; 5B       ; VCCIO5B                         ; power  ;              ; 2.5V                ; --           ;                 ; --       ; --           ;
; M20      ; 285        ; 5B       ; HEX1[2]                         ; output ; 2.5 V        ;                     ; Row I/O      ; N               ; no       ; Off          ;
; M21      ; 287        ; 5B       ; HEX2[1]                         ; output ; 2.5 V        ;                     ; Row I/O      ; N               ; no       ; Off          ;
; M22      ; 281        ; 5B       ; HEX4[2]                         ; output ; 2.5 V        ;                     ; Row I/O      ; N               ; no       ; Off          ;
; N1       ; 28         ; B0L      ; GXB_NC                          ;        ;              ;                     ; --           ;                 ; --       ; --           ;
; N2       ; 29         ; B0L      ; GXB_NC                          ;        ;              ;                     ; --           ;                 ; --       ; --           ;
; N3       ;            ;          ; GND                             ; gnd    ;              ;                     ; --           ;                 ; --       ; --           ;
; N4       ;            ; --       ; VCCE_GXBL                       ; power  ;              ; 1.1V                ; --           ;                 ; --       ; --           ;
; N5       ;            ;          ; GND                             ; gnd    ;              ;                     ; --           ;                 ; --       ; --           ;
; N6       ; 58         ; 3A       ; RESERVED_INPUT_WITH_WEAK_PULLUP ;        ;              ;                     ; Column I/O   ;                 ; no       ; On           ;
; N7       ;            ;          ; GND                             ; gnd    ;              ;                     ; --           ;                 ; --       ; --           ;
; N8       ; 106        ; 3B       ; RESERVED_INPUT_WITH_WEAK_PULLUP ;        ;              ;                     ; Column I/O   ;                 ; no       ; On           ;
; N9       ; 130        ; 3B       ; SW[3]                           ; input  ; 2.5 V        ;                     ; Column I/O   ; N               ; no       ; Off          ;
; N10      ;            ; --       ; VCC                             ; power  ;              ; 1.1V                ; --           ;                 ; --       ; --           ;
; N11      ;            ;          ; GND                             ; gnd    ;              ;                     ; --           ;                 ; --       ; --           ;
; N12      ;            ; --       ; VCC                             ; power  ;              ; 1.1V                ; --           ;                 ; --       ; --           ;
; N13      ;            ;          ; GND                             ; gnd    ;              ;                     ; --           ;                 ; --       ; --           ;
; N14      ;            ; --       ; VCC                             ; power  ;              ; 1.1V                ; --           ;                 ; --       ; --           ;
; N15      ;            ;          ; GND                             ; gnd    ;              ;                     ; --           ;                 ; --       ; --           ;
; N16      ; 276        ; 5B       ; HEX2[0]                         ; output ; 2.5 V        ;                     ; Row I/O      ; N               ; no       ; Off          ;
; N17      ;            ;          ; GND                             ; gnd    ;              ;                     ; --           ;                 ; --       ; --           ;
; N18      ;            ; 5B       ; VCCPD5B                         ; power  ;              ; 2.5V                ; --           ;                 ; --       ; --           ;
; N19      ; 280        ; 5B       ; HEX1[1]                         ; output ; 2.5 V        ;                     ; Row I/O      ; N               ; no       ; Off          ;
; N20      ; 277        ; 5B       ; HEX1[3]                         ; output ; 2.5 V        ;                     ; Row I/O      ; N               ; no       ; Off          ;
; N21      ; 279        ; 5B       ; HEX2[6]                         ; output ; 2.5 V        ;                     ; Row I/O      ; N               ; no       ; Off          ;
; N22      ;            ;          ; GND                             ; gnd    ;              ;                     ; --           ;                 ; --       ; --           ;
; P1       ;            ;          ; GND                             ; gnd    ;              ;                     ; --           ;                 ; --       ; --           ;
; P2       ;            ;          ; GND                             ; gnd    ;              ;                     ; --           ;                 ; --       ; --           ;
; P3       ;            ; --       ; VCCL_GXBL                       ; power  ;              ; 1.1V                ; --           ;                 ; --       ; --           ;
; P4       ;            ;          ; GND                             ; gnd    ;              ;                     ; --           ;                 ; --       ; --           ;
; P5       ; 44         ; 3A       ; #TMS                            ; input  ;              ;                     ; --           ;                 ; --       ; --           ;
; P6       ; 56         ; 3A       ; RESERVED_INPUT_WITH_WEAK_PULLUP ;        ;              ;                     ; Column I/O   ;                 ; no       ; On           ;
; P7       ; 67         ; 3A       ; RESERVED_INPUT_WITH_WEAK_PULLUP ;        ;              ;                     ; Column I/O   ;                 ; no       ; On           ;
; P8       ; 104        ; 3B       ; RESERVED_INPUT_WITH_WEAK_PULLUP ;        ;              ;                     ; Column I/O   ;                 ; no       ; On           ;
; P9       ; 128        ; 3B       ; RESERVED_INPUT_WITH_WEAK_PULLUP ;        ;              ;                     ; Column I/O   ;                 ; no       ; On           ;
; P10      ;            ;          ; GND                             ; gnd    ;              ;                     ; --           ;                 ; --       ; --           ;
; P11      ;            ; --       ; VCC                             ; power  ;              ; 1.1V                ; --           ;                 ; --       ; --           ;
; P12      ; 123        ; 3B       ; RESERVED_INPUT_WITH_WEAK_PULLUP ;        ;              ;                     ; Column I/O   ;                 ; no       ; On           ;
; P13      ;            ; --       ; VCC                             ; power  ;              ; 1.1V                ; --           ;                 ; --       ; --           ;
; P14      ; 168        ; 4A       ; HEX5[0]                         ; output ; 2.5 V        ;                     ; Column I/O   ; N               ; no       ; Off          ;
; P15      ;            ; --       ; VCC                             ; power  ;              ; 1.1V                ; --           ;                 ; --       ; --           ;
; P16      ; 225        ; 5A       ; HEX4[0]                         ; output ; 2.5 V        ;                     ; Row I/O      ; N               ; no       ; Off          ;
; P17      ; 227        ; 5A       ; HEX4[5]                         ; output ; 2.5 V        ;                     ; Row I/O      ; N               ; no       ; Off          ;
; P18      ; 226        ; 5A       ; LEDR[1]                         ; output ; 2.5 V        ;                     ; Row I/O      ; N               ; no       ; Off          ;
; P19      ; 224        ; 5A       ; SW[1]                           ; input  ; 2.5 V        ;                     ; Row I/O      ; N               ; no       ; Off          ;
; P20      ;            ; 5A       ; VCCIO5A                         ; power  ;              ; 2.5V                ; --           ;                 ; --       ; --           ;
; P21      ;            ; 5A       ; VCCPD5A                         ; power  ;              ; 2.5V                ; --           ;                 ; --       ; --           ;
; P22      ; 222        ; 5A       ; HEX4[1]                         ; output ; 2.5 V        ;                     ; Row I/O      ; N               ; no       ; Off          ;
; R1       ; 31         ; B0L      ; GND                             ;        ;              ;                     ; --           ;                 ; --       ; --           ;
; R2       ; 30         ; B0L      ; GND                             ;        ;              ;                     ; --           ;                 ; --       ; --           ;
; R3       ;            ;          ; GND                             ; gnd    ;              ;                     ; --           ;                 ; --       ; --           ;
; R4       ; 43         ; 3A       ; ^nCSO, DATA4                    ;        ;              ;                     ; Weak Pull Up ;                 ; --       ; On           ;
; R5       ; 54         ; 3A       ; SW[4]                           ; input  ; 2.5 V        ;                     ; Column I/O   ; N               ; no       ; Off          ;
; R6       ; 52         ; 3A       ; RESERVED_INPUT_WITH_WEAK_PULLUP ;        ;              ;                     ; Column I/O   ;                 ; no       ; On           ;
; R7       ; 65         ; 3A       ; RESERVED_INPUT_WITH_WEAK_PULLUP ;        ;              ;                     ; Column I/O   ;                 ; no       ; On           ;
; R8       ;            ; 3B       ; VCCIO3B                         ; power  ;              ; 2.5V                ; --           ;                 ; --       ; --           ;
; R9       ; 119        ; 3B       ; RESERVED_INPUT_WITH_WEAK_PULLUP ;        ;              ;                     ; Column I/O   ;                 ; no       ; On           ;
; R10      ; 125        ; 3B       ; RESERVED_INPUT_WITH_WEAK_PULLUP ;        ;              ;                     ; Column I/O   ;                 ; no       ; On           ;
; R11      ; 127        ; 3B       ; RESERVED_INPUT_WITH_WEAK_PULLUP ;        ;              ;                     ; Column I/O   ;                 ; no       ; On           ;
; R12      ; 121        ; 3B       ; RESERVED_INPUT_WITH_WEAK_PULLUP ;        ;              ;                     ; Column I/O   ;                 ; no       ; On           ;
; R13      ;            ;          ; GND                             ; gnd    ;              ;                     ; --           ;                 ; --       ; --           ;
; R14      ; 170        ; 4A       ; HEX5[3]                         ; output ; 2.5 V        ;                     ; Column I/O   ; N               ; no       ; Off          ;
; R15      ; 219        ; 5A       ; LEDR[3]                         ; output ; 2.5 V        ;                     ; Row I/O      ; N               ; no       ; Off          ;
; R16      ; 221        ; 5A       ; LEDR[0]                         ; output ; 2.5 V        ;                     ; Row I/O      ; N               ; no       ; Off          ;
; R17      ; 223        ; 5A       ; HEX4[4]                         ; output ; 2.5 V        ;                     ; Row I/O      ; N               ; no       ; Off          ;
; R18      ;            ; 5A       ; VCCIO5A                         ; power  ;              ; 2.5V                ; --           ;                 ; --       ; --           ;
; R19      ;            ; --       ; VCCPGM                          ; power  ;              ; 1.8V/2.5V/3.0V/3.3V ; --           ;                 ; --       ; --           ;
; R20      ;            ; 5A       ; VREFB5AN0                       ; power  ;              ;                     ; --           ;                 ; --       ; --           ;
; R21      ; 220        ; 5A       ; LEDR[2]                         ; output ; 2.5 V        ;                     ; Row I/O      ; N               ; no       ; Off          ;
; R22      ; 218        ; 5A       ; HEX4[3]                         ; output ; 2.5 V        ;                     ; Row I/O      ; N               ; no       ; Off          ;
; T1       ;            ;          ; GND                             ; gnd    ;              ;                     ; --           ;                 ; --       ; --           ;
; T2       ;            ;          ; GND                             ; gnd    ;              ;                     ; --           ;                 ; --       ; --           ;
; T3       ;            ; --       ; VCCH_GXBL                       ; power  ;              ; 2.5V                ; --           ;                 ; --       ; --           ;
; T4       ; 45         ; 3A       ; ^AS_DATA3, DATA3                ;        ;              ;                     ; Weak Pull Up ;                 ; --       ; On           ;
; T5       ;            ; --       ; VCCA_FPLL                       ; power  ;              ; 2.5V                ; --           ;                 ; --       ; --           ;
; T6       ;            ; 3A       ; VCCIO3A                         ; power  ;              ; 2.5V                ; --           ;                 ; --       ; --           ;
; T7       ; 60         ; 3A       ; RESERVED_INPUT_WITH_WEAK_PULLUP ;        ;              ;                     ; Column I/O   ;                 ; no       ; On           ;
; T8       ; 62         ; 3A       ; RESERVED_INPUT_WITH_WEAK_PULLUP ;        ;              ;                     ; Column I/O   ;                 ; no       ; On           ;
; T9       ; 109        ; 3B       ; RESERVED_INPUT_WITH_WEAK_PULLUP ;        ;              ;                     ; Column I/O   ;                 ; no       ; On           ;
; T10      ; 117        ; 3B       ; RESERVED_INPUT_WITH_WEAK_PULLUP ;        ;              ;                     ; Column I/O   ;                 ; no       ; On           ;
; T11      ;            ; 3B       ; VCCIO3B                         ; power  ;              ; 2.5V                ; --           ;                 ; --       ; --           ;
; T12      ; 136        ; 4A       ; RESERVED_INPUT_WITH_WEAK_PULLUP ;        ;              ;                     ; Column I/O   ;                 ; no       ; On           ;
; T13      ; 138        ; 4A       ; RESERVED_INPUT_WITH_WEAK_PULLUP ;        ;              ;                     ; Column I/O   ;                 ; no       ; On           ;
; T14      ; 152        ; 4A       ; HEX3[5]                         ; output ; 2.5 V        ;                     ; Column I/O   ; N               ; no       ; Off          ;
; T15      ; 217        ; 5A       ; HEX4[6]                         ; output ; 2.5 V        ;                     ; Row I/O      ; N               ; no       ; Off          ;
; T16      ;            ;          ; GND                             ; gnd    ;              ;                     ; --           ;                 ; --       ; --           ;
; T17      ; 215        ; 5A       ; LEDR[8]                         ; output ; 2.5 V        ;                     ; Row I/O      ; N               ; no       ; Off          ;
; T18      ; 213        ; 5A       ; LEDR[9]                         ; output ; 2.5 V        ;                     ; Row I/O      ; N               ; no       ; Off          ;
; T19      ; 212        ; 5A       ; RESERVED_INPUT_WITH_WEAK_PULLUP ;        ;              ;                     ; Row I/O      ;                 ; no       ; On           ;
; T20      ; 214        ; 5A       ; LEDR[7]                         ; output ; 2.5 V        ;                     ; Row I/O      ; N               ; no       ; Off          ;
; T21      ;            ;          ; GND                             ; gnd    ;              ;                     ; --           ;                 ; --       ; --           ;
; T22      ; 216        ; 5A       ; RESERVED_INPUT_WITH_WEAK_PULLUP ;        ;              ;                     ; Row I/O      ;                 ; no       ; On           ;
; U1       ; 32         ; B0L      ; GXB_NC                          ;        ;              ;                     ; --           ;                 ; --       ; --           ;
; U2       ; 33         ; B0L      ; GXB_NC                          ;        ;              ;                     ; --           ;                 ; --       ; --           ;
; U3       ;            ;          ; GND                             ; gnd    ;              ;                     ; --           ;                 ; --       ; --           ;
; U4       ; 41         ; B0L      ; GND                             ;        ;              ;                     ; Row I/O      ;                 ; --       ; --           ;
; U5       ;            ;          ; GND                             ; gnd    ;              ;                     ; --           ;                 ; --       ; --           ;
; U6       ; 61         ; 3A       ; RESERVED_INPUT_WITH_WEAK_PULLUP ;        ;              ;                     ; Column I/O   ;                 ; no       ; On           ;
; U7       ; 53         ; 3A       ; RESERVED_INPUT_WITH_WEAK_PULLUP ;        ;              ;                     ; Column I/O   ;                 ; no       ; On           ;
; U8       ; 55         ; 3A       ; RESERVED_INPUT_WITH_WEAK_PULLUP ;        ;              ;                     ; Column I/O   ;                 ; no       ; On           ;
; U9       ;            ;          ; GND                             ; gnd    ;              ;                     ; --           ;                 ; --       ; --           ;
; U10      ; 111        ; 3B       ; RESERVED_INPUT_WITH_WEAK_PULLUP ;        ;              ;                     ; Column I/O   ;                 ; no       ; On           ;
; U11      ; 120        ; 3B       ; RESERVED_INPUT_WITH_WEAK_PULLUP ;        ;              ;                     ; Column I/O   ;                 ; no       ; On           ;
; U12      ; 122        ; 3B       ; RESERVED_INPUT_WITH_WEAK_PULLUP ;        ;              ;                     ; Column I/O   ;                 ; no       ; On           ;
; U13      ; 135        ; 4A       ; RESERVED_INPUT_WITH_WEAK_PULLUP ;        ;              ;                     ; Column I/O   ;                 ; no       ; On           ;
; U14      ;            ; 4A       ; VCCIO4A                         ; power  ;              ; 2.5V                ; --           ;                 ; --       ; --           ;
; U15      ; 154        ; 4A       ; HEX0[4]                         ; output ; 2.5 V        ;                     ; Column I/O   ; N               ; no       ; Off          ;
; U16      ; 176        ; 4A       ; HEX5[5]                         ; output ; 2.5 V        ;                     ; Column I/O   ; N               ; no       ; Off          ;
; U17      ; 178        ; 4A       ; HEX0[6]                         ; output ; 2.5 V        ;                     ; Column I/O   ; N               ; no       ; Off          ;
; U18      ;            ; --       ; VCCA_FPLL                       ; power  ;              ; 2.5V                ; --           ;                 ; --       ; --           ;
; U19      ;            ; 4A       ; VCCIO4A                         ; power  ;              ; 2.5V                ; --           ;                 ; --       ; --           ;
; U20      ; 179        ; 4A       ; HEX1[6]                         ; output ; 2.5 V        ;                     ; Column I/O   ; N               ; no       ; Off          ;
; U21      ; 177        ; 4A       ; LEDR[6]                         ; output ; 2.5 V        ;                     ; Column I/O   ; N               ; no       ; Off          ;
; U22      ; 172        ; 4A       ; HEX3[2]                         ; output ; 2.5 V        ;                     ; Column I/O   ; N               ; no       ; Off          ;
; V1       ;            ;          ; GND                             ; gnd    ;              ;                     ; --           ;                 ; --       ; --           ;
; V2       ;            ;          ; GND                             ; gnd    ;              ;                     ; --           ;                 ; --       ; --           ;
; V3       ; 50         ; 3A       ; ^DCLK                           ;        ;              ;                     ; Weak Pull Up ;                 ; --       ; On           ;
; V4       ; 40         ; B0L      ; GND                             ;        ;              ;                     ; Row I/O      ;                 ; --       ; --           ;
; V5       ; 46         ; 3A       ; #TCK                            ; input  ;              ;                     ; --           ;                 ; --       ; --           ;
; V6       ; 63         ; 3A       ; RESERVED_INPUT_WITH_WEAK_PULLUP ;        ;              ;                     ; Column I/O   ;                 ; no       ; On           ;
; V7       ;            ;          ; GND                             ; gnd    ;              ;                     ; --           ;                 ; --       ; --           ;
; V8       ;            ; --       ; VCCPGM                          ; power  ;              ; 1.8V/2.5V/3.0V/3.3V ; --           ;                 ; --       ; --           ;
; V9       ; 101        ; 3B       ; RESERVED_INPUT_WITH_WEAK_PULLUP ;        ;              ;                     ; Column I/O   ;                 ; no       ; On           ;
; V10      ; 103        ; 3B       ; RESERVED_INPUT_WITH_WEAK_PULLUP ;        ;              ;                     ; Column I/O   ;                 ; no       ; On           ;
; V11      ;            ;          ; DNU                             ;        ;              ;                     ; --           ;                 ; --       ; --           ;
; V12      ;            ;          ; GND                             ; gnd    ;              ;                     ; --           ;                 ; --       ; --           ;
; V13      ; 133        ; 4A       ; RESERVED_INPUT_WITH_WEAK_PULLUP ;        ;              ;                     ; Column I/O   ;                 ; no       ; On           ;
; V14      ; 144        ; 4A       ; RESERVED_INPUT_WITH_WEAK_PULLUP ;        ;              ;                     ; Column I/O   ;                 ; no       ; On           ;
; V15      ; 146        ; 4A       ; RESERVED_INPUT_WITH_WEAK_PULLUP ;        ;              ;                     ; Column I/O   ;                 ; no       ; On           ;
; V16      ; 160        ; 4A       ; HEX3[3]                         ; output ; 2.5 V        ;                     ; Column I/O   ; N               ; no       ; Off          ;
; V17      ;            ;          ; GND                             ; gnd    ;              ;                     ; --           ;                 ; --       ; --           ;
; V18      ; 175        ; 4A       ; HEX5[6]                         ; output ; 2.5 V        ;                     ; Column I/O   ; N               ; no       ; Off          ;
; V19      ; 173        ; 4A       ; HEX3[0]                         ; output ; 2.5 V        ;                     ; Column I/O   ; N               ; no       ; Off          ;
; V20      ; 157        ; 4A       ; RESERVED_INPUT_WITH_WEAK_PULLUP ;        ;              ;                     ; Column I/O   ;                 ; no       ; On           ;
; V21      ; 174        ; 4A       ; HEX5[4]                         ; output ; 2.5 V        ;                     ; Column I/O   ; N               ; no       ; Off          ;
; V22      ;            ;          ; GND                             ; gnd    ;              ;                     ; --           ;                 ; --       ; --           ;
; W1       ; 35         ; B0L      ; GND                             ;        ;              ;                     ; --           ;                 ; --       ; --           ;
; W2       ; 34         ; B0L      ; GND                             ;        ;              ;                     ; --           ;                 ; --       ; --           ;
; W3       ;            ;          ; GND                             ; gnd    ;              ;                     ; --           ;                 ; --       ; --           ;
; W4       ;            ;          ; GND                             ; gnd    ;              ;                     ; --           ;                 ; --       ; --           ;
; W5       ; 48         ; 3A       ; #TDI                            ; input  ;              ;                     ; --           ;                 ; --       ; --           ;
; W6       ;            ; 3A       ; VCCPD3A                         ; power  ;              ; 2.5V                ; --           ;                 ; --       ; --           ;
; W7       ;            ; --       ; VCC_AUX                         ; power  ;              ; 2.5V                ; --           ;                 ; --       ; --           ;
; W8       ; 57         ; 3A       ; RESERVED_INPUT_WITH_WEAK_PULLUP ;        ;              ;                     ; Column I/O   ;                 ; no       ; On           ;
; W9       ; 59         ; 3A       ; RESERVED_INPUT_WITH_WEAK_PULLUP ;        ;              ;                     ; Column I/O   ;                 ; no       ; On           ;
; W10      ;            ; 3B       ; VCCIO3B                         ; power  ;              ; 2.5V                ; --           ;                 ; --       ; --           ;
; W11      ;            ; 3B, 4A   ; VCCPD3B4A                       ; power  ;              ; 2.5V                ; --           ;                 ; --       ; --           ;
; W12      ;            ; 3B, 4A   ; VCCPD3B4A                       ; power  ;              ; 2.5V                ; --           ;                 ; --       ; --           ;
; W13      ;            ; --       ; VCC_AUX                         ; power  ;              ; 2.5V                ; --           ;                 ; --       ; --           ;
; W14      ;            ; 3B, 4A   ; VCCPD3B4A                       ; power  ;              ; 2.5V                ; --           ;                 ; --       ; --           ;
; W15      ;            ; 4A       ; VCCIO4A                         ; power  ;              ; 2.5V                ; --           ;                 ; --       ; --           ;
; W16      ; 162        ; 4A       ; HEX3[6]                         ; output ; 2.5 V        ;                     ; Column I/O   ; N               ; no       ; Off          ;
; W17      ;            ; 3B, 4A   ; VCCPD3B4A                       ; power  ;              ; 2.5V                ; --           ;                 ; --       ; --           ;
; W18      ;            ; --       ; VCC_AUX                         ; power  ;              ; 2.5V                ; --           ;                 ; --       ; --           ;
; W19      ; 159        ; 4A       ; HEX0[5]                         ; output ; 2.5 V        ;                     ; Column I/O   ; N               ; no       ; Off          ;
; W20      ;            ; 4A       ; VCCIO4A                         ; power  ;              ; 2.5V                ; --           ;                 ; --       ; --           ;
; W21      ; 171        ; 4A       ; HEX5[2]                         ; output ; 2.5 V        ;                     ; Column I/O   ; N               ; no       ; Off          ;
; W22      ; 166        ; 4A       ; HEX0[3]                         ; output ; 2.5 V        ;                     ; Column I/O   ; N               ; no       ; Off          ;
; Y1       ;            ;          ; GND                             ; gnd    ;              ;                     ; --           ;                 ; --       ; --           ;
; Y2       ;            ;          ; GND                             ; gnd    ;              ;                     ; --           ;                 ; --       ; --           ;
; Y3       ; 36         ; B0L      ; GXB_NC                          ;        ;              ;                     ; --           ;                 ; --       ; --           ;
; Y4       ; 37         ; B0L      ; GXB_NC                          ;        ;              ;                     ; --           ;                 ; --       ; --           ;
; Y5       ;            ;          ; GND                             ; gnd    ;              ;                     ; --           ;                 ; --       ; --           ;
; Y6       ;            ;          ; DNU                             ;        ;              ;                     ; --           ;                 ; --       ; --           ;
; Y7       ;            ; 3A       ; VREFB3AN0                       ; power  ;              ;                     ; --           ;                 ; --       ; --           ;
; Y8       ;            ; 3A       ; VCCIO3A                         ; power  ;              ; 2.5V                ; --           ;                 ; --       ; --           ;
; Y9       ; 118        ; 3B       ; RESERVED_INPUT_WITH_WEAK_PULLUP ;        ;              ;                     ; Column I/O   ;                 ; no       ; On           ;
; Y10      ; 116        ; 3B       ; RESERVED_INPUT_WITH_WEAK_PULLUP ;        ;              ;                     ; Column I/O   ;                 ; no       ; On           ;
; Y11      ; 129        ; 3B       ; RESERVED_INPUT_WITH_WEAK_PULLUP ;        ;              ;                     ; Column I/O   ;                 ; no       ; On           ;
; Y12      ;            ; 3B       ; VREFB3BN0                       ; power  ;              ;                     ; --           ;                 ; --       ; --           ;
; Y13      ;            ; 3B       ; VCCIO3B                         ; power  ;              ; 2.5V                ; --           ;                 ; --       ; --           ;
; Y14      ; 141        ; 4A       ; RESERVED_INPUT_WITH_WEAK_PULLUP ;        ;              ;                     ; Column I/O   ;                 ; no       ; On           ;
; Y15      ; 143        ; 4A       ; RESERVED_INPUT_WITH_WEAK_PULLUP ;        ;              ;                     ; Column I/O   ;                 ; no       ; On           ;
; Y16      ; 149        ; 4A       ; RESERVED_INPUT_WITH_WEAK_PULLUP ;        ;              ;                     ; Column I/O   ;                 ; no       ; On           ;
; Y17      ; 151        ; 4A       ; RESERVED_INPUT_WITH_WEAK_PULLUP ;        ;              ;                     ; Column I/O   ;                 ; no       ; On           ;
; Y18      ;            ;          ; GND                             ; gnd    ;              ;                     ; --           ;                 ; --       ; --           ;
; Y19      ; 167        ; 4A       ; HEX3[1]                         ; output ; 2.5 V        ;                     ; Column I/O   ; N               ; no       ; Off          ;
; Y20      ; 165        ; 4A       ; HEX0[1]                         ; output ; 2.5 V        ;                     ; Column I/O   ; N               ; no       ; Off          ;
; Y21      ; 169        ; 4A       ; HEX0[2]                         ; output ; 2.5 V        ;                     ; Column I/O   ; N               ; no       ; Off          ;
; Y22      ; 164        ; 4A       ; HEX0[0]                         ; output ; 2.5 V        ;                     ; Column I/O   ; N               ; no       ; Off          ;
+----------+------------+----------+---------------------------------+--------+--------------+---------------------+--------------+-----------------+----------+--------------+
Note: Pin directions (input, output or bidir) are based on device operating in user mode.


+------------------------------------------+
; I/O Assignment Warnings                  ;
+----------+-------------------------------+
; Pin Name ; Reason                        ;
+----------+-------------------------------+
; SW[2]    ; Incomplete set of assignments ;
; SW[3]    ; Incomplete set of assignments ;
; SW[4]    ; Incomplete set of assignments ;
; SW[5]    ; Incomplete set of assignments ;
; SW[6]    ; Incomplete set of assignments ;
; SW[7]    ; Incomplete set of assignments ;
; SW[8]    ; Incomplete set of assignments ;
; SW[9]    ; Incomplete set of assignments ;
; LEDR[0]  ; Incomplete set of assignments ;
; LEDR[1]  ; Incomplete set of assignments ;
; LEDR[2]  ; Incomplete set of assignments ;
; LEDR[3]  ; Incomplete set of assignments ;
; LEDR[4]  ; Incomplete set of assignments ;
; LEDR[5]  ; Incomplete set of assignments ;
; LEDR[6]  ; Incomplete set of assignments ;
; LEDR[7]  ; Incomplete set of assignments ;
; LEDR[8]  ; Incomplete set of assignments ;
; LEDR[9]  ; Incomplete set of assignments ;
; HEX0[0]  ; Incomplete set of assignments ;
; HEX0[1]  ; Incomplete set of assignments ;
; HEX0[2]  ; Incomplete set of assignments ;
; HEX0[3]  ; Incomplete set of assignments ;
; HEX0[4]  ; Incomplete set of assignments ;
; HEX0[5]  ; Incomplete set of assignments ;
; HEX0[6]  ; Incomplete set of assignments ;
; HEX1[0]  ; Incomplete set of assignments ;
; HEX1[1]  ; Incomplete set of assignments ;
; HEX1[2]  ; Incomplete set of assignments ;
; HEX1[3]  ; Incomplete set of assignments ;
; HEX1[4]  ; Incomplete set of assignments ;
; HEX1[5]  ; Incomplete set of assignments ;
; HEX1[6]  ; Incomplete set of assignments ;
; HEX2[0]  ; Incomplete set of assignments ;
; HEX2[1]  ; Incomplete set of assignments ;
; HEX2[2]  ; Incomplete set of assignments ;
; HEX2[3]  ; Incomplete set of assignments ;
; HEX2[4]  ; Incomplete set of assignments ;
; HEX2[5]  ; Incomplete set of assignments ;
; HEX2[6]  ; Incomplete set of assignments ;
; HEX3[0]  ; Incomplete set of assignments ;
; HEX3[1]  ; Incomplete set of assignments ;
; HEX3[2]  ; Incomplete set of assignments ;
; HEX3[3]  ; Incomplete set of assignments ;
; HEX3[4]  ; Incomplete set of assignments ;
; HEX3[5]  ; Incomplete set of assignments ;
; HEX3[6]  ; Incomplete set of assignments ;
; HEX4[0]  ; Incomplete set of assignments ;
; HEX4[1]  ; Incomplete set of assignments ;
; HEX4[2]  ; Incomplete set of assignments ;
; HEX4[3]  ; Incomplete set of assignments ;
; HEX4[4]  ; Incomplete set of assignments ;
; HEX4[5]  ; Incomplete set of assignments ;
; HEX4[6]  ; Incomplete set of assignments ;
; HEX5[0]  ; Incomplete set of assignments ;
; HEX5[1]  ; Incomplete set of assignments ;
; HEX5[2]  ; Incomplete set of assignments ;
; HEX5[3]  ; Incomplete set of assignments ;
; HEX5[4]  ; Incomplete set of assignments ;
; HEX5[5]  ; Incomplete set of assignments ;
; HEX5[6]  ; Incomplete set of assignments ;
; SW[0]    ; Incomplete set of assignments ;
; SW[1]    ; Incomplete set of assignments ;
; KEY[0]   ; Incomplete set of assignments ;
; KEY[1]   ; Incomplete set of assignments ;
; SW[2]    ; Missing location assignment   ;
; SW[3]    ; Missing location assignment   ;
; SW[4]    ; Missing location assignment   ;
; SW[5]    ; Missing location assignment   ;
; SW[6]    ; Missing location assignment   ;
; SW[7]    ; Missing location assignment   ;
; SW[8]    ; Missing location assignment   ;
; SW[9]    ; Missing location assignment   ;
; LEDR[0]  ; Missing location assignment   ;
; LEDR[1]  ; Missing location assignment   ;
; LEDR[2]  ; Missing location assignment   ;
; LEDR[3]  ; Missing location assignment   ;
; LEDR[4]  ; Missing location assignment   ;
; LEDR[5]  ; Missing location assignment   ;
; LEDR[6]  ; Missing location assignment   ;
; LEDR[7]  ; Missing location assignment   ;
; LEDR[8]  ; Missing location assignment   ;
; LEDR[9]  ; Missing location assignment   ;
; HEX0[0]  ; Missing location assignment   ;
; HEX0[1]  ; Missing location assignment   ;
; HEX0[2]  ; Missing location assignment   ;
; HEX0[3]  ; Missing location assignment   ;
; HEX0[4]  ; Missing location assignment   ;
; HEX0[5]  ; Missing location assignment   ;
; HEX0[6]  ; Missing location assignment   ;
; HEX1[0]  ; Missing location assignment   ;
; HEX1[1]  ; Missing location assignment   ;
; HEX1[2]  ; Missing location assignment   ;
; HEX1[3]  ; Missing location assignment   ;
; HEX1[4]  ; Missing location assignment   ;
; HEX1[5]  ; Missing location assignment   ;
; HEX1[6]  ; Missing location assignment   ;
; HEX2[0]  ; Missing location assignment   ;
; HEX2[1]  ; Missing location assignment   ;
; HEX2[2]  ; Missing location assignment   ;
; HEX2[3]  ; Missing location assignment   ;
; HEX2[4]  ; Missing location assignment   ;
; HEX2[5]  ; Missing location assignment   ;
; HEX2[6]  ; Missing location assignment   ;
; HEX3[0]  ; Missing location assignment   ;
; HEX3[1]  ; Missing location assignment   ;
; HEX3[2]  ; Missing location assignment   ;
; HEX3[3]  ; Missing location assignment   ;
; HEX3[4]  ; Missing location assignment   ;
; HEX3[5]  ; Missing location assignment   ;
; HEX3[6]  ; Missing location assignment   ;
; HEX4[0]  ; Missing location assignment   ;
; HEX4[1]  ; Missing location assignment   ;
; HEX4[2]  ; Missing location assignment   ;
; HEX4[3]  ; Missing location assignment   ;
; HEX4[4]  ; Missing location assignment   ;
; HEX4[5]  ; Missing location assignment   ;
; HEX4[6]  ; Missing location assignment   ;
; HEX5[0]  ; Missing location assignment   ;
; HEX5[1]  ; Missing location assignment   ;
; HEX5[2]  ; Missing location assignment   ;
; HEX5[3]  ; Missing location assignment   ;
; HEX5[4]  ; Missing location assignment   ;
; HEX5[5]  ; Missing location assignment   ;
; HEX5[6]  ; Missing location assignment   ;
; SW[0]    ; Missing location assignment   ;
; SW[1]    ; Missing location assignment   ;
; KEY[0]   ; Missing location assignment   ;
; KEY[1]   ; Missing location assignment   ;
+----------+-------------------------------+


+----------------------------------------------------------------------------------------------------------------------------------------------------------------------------------------------------------------------------------------------------------------------------------------------------------------------------------------------------------------------------------------------+
; Fitter Resource Utilization by Entity                                                                                                                                                                                                                                                                                                                                                        ;
+----------------------------+----------------------+----------------------------------+---------------------------------------------------+----------------------------------+----------------------+---------------------+---------------------------+---------------+-------------------+-------+------------+------+--------------+--------------------------+--------------+--------------+
; Compilation Hierarchy Node ; ALMs needed [=A-B+C] ; [A] ALMs used in final placement ; [B] Estimate of ALMs recoverable by dense packing ; [C] Estimate of ALMs unavailable ; ALMs used for memory ; Combinational ALUTs ; Dedicated Logic Registers ; I/O Registers ; Block Memory Bits ; M10Ks ; DSP Blocks ; Pins ; Virtual Pins ; Full Hierarchy Name      ; Entity Name  ; Library Name ;
+----------------------------+----------------------+----------------------------------+---------------------------------------------------+----------------------------------+----------------------+---------------------+---------------------------+---------------+-------------------+-------+------------+------+--------------+--------------------------+--------------+--------------+
; |CPU                       ; 10338.8 (21.4)       ; 12272.0 (26.1)                   ; 3661.2 (5.3)                                      ; 1728.0 (0.7)                     ; 0.0 (0.0)            ; 7372 (50)           ; 16957 (0)                 ; 0 (0)         ; 0                 ; 0     ; 0          ; 64   ; 0            ; |CPU                     ; CPU          ; work         ;
;    |alu:U_ALU|             ; 172.1 (172.1)        ; 171.8 (171.8)                    ; 0.0 (0.0)                                         ; 0.2 (0.2)                        ; 0.0 (0.0)            ; 270 (270)           ; 0 (0)                     ; 0 (0)         ; 0                 ; 0     ; 0          ; 0    ; 0            ; |CPU|alu:U_ALU           ; alu          ; work         ;
;    |busint:U_BUSINT|       ; 9.3 (9.3)            ; 12.6 (12.6)                      ; 3.7 (3.7)                                         ; 0.4 (0.4)                        ; 0.0 (0.0)            ; 0 (0)               ; 32 (32)                   ; 0 (0)         ; 0                 ; 0     ; 0          ; 0    ; 0            ; |CPU|busint:U_BUSINT     ; busint       ; work         ;
;    |control:U_CONTROL|     ; 29.7 (29.7)          ; 31.2 (31.2)                      ; 2.1 (2.1)                                         ; 0.6 (0.6)                        ; 0.0 (0.0)            ; 53 (53)             ; 19 (19)                   ; 0 (0)         ; 0                 ; 0     ; 0          ; 0    ; 0            ; |CPU|control:U_CONTROL   ; control      ; work         ;
;    |hex_display:U_HEX0|    ; 3.5 (3.5)            ; 3.5 (3.5)                        ; 0.0 (0.0)                                         ; 0.0 (0.0)                        ; 0.0 (0.0)            ; 7 (7)               ; 0 (0)                     ; 0 (0)         ; 0                 ; 0     ; 0          ; 0    ; 0            ; |CPU|hex_display:U_HEX0  ; hex_display  ; work         ;
;    |hex_display:U_HEX1|    ; 3.5 (3.5)            ; 3.5 (3.5)                        ; 0.0 (0.0)                                         ; 0.0 (0.0)                        ; 0.0 (0.0)            ; 7 (7)               ; 0 (0)                     ; 0 (0)         ; 0                 ; 0     ; 0          ; 0    ; 0            ; |CPU|hex_display:U_HEX1  ; hex_display  ; work         ;
;    |hex_display:U_HEX2|    ; 3.3 (3.3)            ; 3.3 (3.3)                        ; 0.0 (0.0)                                         ; 0.0 (0.0)                        ; 0.0 (0.0)            ; 7 (7)               ; 0 (0)                     ; 0 (0)         ; 0                 ; 0     ; 0          ; 0    ; 0            ; |CPU|hex_display:U_HEX2  ; hex_display  ; work         ;
;    |hex_display:U_HEX3|    ; 3.3 (3.3)            ; 3.5 (3.5)                        ; 0.2 (0.2)                                         ; 0.0 (0.0)                        ; 0.0 (0.0)            ; 7 (7)               ; 0 (0)                     ; 0 (0)         ; 0                 ; 0     ; 0          ; 0    ; 0            ; |CPU|hex_display:U_HEX3  ; hex_display  ; work         ;
;    |hex_display:U_HEX4|    ; 3.5 (3.5)            ; 3.5 (3.5)                        ; 0.0 (0.0)                                         ; 0.0 (0.0)                        ; 0.0 (0.0)            ; 7 (7)               ; 0 (0)                     ; 0 (0)         ; 0                 ; 0     ; 0          ; 0    ; 0            ; |CPU|hex_display:U_HEX4  ; hex_display  ; work         ;
;    |hex_display:U_HEX5|    ; 3.5 (3.5)            ; 3.5 (3.5)                        ; 0.0 (0.0)                                         ; 0.0 (0.0)                        ; 0.0 (0.0)            ; 7 (7)               ; 0 (0)                     ; 0 (0)         ; 0                 ; 0     ; 0          ; 0    ; 0            ; |CPU|hex_display:U_HEX5  ; hex_display  ; work         ;
;    |ram:U_RAM|             ; 9731.0 (9731.0)      ; 11597.4 (11597.4)                ; 3589.8 (3589.8)                                   ; 1723.4 (1723.4)                  ; 0.0 (0.0)            ; 6580 (6580)         ; 16384 (16384)             ; 0 (0)         ; 0                 ; 0     ; 0          ; 0    ; 0            ; |CPU|ram:U_RAM           ; ram          ; work         ;
;    |register_cpu:U_REGS|   ; 347.3 (347.3)        ; 412.1 (412.1)                    ; 67.4 (67.4)                                       ; 2.7 (2.7)                        ; 0.0 (0.0)            ; 377 (377)           ; 522 (522)                 ; 0 (0)         ; 0                 ; 0     ; 0          ; 0    ; 0            ; |CPU|register_cpu:U_REGS ; register_cpu ; work         ;
+----------------------------+----------------------+----------------------------------+---------------------------------------------------+----------------------------------+----------------------+---------------------+---------------------------+---------------+-------------------+-------+------------+------+--------------+--------------------------+--------------+--------------+
Note: For table entries with two numbers listed, the numbers in parentheses indicate the number of resources of the given type used by the specific entity alone. The numbers listed outside of parentheses indicate the total resources of the given type used by the specific entity and all of its sub-entities in the hierarchy.


+------------------------------------------------------------------------------------------------------------------------+
; Delay Chain Summary                                                                                                    ;
+---------+----------+----+------+------+----+------+-------+--------+------------------------+--------------------------+
; Name    ; Pin Type ; D1 ; D3_0 ; D3_1 ; D4 ; D5   ; D5 OE ; D5 OCT ; T11 (Postamble Gating) ; T11 (Postamble Ungating) ;
+---------+----------+----+------+------+----+------+-------+--------+------------------------+--------------------------+
; SW[2]   ; Input    ; -- ; --   ; --   ; -- ; --   ; --    ; --     ; --                     ; --                       ;
; SW[3]   ; Input    ; -- ; --   ; --   ; -- ; --   ; --    ; --     ; --                     ; --                       ;
; SW[4]   ; Input    ; -- ; --   ; --   ; -- ; --   ; --    ; --     ; --                     ; --                       ;
; SW[5]   ; Input    ; -- ; --   ; --   ; -- ; --   ; --    ; --     ; --                     ; --                       ;
; SW[6]   ; Input    ; -- ; --   ; --   ; -- ; --   ; --    ; --     ; --                     ; --                       ;
; SW[7]   ; Input    ; -- ; --   ; --   ; -- ; --   ; --    ; --     ; --                     ; --                       ;
; SW[8]   ; Input    ; -- ; --   ; --   ; -- ; --   ; --    ; --     ; --                     ; --                       ;
; SW[9]   ; Input    ; -- ; --   ; --   ; -- ; --   ; --    ; --     ; --                     ; --                       ;
; LEDR[0] ; Output   ; -- ; --   ; --   ; -- ; (0)  ; (31)  ; --     ; --                     ; --                       ;
; LEDR[1] ; Output   ; -- ; --   ; --   ; -- ; (0)  ; (31)  ; --     ; --                     ; --                       ;
; LEDR[2] ; Output   ; -- ; --   ; --   ; -- ; (0)  ; (31)  ; --     ; --                     ; --                       ;
; LEDR[3] ; Output   ; -- ; --   ; --   ; -- ; (0)  ; (31)  ; --     ; --                     ; --                       ;
; LEDR[4] ; Output   ; -- ; --   ; --   ; -- ; (0)  ; (31)  ; --     ; --                     ; --                       ;
; LEDR[5] ; Output   ; -- ; --   ; --   ; -- ; (0)  ; (31)  ; --     ; --                     ; --                       ;
; LEDR[6] ; Output   ; -- ; --   ; --   ; -- ; (0)  ; (31)  ; --     ; --                     ; --                       ;
; LEDR[7] ; Output   ; -- ; --   ; --   ; -- ; (0)  ; (31)  ; --     ; --                     ; --                       ;
; LEDR[8] ; Output   ; -- ; --   ; --   ; -- ; (0)  ; (31)  ; --     ; --                     ; --                       ;
; LEDR[9] ; Output   ; -- ; --   ; --   ; -- ; (0)  ; (31)  ; --     ; --                     ; --                       ;
; HEX0[0] ; Output   ; -- ; --   ; --   ; -- ; (0)  ; (31)  ; --     ; --                     ; --                       ;
; HEX0[1] ; Output   ; -- ; --   ; --   ; -- ; (0)  ; (31)  ; --     ; --                     ; --                       ;
; HEX0[2] ; Output   ; -- ; --   ; --   ; -- ; (0)  ; (31)  ; --     ; --                     ; --                       ;
; HEX0[3] ; Output   ; -- ; --   ; --   ; -- ; (0)  ; (31)  ; --     ; --                     ; --                       ;
; HEX0[4] ; Output   ; -- ; --   ; --   ; -- ; (0)  ; (31)  ; --     ; --                     ; --                       ;
; HEX0[5] ; Output   ; -- ; --   ; --   ; -- ; (0)  ; (31)  ; --     ; --                     ; --                       ;
; HEX0[6] ; Output   ; -- ; --   ; --   ; -- ; (0)  ; (31)  ; --     ; --                     ; --                       ;
; HEX1[0] ; Output   ; -- ; --   ; --   ; -- ; (0)  ; (31)  ; --     ; --                     ; --                       ;
; HEX1[1] ; Output   ; -- ; --   ; --   ; -- ; (0)  ; (31)  ; --     ; --                     ; --                       ;
; HEX1[2] ; Output   ; -- ; --   ; --   ; -- ; (0)  ; (31)  ; --     ; --                     ; --                       ;
; HEX1[3] ; Output   ; -- ; --   ; --   ; -- ; (0)  ; (31)  ; --     ; --                     ; --                       ;
; HEX1[4] ; Output   ; -- ; --   ; --   ; -- ; (0)  ; (31)  ; --     ; --                     ; --                       ;
; HEX1[5] ; Output   ; -- ; --   ; --   ; -- ; (0)  ; (31)  ; --     ; --                     ; --                       ;
; HEX1[6] ; Output   ; -- ; --   ; --   ; -- ; (0)  ; (31)  ; --     ; --                     ; --                       ;
; HEX2[0] ; Output   ; -- ; --   ; --   ; -- ; (0)  ; (31)  ; --     ; --                     ; --                       ;
; HEX2[1] ; Output   ; -- ; --   ; --   ; -- ; (0)  ; (31)  ; --     ; --                     ; --                       ;
; HEX2[2] ; Output   ; -- ; --   ; --   ; -- ; (0)  ; (31)  ; --     ; --                     ; --                       ;
; HEX2[3] ; Output   ; -- ; --   ; --   ; -- ; (0)  ; (31)  ; --     ; --                     ; --                       ;
; HEX2[4] ; Output   ; -- ; --   ; --   ; -- ; (0)  ; (31)  ; --     ; --                     ; --                       ;
; HEX2[5] ; Output   ; -- ; --   ; --   ; -- ; (0)  ; (31)  ; --     ; --                     ; --                       ;
; HEX2[6] ; Output   ; -- ; --   ; --   ; -- ; (0)  ; (31)  ; --     ; --                     ; --                       ;
; HEX3[0] ; Output   ; -- ; --   ; --   ; -- ; (0)  ; (31)  ; --     ; --                     ; --                       ;
; HEX3[1] ; Output   ; -- ; --   ; --   ; -- ; (0)  ; (31)  ; --     ; --                     ; --                       ;
; HEX3[2] ; Output   ; -- ; --   ; --   ; -- ; (0)  ; (31)  ; --     ; --                     ; --                       ;
; HEX3[3] ; Output   ; -- ; --   ; --   ; -- ; (0)  ; (31)  ; --     ; --                     ; --                       ;
; HEX3[4] ; Output   ; -- ; --   ; --   ; -- ; (0)  ; (31)  ; --     ; --                     ; --                       ;
; HEX3[5] ; Output   ; -- ; --   ; --   ; -- ; (0)  ; (31)  ; --     ; --                     ; --                       ;
; HEX3[6] ; Output   ; -- ; --   ; --   ; -- ; (0)  ; (31)  ; --     ; --                     ; --                       ;
; HEX4[0] ; Output   ; -- ; --   ; --   ; -- ; (0)  ; (31)  ; --     ; --                     ; --                       ;
; HEX4[1] ; Output   ; -- ; --   ; --   ; -- ; (0)  ; (31)  ; --     ; --                     ; --                       ;
; HEX4[2] ; Output   ; -- ; --   ; --   ; -- ; (0)  ; (31)  ; --     ; --                     ; --                       ;
; HEX4[3] ; Output   ; -- ; --   ; --   ; -- ; (0)  ; (31)  ; --     ; --                     ; --                       ;
; HEX4[4] ; Output   ; -- ; --   ; --   ; -- ; (0)  ; (31)  ; --     ; --                     ; --                       ;
; HEX4[5] ; Output   ; -- ; --   ; --   ; -- ; (0)  ; (31)  ; --     ; --                     ; --                       ;
; HEX4[6] ; Output   ; -- ; --   ; --   ; -- ; (0)  ; (31)  ; --     ; --                     ; --                       ;
; HEX5[0] ; Output   ; -- ; --   ; --   ; -- ; (0)  ; (31)  ; --     ; --                     ; --                       ;
; HEX5[1] ; Output   ; -- ; --   ; --   ; -- ; (0)  ; (31)  ; --     ; --                     ; --                       ;
; HEX5[2] ; Output   ; -- ; --   ; --   ; -- ; (0)  ; (31)  ; --     ; --                     ; --                       ;
; HEX5[3] ; Output   ; -- ; --   ; --   ; -- ; (0)  ; (31)  ; --     ; --                     ; --                       ;
; HEX5[4] ; Output   ; -- ; --   ; --   ; -- ; (0)  ; (31)  ; --     ; --                     ; --                       ;
; HEX5[5] ; Output   ; -- ; --   ; --   ; -- ; (0)  ; (31)  ; --     ; --                     ; --                       ;
; HEX5[6] ; Output   ; -- ; --   ; --   ; -- ; (0)  ; (31)  ; --     ; --                     ; --                       ;
; SW[0]   ; Input    ; -- ; --   ; (0)  ; -- ; --   ; --    ; --     ; --                     ; --                       ;
; SW[1]   ; Input    ; -- ; --   ; (0)  ; -- ; --   ; --    ; --     ; --                     ; --                       ;
; KEY[0]  ; Input    ; -- ; (0)  ; --   ; -- ; --   ; --    ; --     ; --                     ; --                       ;
; KEY[1]  ; Input    ; -- ; (0)  ; --   ; -- ; --   ; --    ; --     ; --                     ; --                       ;
+---------+----------+----+------+------+----+------+-------+--------+------------------------+--------------------------+


+---------------------------------------------------+
; Pad To Core Delay Chain Fanout                    ;
+---------------------+-------------------+---------+
; Source Pin / Fanout ; Pad To Core Index ; Setting ;
+---------------------+-------------------+---------+
; SW[2]               ;                   ;         ;
; SW[3]               ;                   ;         ;
; SW[4]               ;                   ;         ;
; SW[5]               ;                   ;         ;
; SW[6]               ;                   ;         ;
; SW[7]               ;                   ;         ;
; SW[8]               ;                   ;         ;
; SW[9]               ;                   ;         ;
; SW[0]               ;                   ;         ;
;      - Mux15~0      ; 1                 ; 0       ;
;      - Mux14~0      ; 1                 ; 0       ;
;      - Mux13~0      ; 1                 ; 0       ;
;      - Mux12~0      ; 1                 ; 0       ;
;      - Mux11~0      ; 1                 ; 0       ;
;      - Mux10~0      ; 1                 ; 0       ;
;      - Mux9~0       ; 1                 ; 0       ;
;      - Mux8~0       ; 1                 ; 0       ;
;      - Mux7~0       ; 1                 ; 0       ;
;      - Mux6~0       ; 1                 ; 0       ;
;      - Mux5~0       ; 1                 ; 0       ;
;      - Mux4~0       ; 1                 ; 0       ;
;      - Mux3~0       ; 1                 ; 0       ;
;      - Mux2~0       ; 1                 ; 0       ;
;      - Mux1~0       ; 1                 ; 0       ;
;      - Mux0~0       ; 1                 ; 0       ;
; SW[1]               ;                   ;         ;
;      - Mux15~0      ; 1                 ; 0       ;
;      - Mux14~0      ; 1                 ; 0       ;
;      - Mux13~0      ; 1                 ; 0       ;
;      - Mux12~0      ; 1                 ; 0       ;
;      - Mux11~0      ; 1                 ; 0       ;
;      - Mux10~0      ; 1                 ; 0       ;
;      - Mux9~0       ; 1                 ; 0       ;
;      - Mux8~0       ; 1                 ; 0       ;
;      - Mux7~0       ; 1                 ; 0       ;
;      - Mux6~0       ; 1                 ; 0       ;
;      - Mux5~0       ; 1                 ; 0       ;
;      - Mux4~0       ; 1                 ; 0       ;
;      - Mux3~0       ; 1                 ; 0       ;
;      - Mux2~0       ; 1                 ; 0       ;
;      - Mux1~0       ; 1                 ; 0       ;
;      - Mux0~0       ; 1                 ; 0       ;
; KEY[0]              ;                   ;         ;
; KEY[1]              ;                   ;         ;
+---------------------+-------------------+---------+


+-------------------------------------------------------------------------------------------------------------------------------------------------------------------+
; Control Signals                                                                                                                                                   ;
+------------------------------------+----------------------+---------+--------------+--------+----------------------+------------------+---------------------------+
; Name                               ; Location             ; Fan-Out ; Usage        ; Global ; Global Resource Used ; Global Line Name ; Enable Signal Source Name ;
+------------------------------------+----------------------+---------+--------------+--------+----------------------+------------------+---------------------------+
; KEY[0]                             ; PIN_M16              ; 16957   ; Clock        ; yes    ; Global Clock         ; GCLK9            ; --                        ;
; KEY[1]                             ; PIN_M9               ; 541     ; Async. clear ; yes    ; Global Clock         ; GCLK6            ; --                        ;
; control:U_CONTROL|RD               ; MLABCELL_X59_Y28_N12 ; 33      ; Clock enable ; no     ; --                   ; --               ; --                        ;
; control:U_CONTROL|state.store_prep ; FF_X75_Y25_N38       ; 27      ; Clock enable ; no     ; --                   ; --               ; --                        ;
; ram:U_RAM|ram_block~21869          ; LABCELL_X22_Y47_N51  ; 16      ; Clock enable ; no     ; --                   ; --               ; --                        ;
; ram:U_RAM|ram_block~21871          ; LABCELL_X30_Y45_N57  ; 16      ; Clock enable ; no     ; --                   ; --               ; --                        ;
; ram:U_RAM|ram_block~21873          ; MLABCELL_X25_Y38_N33 ; 16      ; Clock enable ; no     ; --                   ; --               ; --                        ;
; ram:U_RAM|ram_block~21875          ; MLABCELL_X34_Y47_N3  ; 16      ; Clock enable ; no     ; --                   ; --               ; --                        ;
; ram:U_RAM|ram_block~21877          ; LABCELL_X27_Y48_N45  ; 16      ; Clock enable ; no     ; --                   ; --               ; --                        ;
; ram:U_RAM|ram_block~21878          ; LABCELL_X30_Y45_N15  ; 16      ; Clock enable ; no     ; --                   ; --               ; --                        ;
; ram:U_RAM|ram_block~21879          ; MLABCELL_X28_Y47_N3  ; 16      ; Clock enable ; no     ; --                   ; --               ; --                        ;
; ram:U_RAM|ram_block~21880          ; MLABCELL_X34_Y47_N21 ; 16      ; Clock enable ; no     ; --                   ; --               ; --                        ;
; ram:U_RAM|ram_block~21882          ; LABCELL_X22_Y47_N21  ; 16      ; Clock enable ; no     ; --                   ; --               ; --                        ;
; ram:U_RAM|ram_block~21883          ; LABCELL_X35_Y48_N54  ; 16      ; Clock enable ; no     ; --                   ; --               ; --                        ;
; ram:U_RAM|ram_block~21884          ; MLABCELL_X28_Y47_N48 ; 16      ; Clock enable ; no     ; --                   ; --               ; --                        ;
; ram:U_RAM|ram_block~21885          ; MLABCELL_X34_Y47_N12 ; 16      ; Clock enable ; no     ; --                   ; --               ; --                        ;
; ram:U_RAM|ram_block~21887          ; LABCELL_X22_Y43_N57  ; 16      ; Clock enable ; no     ; --                   ; --               ; --                        ;
; ram:U_RAM|ram_block~21888          ; LABCELL_X35_Y47_N33  ; 16      ; Clock enable ; no     ; --                   ; --               ; --                        ;
; ram:U_RAM|ram_block~21889          ; MLABCELL_X28_Y47_N51 ; 16      ; Clock enable ; no     ; --                   ; --               ; --                        ;
; ram:U_RAM|ram_block~21890          ; MLABCELL_X34_Y47_N57 ; 16      ; Clock enable ; no     ; --                   ; --               ; --                        ;
; ram:U_RAM|ram_block~21892          ; LABCELL_X23_Y44_N15  ; 16      ; Clock enable ; no     ; --                   ; --               ; --                        ;
; ram:U_RAM|ram_block~21893          ; LABCELL_X30_Y45_N30  ; 16      ; Clock enable ; no     ; --                   ; --               ; --                        ;
; ram:U_RAM|ram_block~21894          ; MLABCELL_X28_Y47_N30 ; 16      ; Clock enable ; no     ; --                   ; --               ; --                        ;
; ram:U_RAM|ram_block~21895          ; MLABCELL_X34_Y47_N0  ; 16      ; Clock enable ; no     ; --                   ; --               ; --                        ;
; ram:U_RAM|ram_block~21897          ; LABCELL_X23_Y44_N54  ; 16      ; Clock enable ; no     ; --                   ; --               ; --                        ;
; ram:U_RAM|ram_block~21898          ; LABCELL_X30_Y45_N0   ; 16      ; Clock enable ; no     ; --                   ; --               ; --                        ;
; ram:U_RAM|ram_block~21899          ; MLABCELL_X28_Y47_N33 ; 16      ; Clock enable ; no     ; --                   ; --               ; --                        ;
; ram:U_RAM|ram_block~21900          ; MLABCELL_X34_Y47_N15 ; 16      ; Clock enable ; no     ; --                   ; --               ; --                        ;
; ram:U_RAM|ram_block~21902          ; LABCELL_X22_Y43_N27  ; 16      ; Clock enable ; no     ; --                   ; --               ; --                        ;
; ram:U_RAM|ram_block~21903          ; LABCELL_X30_Y45_N45  ; 16      ; Clock enable ; no     ; --                   ; --               ; --                        ;
; ram:U_RAM|ram_block~21904          ; MLABCELL_X25_Y47_N54 ; 16      ; Clock enable ; no     ; --                   ; --               ; --                        ;
; ram:U_RAM|ram_block~21905          ; MLABCELL_X34_Y47_N39 ; 16      ; Clock enable ; no     ; --                   ; --               ; --                        ;
; ram:U_RAM|ram_block~21907          ; LABCELL_X23_Y47_N33  ; 16      ; Clock enable ; no     ; --                   ; --               ; --                        ;
; ram:U_RAM|ram_block~21908          ; LABCELL_X35_Y47_N39  ; 16      ; Clock enable ; no     ; --                   ; --               ; --                        ;
; ram:U_RAM|ram_block~21909          ; MLABCELL_X28_Y47_N39 ; 16      ; Clock enable ; no     ; --                   ; --               ; --                        ;
; ram:U_RAM|ram_block~21910          ; MLABCELL_X34_Y47_N24 ; 16      ; Clock enable ; no     ; --                   ; --               ; --                        ;
; ram:U_RAM|ram_block~21912          ; LABCELL_X27_Y46_N27  ; 16      ; Clock enable ; no     ; --                   ; --               ; --                        ;
; ram:U_RAM|ram_block~21913          ; MLABCELL_X34_Y45_N54 ; 16      ; Clock enable ; no     ; --                   ; --               ; --                        ;
; ram:U_RAM|ram_block~21914          ; MLABCELL_X28_Y45_N57 ; 16      ; Clock enable ; no     ; --                   ; --               ; --                        ;
; ram:U_RAM|ram_block~21915          ; MLABCELL_X34_Y45_N24 ; 16      ; Clock enable ; no     ; --                   ; --               ; --                        ;
; ram:U_RAM|ram_block~21917          ; LABCELL_X22_Y47_N0   ; 16      ; Clock enable ; no     ; --                   ; --               ; --                        ;
; ram:U_RAM|ram_block~21918          ; LABCELL_X30_Y45_N42  ; 16      ; Clock enable ; no     ; --                   ; --               ; --                        ;
; ram:U_RAM|ram_block~21919          ; MLABCELL_X28_Y47_N57 ; 16      ; Clock enable ; no     ; --                   ; --               ; --                        ;
; ram:U_RAM|ram_block~21920          ; MLABCELL_X34_Y47_N42 ; 16      ; Clock enable ; no     ; --                   ; --               ; --                        ;
; ram:U_RAM|ram_block~21922          ; LABCELL_X23_Y47_N15  ; 16      ; Clock enable ; no     ; --                   ; --               ; --                        ;
; ram:U_RAM|ram_block~21923          ; LABCELL_X30_Y45_N33  ; 16      ; Clock enable ; no     ; --                   ; --               ; --                        ;
; ram:U_RAM|ram_block~21924          ; LABCELL_X33_Y38_N33  ; 16      ; Clock enable ; no     ; --                   ; --               ; --                        ;
; ram:U_RAM|ram_block~21925          ; MLABCELL_X34_Y47_N45 ; 16      ; Clock enable ; no     ; --                   ; --               ; --                        ;
; ram:U_RAM|ram_block~21927          ; LABCELL_X27_Y45_N48  ; 16      ; Clock enable ; no     ; --                   ; --               ; --                        ;
; ram:U_RAM|ram_block~21928          ; LABCELL_X30_Y45_N36  ; 16      ; Clock enable ; no     ; --                   ; --               ; --                        ;
; ram:U_RAM|ram_block~21929          ; LABCELL_X29_Y47_N54  ; 16      ; Clock enable ; no     ; --                   ; --               ; --                        ;
; ram:U_RAM|ram_block~21930          ; MLABCELL_X34_Y47_N54 ; 16      ; Clock enable ; no     ; --                   ; --               ; --                        ;
; ram:U_RAM|ram_block~21932          ; LABCELL_X23_Y47_N3   ; 16      ; Clock enable ; no     ; --                   ; --               ; --                        ;
; ram:U_RAM|ram_block~21933          ; LABCELL_X30_Y45_N39  ; 16      ; Clock enable ; no     ; --                   ; --               ; --                        ;
; ram:U_RAM|ram_block~21934          ; MLABCELL_X47_Y45_N21 ; 16      ; Clock enable ; no     ; --                   ; --               ; --                        ;
; ram:U_RAM|ram_block~21935          ; MLABCELL_X34_Y47_N18 ; 16      ; Clock enable ; no     ; --                   ; --               ; --                        ;
; ram:U_RAM|ram_block~21937          ; LABCELL_X22_Y47_N9   ; 16      ; Clock enable ; no     ; --                   ; --               ; --                        ;
; ram:U_RAM|ram_block~21938          ; MLABCELL_X28_Y47_N18 ; 16      ; Clock enable ; no     ; --                   ; --               ; --                        ;
; ram:U_RAM|ram_block~21939          ; LABCELL_X29_Y47_N0   ; 16      ; Clock enable ; no     ; --                   ; --               ; --                        ;
; ram:U_RAM|ram_block~21940          ; MLABCELL_X34_Y47_N51 ; 16      ; Clock enable ; no     ; --                   ; --               ; --                        ;
; ram:U_RAM|ram_block~21942          ; MLABCELL_X25_Y48_N9  ; 16      ; Clock enable ; no     ; --                   ; --               ; --                        ;
; ram:U_RAM|ram_block~21943          ; LABCELL_X30_Y45_N18  ; 16      ; Clock enable ; no     ; --                   ; --               ; --                        ;
; ram:U_RAM|ram_block~21944          ; MLABCELL_X28_Y47_N36 ; 16      ; Clock enable ; no     ; --                   ; --               ; --                        ;
; ram:U_RAM|ram_block~21945          ; MLABCELL_X34_Y47_N27 ; 16      ; Clock enable ; no     ; --                   ; --               ; --                        ;
; ram:U_RAM|ram_block~21947          ; MLABCELL_X25_Y48_N12 ; 16      ; Clock enable ; no     ; --                   ; --               ; --                        ;
; ram:U_RAM|ram_block~21948          ; LABCELL_X30_Y45_N21  ; 16      ; Clock enable ; no     ; --                   ; --               ; --                        ;
; ram:U_RAM|ram_block~21949          ; LABCELL_X30_Y45_N51  ; 16      ; Clock enable ; no     ; --                   ; --               ; --                        ;
; ram:U_RAM|ram_block~21950          ; LABCELL_X46_Y36_N3   ; 16      ; Clock enable ; no     ; --                   ; --               ; --                        ;
; ram:U_RAM|ram_block~21952          ; LABCELL_X23_Y45_N54  ; 16      ; Clock enable ; no     ; --                   ; --               ; --                        ;
; ram:U_RAM|ram_block~21954          ; LABCELL_X35_Y46_N54  ; 16      ; Clock enable ; no     ; --                   ; --               ; --                        ;
; ram:U_RAM|ram_block~21956          ; LABCELL_X35_Y42_N54  ; 16      ; Clock enable ; no     ; --                   ; --               ; --                        ;
; ram:U_RAM|ram_block~21958          ; LABCELL_X56_Y47_N6   ; 16      ; Clock enable ; no     ; --                   ; --               ; --                        ;
; ram:U_RAM|ram_block~21959          ; LABCELL_X24_Y36_N39  ; 16      ; Clock enable ; no     ; --                   ; --               ; --                        ;
; ram:U_RAM|ram_block~21960          ; LABCELL_X35_Y46_N15  ; 16      ; Clock enable ; no     ; --                   ; --               ; --                        ;
; ram:U_RAM|ram_block~21961          ; LABCELL_X48_Y35_N18  ; 16      ; Clock enable ; no     ; --                   ; --               ; --                        ;
; ram:U_RAM|ram_block~21962          ; LABCELL_X57_Y47_N57  ; 16      ; Clock enable ; no     ; --                   ; --               ; --                        ;
; ram:U_RAM|ram_block~21963          ; LABCELL_X23_Y45_N12  ; 16      ; Clock enable ; no     ; --                   ; --               ; --                        ;
; ram:U_RAM|ram_block~21964          ; MLABCELL_X34_Y46_N42 ; 16      ; Clock enable ; no     ; --                   ; --               ; --                        ;
; ram:U_RAM|ram_block~21965          ; LABCELL_X33_Y43_N0   ; 16      ; Clock enable ; no     ; --                   ; --               ; --                        ;
; ram:U_RAM|ram_block~21966          ; LABCELL_X56_Y47_N3   ; 16      ; Clock enable ; no     ; --                   ; --               ; --                        ;
; ram:U_RAM|ram_block~21967          ; LABCELL_X23_Y45_N21  ; 16      ; Clock enable ; no     ; --                   ; --               ; --                        ;
; ram:U_RAM|ram_block~21968          ; LABCELL_X48_Y45_N42  ; 16      ; Clock enable ; no     ; --                   ; --               ; --                        ;
; ram:U_RAM|ram_block~21969          ; LABCELL_X48_Y45_N45  ; 16      ; Clock enable ; no     ; --                   ; --               ; --                        ;
; ram:U_RAM|ram_block~21970          ; LABCELL_X56_Y47_N21  ; 16      ; Clock enable ; no     ; --                   ; --               ; --                        ;
; ram:U_RAM|ram_block~21971          ; LABCELL_X23_Y45_N36  ; 16      ; Clock enable ; no     ; --                   ; --               ; --                        ;
; ram:U_RAM|ram_block~21972          ; LABCELL_X35_Y46_N45  ; 16      ; Clock enable ; no     ; --                   ; --               ; --                        ;
; ram:U_RAM|ram_block~21973          ; LABCELL_X45_Y43_N3   ; 16      ; Clock enable ; no     ; --                   ; --               ; --                        ;
; ram:U_RAM|ram_block~21974          ; LABCELL_X57_Y47_N30  ; 16      ; Clock enable ; no     ; --                   ; --               ; --                        ;
; ram:U_RAM|ram_block~21975          ; LABCELL_X23_Y45_N33  ; 16      ; Clock enable ; no     ; --                   ; --               ; --                        ;
; ram:U_RAM|ram_block~21976          ; MLABCELL_X34_Y46_N45 ; 16      ; Clock enable ; no     ; --                   ; --               ; --                        ;
; ram:U_RAM|ram_block~21977          ; LABCELL_X33_Y43_N27  ; 16      ; Clock enable ; no     ; --                   ; --               ; --                        ;
; ram:U_RAM|ram_block~21978          ; LABCELL_X60_Y46_N24  ; 16      ; Clock enable ; no     ; --                   ; --               ; --                        ;
; ram:U_RAM|ram_block~21979          ; LABCELL_X23_Y45_N0   ; 16      ; Clock enable ; no     ; --                   ; --               ; --                        ;
; ram:U_RAM|ram_block~21980          ; MLABCELL_X34_Y46_N0  ; 16      ; Clock enable ; no     ; --                   ; --               ; --                        ;
; ram:U_RAM|ram_block~21981          ; LABCELL_X33_Y43_N30  ; 16      ; Clock enable ; no     ; --                   ; --               ; --                        ;
; ram:U_RAM|ram_block~21982          ; LABCELL_X57_Y47_N51  ; 16      ; Clock enable ; no     ; --                   ; --               ; --                        ;
; ram:U_RAM|ram_block~21983          ; LABCELL_X23_Y45_N18  ; 16      ; Clock enable ; no     ; --                   ; --               ; --                        ;
; ram:U_RAM|ram_block~21984          ; MLABCELL_X34_Y46_N9  ; 16      ; Clock enable ; no     ; --                   ; --               ; --                        ;
; ram:U_RAM|ram_block~21985          ; MLABCELL_X52_Y34_N45 ; 16      ; Clock enable ; no     ; --                   ; --               ; --                        ;
; ram:U_RAM|ram_block~21986          ; LABCELL_X57_Y47_N21  ; 16      ; Clock enable ; no     ; --                   ; --               ; --                        ;
; ram:U_RAM|ram_block~21987          ; LABCELL_X23_Y45_N45  ; 16      ; Clock enable ; no     ; --                   ; --               ; --                        ;
; ram:U_RAM|ram_block~21988          ; MLABCELL_X34_Y46_N24 ; 16      ; Clock enable ; no     ; --                   ; --               ; --                        ;
; ram:U_RAM|ram_block~21989          ; LABCELL_X33_Y43_N39  ; 16      ; Clock enable ; no     ; --                   ; --               ; --                        ;
; ram:U_RAM|ram_block~21990          ; LABCELL_X57_Y47_N48  ; 16      ; Clock enable ; no     ; --                   ; --               ; --                        ;
; ram:U_RAM|ram_block~21991          ; LABCELL_X31_Y36_N12  ; 16      ; Clock enable ; no     ; --                   ; --               ; --                        ;
; ram:U_RAM|ram_block~21992          ; MLABCELL_X34_Y46_N54 ; 16      ; Clock enable ; no     ; --                   ; --               ; --                        ;
; ram:U_RAM|ram_block~21993          ; LABCELL_X33_Y43_N18  ; 16      ; Clock enable ; no     ; --                   ; --               ; --                        ;
; ram:U_RAM|ram_block~21994          ; LABCELL_X57_Y47_N18  ; 16      ; Clock enable ; no     ; --                   ; --               ; --                        ;
; ram:U_RAM|ram_block~21995          ; LABCELL_X30_Y38_N6   ; 16      ; Clock enable ; no     ; --                   ; --               ; --                        ;
; ram:U_RAM|ram_block~21996          ; MLABCELL_X34_Y46_N48 ; 16      ; Clock enable ; no     ; --                   ; --               ; --                        ;
; ram:U_RAM|ram_block~21997          ; LABCELL_X45_Y45_N15  ; 16      ; Clock enable ; no     ; --                   ; --               ; --                        ;
; ram:U_RAM|ram_block~21998          ; LABCELL_X56_Y47_N51  ; 16      ; Clock enable ; no     ; --                   ; --               ; --                        ;
; ram:U_RAM|ram_block~21999          ; LABCELL_X23_Y45_N24  ; 16      ; Clock enable ; no     ; --                   ; --               ; --                        ;
; ram:U_RAM|ram_block~22000          ; MLABCELL_X34_Y46_N57 ; 16      ; Clock enable ; no     ; --                   ; --               ; --                        ;
; ram:U_RAM|ram_block~22001          ; MLABCELL_X52_Y34_N42 ; 16      ; Clock enable ; no     ; --                   ; --               ; --                        ;
; ram:U_RAM|ram_block~22002          ; LABCELL_X57_Y47_N3   ; 16      ; Clock enable ; no     ; --                   ; --               ; --                        ;
; ram:U_RAM|ram_block~22003          ; LABCELL_X23_Y45_N48  ; 16      ; Clock enable ; no     ; --                   ; --               ; --                        ;
; ram:U_RAM|ram_block~22004          ; LABCELL_X33_Y47_N36  ; 16      ; Clock enable ; no     ; --                   ; --               ; --                        ;
; ram:U_RAM|ram_block~22005          ; LABCELL_X33_Y43_N57  ; 16      ; Clock enable ; no     ; --                   ; --               ; --                        ;
; ram:U_RAM|ram_block~22006          ; LABCELL_X57_Y47_N6   ; 16      ; Clock enable ; no     ; --                   ; --               ; --                        ;
; ram:U_RAM|ram_block~22007          ; LABCELL_X31_Y36_N45  ; 16      ; Clock enable ; no     ; --                   ; --               ; --                        ;
; ram:U_RAM|ram_block~22008          ; LABCELL_X33_Y47_N9   ; 16      ; Clock enable ; no     ; --                   ; --               ; --                        ;
; ram:U_RAM|ram_block~22009          ; LABCELL_X33_Y43_N51  ; 16      ; Clock enable ; no     ; --                   ; --               ; --                        ;
; ram:U_RAM|ram_block~22010          ; LABCELL_X67_Y43_N42  ; 16      ; Clock enable ; no     ; --                   ; --               ; --                        ;
; ram:U_RAM|ram_block~22011          ; MLABCELL_X28_Y45_N27 ; 16      ; Clock enable ; no     ; --                   ; --               ; --                        ;
; ram:U_RAM|ram_block~22012          ; MLABCELL_X34_Y46_N36 ; 16      ; Clock enable ; no     ; --                   ; --               ; --                        ;
; ram:U_RAM|ram_block~22013          ; LABCELL_X48_Y43_N9   ; 16      ; Clock enable ; no     ; --                   ; --               ; --                        ;
; ram:U_RAM|ram_block~22014          ; LABCELL_X56_Y47_N42  ; 16      ; Clock enable ; no     ; --                   ; --               ; --                        ;
; ram:U_RAM|ram_block~22015          ; LABCELL_X23_Y45_N27  ; 16      ; Clock enable ; no     ; --                   ; --               ; --                        ;
; ram:U_RAM|ram_block~22016          ; MLABCELL_X34_Y46_N33 ; 16      ; Clock enable ; no     ; --                   ; --               ; --                        ;
; ram:U_RAM|ram_block~22017          ; LABCELL_X55_Y44_N57  ; 16      ; Clock enable ; no     ; --                   ; --               ; --                        ;
; ram:U_RAM|ram_block~22018          ; LABCELL_X57_Y47_N9   ; 16      ; Clock enable ; no     ; --                   ; --               ; --                        ;
; ram:U_RAM|ram_block~22020          ; LABCELL_X27_Y45_N33  ; 16      ; Clock enable ; no     ; --                   ; --               ; --                        ;
; ram:U_RAM|ram_block~22022          ; MLABCELL_X39_Y32_N42 ; 16      ; Clock enable ; no     ; --                   ; --               ; --                        ;
; ram:U_RAM|ram_block~22024          ; LABCELL_X64_Y19_N0   ; 16      ; Clock enable ; no     ; --                   ; --               ; --                        ;
; ram:U_RAM|ram_block~22026          ; LABCELL_X63_Y22_N39  ; 16      ; Clock enable ; no     ; --                   ; --               ; --                        ;
; ram:U_RAM|ram_block~22027          ; MLABCELL_X34_Y41_N21 ; 16      ; Clock enable ; no     ; --                   ; --               ; --                        ;
; ram:U_RAM|ram_block~22028          ; MLABCELL_X34_Y36_N39 ; 16      ; Clock enable ; no     ; --                   ; --               ; --                        ;
; ram:U_RAM|ram_block~22029          ; LABCELL_X63_Y19_N51  ; 16      ; Clock enable ; no     ; --                   ; --               ; --                        ;
; ram:U_RAM|ram_block~22030          ; LABCELL_X63_Y22_N0   ; 16      ; Clock enable ; no     ; --                   ; --               ; --                        ;
; ram:U_RAM|ram_block~22031          ; MLABCELL_X28_Y48_N27 ; 16      ; Clock enable ; no     ; --                   ; --               ; --                        ;
; ram:U_RAM|ram_block~22032          ; LABCELL_X23_Y32_N36  ; 16      ; Clock enable ; no     ; --                   ; --               ; --                        ;
; ram:U_RAM|ram_block~22033          ; LABCELL_X63_Y19_N54  ; 16      ; Clock enable ; no     ; --                   ; --               ; --                        ;
; ram:U_RAM|ram_block~22034          ; LABCELL_X63_Y22_N42  ; 16      ; Clock enable ; no     ; --                   ; --               ; --                        ;
; ram:U_RAM|ram_block~22035          ; LABCELL_X27_Y45_N3   ; 16      ; Clock enable ; no     ; --                   ; --               ; --                        ;
; ram:U_RAM|ram_block~22036          ; MLABCELL_X34_Y36_N57 ; 16      ; Clock enable ; no     ; --                   ; --               ; --                        ;
; ram:U_RAM|ram_block~22037          ; LABCELL_X62_Y19_N54  ; 16      ; Clock enable ; no     ; --                   ; --               ; --                        ;
; ram:U_RAM|ram_block~22038          ; LABCELL_X63_Y22_N12  ; 16      ; Clock enable ; no     ; --                   ; --               ; --                        ;
; ram:U_RAM|ram_block~22039          ; LABCELL_X31_Y41_N12  ; 16      ; Clock enable ; no     ; --                   ; --               ; --                        ;
; ram:U_RAM|ram_block~22040          ; MLABCELL_X34_Y36_N12 ; 16      ; Clock enable ; no     ; --                   ; --               ; --                        ;
; ram:U_RAM|ram_block~22041          ; LABCELL_X63_Y19_N15  ; 16      ; Clock enable ; no     ; --                   ; --               ; --                        ;
; ram:U_RAM|ram_block~22042          ; LABCELL_X63_Y22_N18  ; 16      ; Clock enable ; no     ; --                   ; --               ; --                        ;
; ram:U_RAM|ram_block~22043          ; LABCELL_X27_Y45_N18  ; 16      ; Clock enable ; no     ; --                   ; --               ; --                        ;
; ram:U_RAM|ram_block~22044          ; MLABCELL_X34_Y36_N45 ; 16      ; Clock enable ; no     ; --                   ; --               ; --                        ;
; ram:U_RAM|ram_block~22045          ; LABCELL_X64_Y19_N3   ; 16      ; Clock enable ; no     ; --                   ; --               ; --                        ;
; ram:U_RAM|ram_block~22046          ; LABCELL_X70_Y47_N54  ; 16      ; Clock enable ; no     ; --                   ; --               ; --                        ;
; ram:U_RAM|ram_block~22047          ; LABCELL_X27_Y45_N24  ; 16      ; Clock enable ; no     ; --                   ; --               ; --                        ;
; ram:U_RAM|ram_block~22048          ; MLABCELL_X34_Y36_N21 ; 16      ; Clock enable ; no     ; --                   ; --               ; --                        ;
; ram:U_RAM|ram_block~22049          ; LABCELL_X60_Y21_N24  ; 16      ; Clock enable ; no     ; --                   ; --               ; --                        ;
; ram:U_RAM|ram_block~22050          ; LABCELL_X70_Y47_N27  ; 16      ; Clock enable ; no     ; --                   ; --               ; --                        ;
; ram:U_RAM|ram_block~22051          ; LABCELL_X27_Y45_N21  ; 16      ; Clock enable ; no     ; --                   ; --               ; --                        ;
; ram:U_RAM|ram_block~22052          ; MLABCELL_X39_Y33_N12 ; 16      ; Clock enable ; no     ; --                   ; --               ; --                        ;
; ram:U_RAM|ram_block~22053          ; LABCELL_X63_Y19_N6   ; 16      ; Clock enable ; no     ; --                   ; --               ; --                        ;
; ram:U_RAM|ram_block~22054          ; LABCELL_X63_Y22_N45  ; 16      ; Clock enable ; no     ; --                   ; --               ; --                        ;
; ram:U_RAM|ram_block~22055          ; MLABCELL_X28_Y45_N6  ; 16      ; Clock enable ; no     ; --                   ; --               ; --                        ;
; ram:U_RAM|ram_block~22056          ; MLABCELL_X34_Y36_N48 ; 16      ; Clock enable ; no     ; --                   ; --               ; --                        ;
; ram:U_RAM|ram_block~22057          ; LABCELL_X62_Y19_N39  ; 16      ; Clock enable ; no     ; --                   ; --               ; --                        ;
; ram:U_RAM|ram_block~22058          ; LABCELL_X63_Y22_N15  ; 16      ; Clock enable ; no     ; --                   ; --               ; --                        ;
; ram:U_RAM|ram_block~22059          ; LABCELL_X27_Y45_N45  ; 16      ; Clock enable ; no     ; --                   ; --               ; --                        ;
; ram:U_RAM|ram_block~22060          ; MLABCELL_X34_Y36_N24 ; 16      ; Clock enable ; no     ; --                   ; --               ; --                        ;
; ram:U_RAM|ram_block~22061          ; LABCELL_X56_Y18_N0   ; 16      ; Clock enable ; no     ; --                   ; --               ; --                        ;
; ram:U_RAM|ram_block~22062          ; LABCELL_X63_Y22_N3   ; 16      ; Clock enable ; no     ; --                   ; --               ; --                        ;
; ram:U_RAM|ram_block~22063          ; LABCELL_X27_Y45_N36  ; 16      ; Clock enable ; no     ; --                   ; --               ; --                        ;
; ram:U_RAM|ram_block~22064          ; MLABCELL_X34_Y36_N15 ; 16      ; Clock enable ; no     ; --                   ; --               ; --                        ;
; ram:U_RAM|ram_block~22065          ; LABCELL_X63_Y19_N9   ; 16      ; Clock enable ; no     ; --                   ; --               ; --                        ;
; ram:U_RAM|ram_block~22066          ; LABCELL_X63_Y22_N9   ; 16      ; Clock enable ; no     ; --                   ; --               ; --                        ;
; ram:U_RAM|ram_block~22067          ; LABCELL_X30_Y44_N48  ; 16      ; Clock enable ; no     ; --                   ; --               ; --                        ;
; ram:U_RAM|ram_block~22068          ; LABCELL_X33_Y35_N54  ; 16      ; Clock enable ; no     ; --                   ; --               ; --                        ;
; ram:U_RAM|ram_block~22069          ; LABCELL_X63_Y19_N24  ; 16      ; Clock enable ; no     ; --                   ; --               ; --                        ;
; ram:U_RAM|ram_block~22070          ; LABCELL_X63_Y22_N24  ; 16      ; Clock enable ; no     ; --                   ; --               ; --                        ;
; ram:U_RAM|ram_block~22071          ; LABCELL_X27_Y45_N27  ; 16      ; Clock enable ; no     ; --                   ; --               ; --                        ;
; ram:U_RAM|ram_block~22072          ; MLABCELL_X39_Y39_N3  ; 16      ; Clock enable ; no     ; --                   ; --               ; --                        ;
; ram:U_RAM|ram_block~22073          ; LABCELL_X63_Y19_N18  ; 16      ; Clock enable ; no     ; --                   ; --               ; --                        ;
; ram:U_RAM|ram_block~22074          ; LABCELL_X57_Y40_N15  ; 16      ; Clock enable ; no     ; --                   ; --               ; --                        ;
; ram:U_RAM|ram_block~22075          ; LABCELL_X27_Y45_N51  ; 16      ; Clock enable ; no     ; --                   ; --               ; --                        ;
; ram:U_RAM|ram_block~22076          ; MLABCELL_X34_Y36_N33 ; 16      ; Clock enable ; no     ; --                   ; --               ; --                        ;
; ram:U_RAM|ram_block~22077          ; LABCELL_X63_Y19_N48  ; 16      ; Clock enable ; no     ; --                   ; --               ; --                        ;
; ram:U_RAM|ram_block~22078          ; LABCELL_X73_Y47_N24  ; 16      ; Clock enable ; no     ; --                   ; --               ; --                        ;
; ram:U_RAM|ram_block~22079          ; MLABCELL_X25_Y48_N54 ; 16      ; Clock enable ; no     ; --                   ; --               ; --                        ;
; ram:U_RAM|ram_block~22080          ; MLABCELL_X34_Y36_N42 ; 16      ; Clock enable ; no     ; --                   ; --               ; --                        ;
; ram:U_RAM|ram_block~22081          ; LABCELL_X63_Y19_N57  ; 16      ; Clock enable ; no     ; --                   ; --               ; --                        ;
; ram:U_RAM|ram_block~22082          ; LABCELL_X70_Y36_N42  ; 16      ; Clock enable ; no     ; --                   ; --               ; --                        ;
; ram:U_RAM|ram_block~22083          ; MLABCELL_X25_Y48_N51 ; 16      ; Clock enable ; no     ; --                   ; --               ; --                        ;
; ram:U_RAM|ram_block~22084          ; LABCELL_X40_Y37_N6   ; 16      ; Clock enable ; no     ; --                   ; --               ; --                        ;
; ram:U_RAM|ram_block~22085          ; LABCELL_X63_Y19_N21  ; 16      ; Clock enable ; no     ; --                   ; --               ; --                        ;
; ram:U_RAM|ram_block~22086          ; LABCELL_X70_Y47_N33  ; 16      ; Clock enable ; no     ; --                   ; --               ; --                        ;
; ram:U_RAM|ram_block~22088          ; LABCELL_X22_Y47_N12  ; 16      ; Clock enable ; no     ; --                   ; --               ; --                        ;
; ram:U_RAM|ram_block~22090          ; LABCELL_X53_Y36_N42  ; 16      ; Clock enable ; no     ; --                   ; --               ; --                        ;
; ram:U_RAM|ram_block~22092          ; LABCELL_X30_Y32_N51  ; 16      ; Clock enable ; no     ; --                   ; --               ; --                        ;
; ram:U_RAM|ram_block~22094          ; LABCELL_X73_Y47_N30  ; 16      ; Clock enable ; no     ; --                   ; --               ; --                        ;
; ram:U_RAM|ram_block~22095          ; LABCELL_X23_Y47_N9   ; 16      ; Clock enable ; no     ; --                   ; --               ; --                        ;
; ram:U_RAM|ram_block~22096          ; LABCELL_X48_Y46_N15  ; 16      ; Clock enable ; no     ; --                   ; --               ; --                        ;
; ram:U_RAM|ram_block~22097          ; LABCELL_X46_Y32_N12  ; 16      ; Clock enable ; no     ; --                   ; --               ; --                        ;
; ram:U_RAM|ram_block~22098          ; LABCELL_X73_Y47_N12  ; 16      ; Clock enable ; no     ; --                   ; --               ; --                        ;
; ram:U_RAM|ram_block~22099          ; LABCELL_X23_Y47_N54  ; 16      ; Clock enable ; no     ; --                   ; --               ; --                        ;
; ram:U_RAM|ram_block~22100          ; LABCELL_X46_Y36_N30  ; 16      ; Clock enable ; no     ; --                   ; --               ; --                        ;
; ram:U_RAM|ram_block~22101          ; LABCELL_X30_Y32_N33  ; 16      ; Clock enable ; no     ; --                   ; --               ; --                        ;
; ram:U_RAM|ram_block~22102          ; LABCELL_X68_Y45_N18  ; 16      ; Clock enable ; no     ; --                   ; --               ; --                        ;
; ram:U_RAM|ram_block~22103          ; LABCELL_X23_Y47_N57  ; 16      ; Clock enable ; no     ; --                   ; --               ; --                        ;
; ram:U_RAM|ram_block~22104          ; LABCELL_X48_Y46_N33  ; 16      ; Clock enable ; no     ; --                   ; --               ; --                        ;
; ram:U_RAM|ram_block~22105          ; LABCELL_X30_Y32_N30  ; 16      ; Clock enable ; no     ; --                   ; --               ; --                        ;
; ram:U_RAM|ram_block~22106          ; LABCELL_X73_Y47_N54  ; 16      ; Clock enable ; no     ; --                   ; --               ; --                        ;
; ram:U_RAM|ram_block~22107          ; LABCELL_X22_Y47_N6   ; 16      ; Clock enable ; no     ; --                   ; --               ; --                        ;
; ram:U_RAM|ram_block~22108          ; LABCELL_X48_Y46_N51  ; 16      ; Clock enable ; no     ; --                   ; --               ; --                        ;
; ram:U_RAM|ram_block~22109          ; LABCELL_X30_Y32_N0   ; 16      ; Clock enable ; no     ; --                   ; --               ; --                        ;
; ram:U_RAM|ram_block~22110          ; LABCELL_X73_Y47_N15  ; 16      ; Clock enable ; no     ; --                   ; --               ; --                        ;
; ram:U_RAM|ram_block~22111          ; LABCELL_X23_Y47_N6   ; 16      ; Clock enable ; no     ; --                   ; --               ; --                        ;
; ram:U_RAM|ram_block~22112          ; LABCELL_X50_Y37_N36  ; 16      ; Clock enable ; no     ; --                   ; --               ; --                        ;
; ram:U_RAM|ram_block~22113          ; LABCELL_X30_Y32_N57  ; 16      ; Clock enable ; no     ; --                   ; --               ; --                        ;
; ram:U_RAM|ram_block~22114          ; LABCELL_X73_Y47_N36  ; 16      ; Clock enable ; no     ; --                   ; --               ; --                        ;
; ram:U_RAM|ram_block~22115          ; LABCELL_X22_Y47_N57  ; 16      ; Clock enable ; no     ; --                   ; --               ; --                        ;
; ram:U_RAM|ram_block~22116          ; LABCELL_X48_Y46_N39  ; 16      ; Clock enable ; no     ; --                   ; --               ; --                        ;
; ram:U_RAM|ram_block~22117          ; LABCELL_X30_Y32_N12  ; 16      ; Clock enable ; no     ; --                   ; --               ; --                        ;
; ram:U_RAM|ram_block~22118          ; LABCELL_X73_Y47_N21  ; 16      ; Clock enable ; no     ; --                   ; --               ; --                        ;
; ram:U_RAM|ram_block~22119          ; LABCELL_X22_Y47_N36  ; 16      ; Clock enable ; no     ; --                   ; --               ; --                        ;
; ram:U_RAM|ram_block~22120          ; LABCELL_X46_Y36_N15  ; 16      ; Clock enable ; no     ; --                   ; --               ; --                        ;
; ram:U_RAM|ram_block~22121          ; LABCELL_X46_Y42_N12  ; 16      ; Clock enable ; no     ; --                   ; --               ; --                        ;
; ram:U_RAM|ram_block~22122          ; LABCELL_X73_Y47_N39  ; 16      ; Clock enable ; no     ; --                   ; --               ; --                        ;
; ram:U_RAM|ram_block~22123          ; LABCELL_X22_Y47_N33  ; 16      ; Clock enable ; no     ; --                   ; --               ; --                        ;
; ram:U_RAM|ram_block~22124          ; LABCELL_X48_Y46_N18  ; 16      ; Clock enable ; no     ; --                   ; --               ; --                        ;
; ram:U_RAM|ram_block~22125          ; LABCELL_X30_Y32_N48  ; 16      ; Clock enable ; no     ; --                   ; --               ; --                        ;
; ram:U_RAM|ram_block~22126          ; LABCELL_X73_Y47_N42  ; 16      ; Clock enable ; no     ; --                   ; --               ; --                        ;
; ram:U_RAM|ram_block~22127          ; LABCELL_X22_Y47_N24  ; 16      ; Clock enable ; no     ; --                   ; --               ; --                        ;
; ram:U_RAM|ram_block~22128          ; LABCELL_X50_Y37_N39  ; 16      ; Clock enable ; no     ; --                   ; --               ; --                        ;
; ram:U_RAM|ram_block~22129          ; LABCELL_X50_Y33_N21  ; 16      ; Clock enable ; no     ; --                   ; --               ; --                        ;
; ram:U_RAM|ram_block~22130          ; LABCELL_X73_Y47_N57  ; 16      ; Clock enable ; no     ; --                   ; --               ; --                        ;
; ram:U_RAM|ram_block~22131          ; LABCELL_X23_Y47_N51  ; 16      ; Clock enable ; no     ; --                   ; --               ; --                        ;
; ram:U_RAM|ram_block~22132          ; LABCELL_X48_Y46_N30  ; 16      ; Clock enable ; no     ; --                   ; --               ; --                        ;
; ram:U_RAM|ram_block~22133          ; LABCELL_X30_Y32_N3   ; 16      ; Clock enable ; no     ; --                   ; --               ; --                        ;
; ram:U_RAM|ram_block~22134          ; LABCELL_X73_Y47_N48  ; 16      ; Clock enable ; no     ; --                   ; --               ; --                        ;
; ram:U_RAM|ram_block~22135          ; MLABCELL_X25_Y47_N18 ; 16      ; Clock enable ; no     ; --                   ; --               ; --                        ;
; ram:U_RAM|ram_block~22136          ; LABCELL_X48_Y46_N27  ; 16      ; Clock enable ; no     ; --                   ; --               ; --                        ;
; ram:U_RAM|ram_block~22137          ; LABCELL_X30_Y32_N54  ; 16      ; Clock enable ; no     ; --                   ; --               ; --                        ;
; ram:U_RAM|ram_block~22138          ; MLABCELL_X72_Y43_N54 ; 16      ; Clock enable ; no     ; --                   ; --               ; --                        ;
; ram:U_RAM|ram_block~22139          ; MLABCELL_X25_Y47_N21 ; 16      ; Clock enable ; no     ; --                   ; --               ; --                        ;
; ram:U_RAM|ram_block~22140          ; LABCELL_X48_Y46_N21  ; 16      ; Clock enable ; no     ; --                   ; --               ; --                        ;
; ram:U_RAM|ram_block~22141          ; LABCELL_X30_Y32_N15  ; 16      ; Clock enable ; no     ; --                   ; --               ; --                        ;
; ram:U_RAM|ram_block~22142          ; LABCELL_X73_Y47_N3   ; 16      ; Clock enable ; no     ; --                   ; --               ; --                        ;
; ram:U_RAM|ram_block~22143          ; LABCELL_X23_Y47_N30  ; 16      ; Clock enable ; no     ; --                   ; --               ; --                        ;
; ram:U_RAM|ram_block~22144          ; LABCELL_X48_Y46_N48  ; 16      ; Clock enable ; no     ; --                   ; --               ; --                        ;
; ram:U_RAM|ram_block~22145          ; MLABCELL_X52_Y47_N57 ; 16      ; Clock enable ; no     ; --                   ; --               ; --                        ;
; ram:U_RAM|ram_block~22146          ; LABCELL_X60_Y50_N48  ; 16      ; Clock enable ; no     ; --                   ; --               ; --                        ;
; ram:U_RAM|ram_block~22147          ; LABCELL_X23_Y47_N12  ; 16      ; Clock enable ; no     ; --                   ; --               ; --                        ;
; ram:U_RAM|ram_block~22148          ; LABCELL_X48_Y46_N24  ; 16      ; Clock enable ; no     ; --                   ; --               ; --                        ;
; ram:U_RAM|ram_block~22149          ; LABCELL_X30_Y32_N18  ; 16      ; Clock enable ; no     ; --                   ; --               ; --                        ;
; ram:U_RAM|ram_block~22150          ; LABCELL_X73_Y47_N27  ; 16      ; Clock enable ; no     ; --                   ; --               ; --                        ;
; ram:U_RAM|ram_block~22151          ; LABCELL_X23_Y47_N21  ; 16      ; Clock enable ; no     ; --                   ; --               ; --                        ;
; ram:U_RAM|ram_block~22152          ; LABCELL_X43_Y46_N9   ; 16      ; Clock enable ; no     ; --                   ; --               ; --                        ;
; ram:U_RAM|ram_block~22153          ; MLABCELL_X52_Y47_N3  ; 16      ; Clock enable ; no     ; --                   ; --               ; --                        ;
; ram:U_RAM|ram_block~22154          ; LABCELL_X73_Y47_N6   ; 16      ; Clock enable ; no     ; --                   ; --               ; --                        ;
; ram:U_RAM|ram_block~22156          ; LABCELL_X24_Y36_N21  ; 16      ; Clock enable ; no     ; --                   ; --               ; --                        ;
; ram:U_RAM|ram_block~22158          ; MLABCELL_X25_Y22_N9  ; 16      ; Clock enable ; no     ; --                   ; --               ; --                        ;
; ram:U_RAM|ram_block~22160          ; LABCELL_X46_Y34_N42  ; 16      ; Clock enable ; no     ; --                   ; --               ; --                        ;
; ram:U_RAM|ram_block~22162          ; LABCELL_X31_Y21_N18  ; 16      ; Clock enable ; no     ; --                   ; --               ; --                        ;
; ram:U_RAM|ram_block~22163          ; LABCELL_X24_Y36_N48  ; 16      ; Clock enable ; no     ; --                   ; --               ; --                        ;
; ram:U_RAM|ram_block~22164          ; LABCELL_X48_Y46_N3   ; 16      ; Clock enable ; no     ; --                   ; --               ; --                        ;
; ram:U_RAM|ram_block~22165          ; LABCELL_X31_Y36_N27  ; 16      ; Clock enable ; no     ; --                   ; --               ; --                        ;
; ram:U_RAM|ram_block~22166          ; LABCELL_X29_Y21_N51  ; 16      ; Clock enable ; no     ; --                   ; --               ; --                        ;
; ram:U_RAM|ram_block~22167          ; LABCELL_X24_Y36_N36  ; 16      ; Clock enable ; no     ; --                   ; --               ; --                        ;
; ram:U_RAM|ram_block~22168          ; LABCELL_X43_Y34_N3   ; 16      ; Clock enable ; no     ; --                   ; --               ; --                        ;
; ram:U_RAM|ram_block~22169          ; MLABCELL_X47_Y34_N24 ; 16      ; Clock enable ; no     ; --                   ; --               ; --                        ;
; ram:U_RAM|ram_block~22170          ; LABCELL_X29_Y21_N48  ; 16      ; Clock enable ; no     ; --                   ; --               ; --                        ;
; ram:U_RAM|ram_block~22171          ; LABCELL_X31_Y50_N21  ; 16      ; Clock enable ; no     ; --                   ; --               ; --                        ;
; ram:U_RAM|ram_block~22172          ; LABCELL_X43_Y36_N0   ; 16      ; Clock enable ; no     ; --                   ; --               ; --                        ;
; ram:U_RAM|ram_block~22173          ; LABCELL_X33_Y35_N27  ; 16      ; Clock enable ; no     ; --                   ; --               ; --                        ;
; ram:U_RAM|ram_block~22174          ; LABCELL_X29_Y21_N9   ; 16      ; Clock enable ; no     ; --                   ; --               ; --                        ;
; ram:U_RAM|ram_block~22175          ; LABCELL_X24_Y36_N18  ; 16      ; Clock enable ; no     ; --                   ; --               ; --                        ;
; ram:U_RAM|ram_block~22176          ; LABCELL_X27_Y24_N30  ; 16      ; Clock enable ; no     ; --                   ; --               ; --                        ;
; ram:U_RAM|ram_block~22177          ; LABCELL_X31_Y36_N24  ; 16      ; Clock enable ; no     ; --                   ; --               ; --                        ;
; ram:U_RAM|ram_block~22178          ; LABCELL_X29_Y21_N3   ; 16      ; Clock enable ; no     ; --                   ; --               ; --                        ;
; ram:U_RAM|ram_block~22179          ; LABCELL_X23_Y44_N27  ; 16      ; Clock enable ; no     ; --                   ; --               ; --                        ;
; ram:U_RAM|ram_block~22180          ; MLABCELL_X25_Y22_N36 ; 16      ; Clock enable ; no     ; --                   ; --               ; --                        ;
; ram:U_RAM|ram_block~22181          ; LABCELL_X31_Y36_N54  ; 16      ; Clock enable ; no     ; --                   ; --               ; --                        ;
; ram:U_RAM|ram_block~22182          ; LABCELL_X35_Y19_N48  ; 16      ; Clock enable ; no     ; --                   ; --               ; --                        ;
; ram:U_RAM|ram_block~22183          ; LABCELL_X24_Y36_N27  ; 16      ; Clock enable ; no     ; --                   ; --               ; --                        ;
; ram:U_RAM|ram_block~22184          ; LABCELL_X36_Y37_N57  ; 16      ; Clock enable ; no     ; --                   ; --               ; --                        ;
; ram:U_RAM|ram_block~22185          ; LABCELL_X31_Y36_N0   ; 16      ; Clock enable ; no     ; --                   ; --               ; --                        ;
; ram:U_RAM|ram_block~22186          ; LABCELL_X35_Y19_N42  ; 16      ; Clock enable ; no     ; --                   ; --               ; --                        ;
; ram:U_RAM|ram_block~22187          ; LABCELL_X31_Y50_N24  ; 16      ; Clock enable ; no     ; --                   ; --               ; --                        ;
; ram:U_RAM|ram_block~22188          ; MLABCELL_X28_Y40_N42 ; 16      ; Clock enable ; no     ; --                   ; --               ; --                        ;
; ram:U_RAM|ram_block~22189          ; LABCELL_X31_Y36_N3   ; 16      ; Clock enable ; no     ; --                   ; --               ; --                        ;
; ram:U_RAM|ram_block~22190          ; MLABCELL_X52_Y20_N42 ; 16      ; Clock enable ; no     ; --                   ; --               ; --                        ;
; ram:U_RAM|ram_block~22191          ; LABCELL_X24_Y36_N54  ; 16      ; Clock enable ; no     ; --                   ; --               ; --                        ;
; ram:U_RAM|ram_block~22192          ; LABCELL_X29_Y47_N9   ; 16      ; Clock enable ; no     ; --                   ; --               ; --                        ;
; ram:U_RAM|ram_block~22193          ; LABCELL_X31_Y36_N57  ; 16      ; Clock enable ; no     ; --                   ; --               ; --                        ;
; ram:U_RAM|ram_block~22194          ; LABCELL_X29_Y21_N18  ; 16      ; Clock enable ; no     ; --                   ; --               ; --                        ;
; ram:U_RAM|ram_block~22195          ; LABCELL_X24_Y36_N57  ; 16      ; Clock enable ; no     ; --                   ; --               ; --                        ;
; ram:U_RAM|ram_block~22196          ; MLABCELL_X34_Y46_N12 ; 16      ; Clock enable ; no     ; --                   ; --               ; --                        ;
; ram:U_RAM|ram_block~22197          ; LABCELL_X37_Y32_N0   ; 16      ; Clock enable ; no     ; --                   ; --               ; --                        ;
; ram:U_RAM|ram_block~22198          ; LABCELL_X31_Y21_N36  ; 16      ; Clock enable ; no     ; --                   ; --               ; --                        ;
; ram:U_RAM|ram_block~22199          ; LABCELL_X24_Y36_N12  ; 16      ; Clock enable ; no     ; --                   ; --               ; --                        ;
; ram:U_RAM|ram_block~22200          ; LABCELL_X29_Y47_N3   ; 16      ; Clock enable ; no     ; --                   ; --               ; --                        ;
; ram:U_RAM|ram_block~22201          ; LABCELL_X33_Y38_N36  ; 16      ; Clock enable ; no     ; --                   ; --               ; --                        ;
; ram:U_RAM|ram_block~22202          ; LABCELL_X29_Y21_N0   ; 16      ; Clock enable ; no     ; --                   ; --               ; --                        ;
; ram:U_RAM|ram_block~22203          ; LABCELL_X24_Y36_N45  ; 16      ; Clock enable ; no     ; --                   ; --               ; --                        ;
; ram:U_RAM|ram_block~22204          ; LABCELL_X29_Y47_N15  ; 16      ; Clock enable ; no     ; --                   ; --               ; --                        ;
; ram:U_RAM|ram_block~22205          ; LABCELL_X33_Y35_N30  ; 16      ; Clock enable ; no     ; --                   ; --               ; --                        ;
; ram:U_RAM|ram_block~22206          ; LABCELL_X63_Y21_N48  ; 16      ; Clock enable ; no     ; --                   ; --               ; --                        ;
; ram:U_RAM|ram_block~22207          ; LABCELL_X23_Y44_N21  ; 16      ; Clock enable ; no     ; --                   ; --               ; --                        ;
; ram:U_RAM|ram_block~22208          ; LABCELL_X48_Y19_N39  ; 16      ; Clock enable ; no     ; --                   ; --               ; --                        ;
; ram:U_RAM|ram_block~22209          ; LABCELL_X29_Y43_N51  ; 16      ; Clock enable ; no     ; --                   ; --               ; --                        ;
; ram:U_RAM|ram_block~22210          ; LABCELL_X29_Y21_N24  ; 16      ; Clock enable ; no     ; --                   ; --               ; --                        ;
; ram:U_RAM|ram_block~22211          ; LABCELL_X23_Y44_N36  ; 16      ; Clock enable ; no     ; --                   ; --               ; --                        ;
; ram:U_RAM|ram_block~22212          ; LABCELL_X29_Y47_N42  ; 16      ; Clock enable ; no     ; --                   ; --               ; --                        ;
; ram:U_RAM|ram_block~22213          ; LABCELL_X29_Y43_N21  ; 16      ; Clock enable ; no     ; --                   ; --               ; --                        ;
; ram:U_RAM|ram_block~22214          ; LABCELL_X29_Y21_N21  ; 16      ; Clock enable ; no     ; --                   ; --               ; --                        ;
; ram:U_RAM|ram_block~22215          ; LABCELL_X23_Y44_N30  ; 16      ; Clock enable ; no     ; --                   ; --               ; --                        ;
; ram:U_RAM|ram_block~22216          ; LABCELL_X29_Y47_N24  ; 16      ; Clock enable ; no     ; --                   ; --               ; --                        ;
; ram:U_RAM|ram_block~22217          ; MLABCELL_X25_Y48_N33 ; 16      ; Clock enable ; no     ; --                   ; --               ; --                        ;
; ram:U_RAM|ram_block~22218          ; LABCELL_X29_Y21_N30  ; 16      ; Clock enable ; no     ; --                   ; --               ; --                        ;
; ram:U_RAM|ram_block~22219          ; LABCELL_X24_Y36_N9   ; 16      ; Clock enable ; no     ; --                   ; --               ; --                        ;
; ram:U_RAM|ram_block~22220          ; LABCELL_X29_Y47_N30  ; 16      ; Clock enable ; no     ; --                   ; --               ; --                        ;
; ram:U_RAM|ram_block~22221          ; MLABCELL_X25_Y48_N0  ; 16      ; Clock enable ; no     ; --                   ; --               ; --                        ;
; ram:U_RAM|ram_block~22222          ; LABCELL_X29_Y21_N27  ; 16      ; Clock enable ; no     ; --                   ; --               ; --                        ;
; ram:U_RAM|ram_block~22224          ; LABCELL_X31_Y42_N21  ; 16      ; Clock enable ; no     ; --                   ; --               ; --                        ;
; ram:U_RAM|ram_block~22226          ; LABCELL_X22_Y44_N48  ; 16      ; Clock enable ; no     ; --                   ; --               ; --                        ;
; ram:U_RAM|ram_block~22228          ; LABCELL_X33_Y47_N51  ; 16      ; Clock enable ; no     ; --                   ; --               ; --                        ;
; ram:U_RAM|ram_block~22230          ; LABCELL_X55_Y40_N36  ; 16      ; Clock enable ; no     ; --                   ; --               ; --                        ;
; ram:U_RAM|ram_block~22231          ; LABCELL_X33_Y35_N33  ; 16      ; Clock enable ; no     ; --                   ; --               ; --                        ;
; ram:U_RAM|ram_block~22232          ; MLABCELL_X28_Y40_N12 ; 16      ; Clock enable ; no     ; --                   ; --               ; --                        ;
; ram:U_RAM|ram_block~22233          ; LABCELL_X48_Y41_N21  ; 16      ; Clock enable ; no     ; --                   ; --               ; --                        ;
; ram:U_RAM|ram_block~22234          ; MLABCELL_X65_Y30_N30 ; 16      ; Clock enable ; no     ; --                   ; --               ; --                        ;
; ram:U_RAM|ram_block~22235          ; LABCELL_X29_Y29_N15  ; 16      ; Clock enable ; no     ; --                   ; --               ; --                        ;
; ram:U_RAM|ram_block~22236          ; LABCELL_X22_Y44_N30  ; 16      ; Clock enable ; no     ; --                   ; --               ; --                        ;
; ram:U_RAM|ram_block~22237          ; LABCELL_X46_Y42_N3   ; 16      ; Clock enable ; no     ; --                   ; --               ; --                        ;
; ram:U_RAM|ram_block~22238          ; LABCELL_X55_Y40_N24  ; 16      ; Clock enable ; no     ; --                   ; --               ; --                        ;
; ram:U_RAM|ram_block~22239          ; LABCELL_X33_Y31_N57  ; 16      ; Clock enable ; no     ; --                   ; --               ; --                        ;
; ram:U_RAM|ram_block~22240          ; LABCELL_X42_Y44_N24  ; 16      ; Clock enable ; no     ; --                   ; --               ; --                        ;
; ram:U_RAM|ram_block~22241          ; LABCELL_X33_Y47_N45  ; 16      ; Clock enable ; no     ; --                   ; --               ; --                        ;
; ram:U_RAM|ram_block~22242          ; LABCELL_X57_Y37_N12  ; 16      ; Clock enable ; no     ; --                   ; --               ; --                        ;
; ram:U_RAM|ram_block~22243          ; LABCELL_X33_Y31_N54  ; 16      ; Clock enable ; no     ; --                   ; --               ; --                        ;
; ram:U_RAM|ram_block~22244          ; LABCELL_X22_Y44_N51  ; 16      ; Clock enable ; no     ; --                   ; --               ; --                        ;
; ram:U_RAM|ram_block~22245          ; MLABCELL_X34_Y46_N21 ; 16      ; Clock enable ; no     ; --                   ; --               ; --                        ;
; ram:U_RAM|ram_block~22246          ; MLABCELL_X39_Y38_N39 ; 16      ; Clock enable ; no     ; --                   ; --               ; --                        ;
; ram:U_RAM|ram_block~22247          ; LABCELL_X33_Y31_N0   ; 16      ; Clock enable ; no     ; --                   ; --               ; --                        ;
; ram:U_RAM|ram_block~22248          ; LABCELL_X22_Y44_N33  ; 16      ; Clock enable ; no     ; --                   ; --               ; --                        ;
; ram:U_RAM|ram_block~22249          ; LABCELL_X33_Y47_N27  ; 16      ; Clock enable ; no     ; --                   ; --               ; --                        ;
; ram:U_RAM|ram_block~22250          ; MLABCELL_X65_Y30_N39 ; 16      ; Clock enable ; no     ; --                   ; --               ; --                        ;
; ram:U_RAM|ram_block~22251          ; MLABCELL_X34_Y41_N48 ; 16      ; Clock enable ; no     ; --                   ; --               ; --                        ;
; ram:U_RAM|ram_block~22252          ; LABCELL_X22_Y44_N39  ; 16      ; Clock enable ; no     ; --                   ; --               ; --                        ;
; ram:U_RAM|ram_block~22253          ; LABCELL_X33_Y47_N18  ; 16      ; Clock enable ; no     ; --                   ; --               ; --                        ;
; ram:U_RAM|ram_block~22254          ; LABCELL_X55_Y40_N39  ; 16      ; Clock enable ; no     ; --                   ; --               ; --                        ;
; ram:U_RAM|ram_block~22255          ; LABCELL_X31_Y42_N0   ; 16      ; Clock enable ; no     ; --                   ; --               ; --                        ;
; ram:U_RAM|ram_block~22256          ; LABCELL_X22_Y44_N9   ; 16      ; Clock enable ; no     ; --                   ; --               ; --                        ;
; ram:U_RAM|ram_block~22257          ; LABCELL_X33_Y47_N48  ; 16      ; Clock enable ; no     ; --                   ; --               ; --                        ;
; ram:U_RAM|ram_block~22258          ; LABCELL_X55_Y40_N18  ; 16      ; Clock enable ; no     ; --                   ; --               ; --                        ;
; ram:U_RAM|ram_block~22259          ; LABCELL_X33_Y31_N6   ; 16      ; Clock enable ; no     ; --                   ; --               ; --                        ;
; ram:U_RAM|ram_block~22260          ; LABCELL_X22_Y44_N27  ; 16      ; Clock enable ; no     ; --                   ; --               ; --                        ;
; ram:U_RAM|ram_block~22261          ; MLABCELL_X34_Y46_N27 ; 16      ; Clock enable ; no     ; --                   ; --               ; --                        ;
; ram:U_RAM|ram_block~22262          ; LABCELL_X55_Y40_N21  ; 16      ; Clock enable ; no     ; --                   ; --               ; --                        ;
; ram:U_RAM|ram_block~22263          ; MLABCELL_X34_Y36_N54 ; 16      ; Clock enable ; no     ; --                   ; --               ; --                        ;
; ram:U_RAM|ram_block~22264          ; MLABCELL_X28_Y40_N45 ; 16      ; Clock enable ; no     ; --                   ; --               ; --                        ;
; ram:U_RAM|ram_block~22265          ; MLABCELL_X34_Y46_N3  ; 16      ; Clock enable ; no     ; --                   ; --               ; --                        ;
; ram:U_RAM|ram_block~22266          ; MLABCELL_X65_Y30_N18 ; 16      ; Clock enable ; no     ; --                   ; --               ; --                        ;
; ram:U_RAM|ram_block~22267          ; LABCELL_X33_Y31_N9   ; 16      ; Clock enable ; no     ; --                   ; --               ; --                        ;
; ram:U_RAM|ram_block~22268          ; LABCELL_X22_Y44_N42  ; 16      ; Clock enable ; no     ; --                   ; --               ; --                        ;
; ram:U_RAM|ram_block~22269          ; LABCELL_X48_Y31_N9   ; 16      ; Clock enable ; no     ; --                   ; --               ; --                        ;
; ram:U_RAM|ram_block~22270          ; LABCELL_X43_Y40_N24  ; 16      ; Clock enable ; no     ; --                   ; --               ; --                        ;
; ram:U_RAM|ram_block~22271          ; LABCELL_X33_Y31_N12  ; 16      ; Clock enable ; no     ; --                   ; --               ; --                        ;
; ram:U_RAM|ram_block~22272          ; LABCELL_X22_Y42_N12  ; 16      ; Clock enable ; no     ; --                   ; --               ; --                        ;
; ram:U_RAM|ram_block~22273          ; LABCELL_X33_Y47_N21  ; 16      ; Clock enable ; no     ; --                   ; --               ; --                        ;
; ram:U_RAM|ram_block~22274          ; LABCELL_X48_Y33_N57  ; 16      ; Clock enable ; no     ; --                   ; --               ; --                        ;
; ram:U_RAM|ram_block~22275          ; LABCELL_X33_Y35_N18  ; 16      ; Clock enable ; no     ; --                   ; --               ; --                        ;
; ram:U_RAM|ram_block~22276          ; MLABCELL_X28_Y40_N54 ; 16      ; Clock enable ; no     ; --                   ; --               ; --                        ;
; ram:U_RAM|ram_block~22277          ; LABCELL_X33_Y47_N42  ; 16      ; Clock enable ; no     ; --                   ; --               ; --                        ;
; ram:U_RAM|ram_block~22278          ; LABCELL_X55_Y40_N48  ; 16      ; Clock enable ; no     ; --                   ; --               ; --                        ;
; ram:U_RAM|ram_block~22279          ; LABCELL_X33_Y31_N51  ; 16      ; Clock enable ; no     ; --                   ; --               ; --                        ;
; ram:U_RAM|ram_block~22280          ; MLABCELL_X28_Y40_N6  ; 16      ; Clock enable ; no     ; --                   ; --               ; --                        ;
; ram:U_RAM|ram_block~22281          ; LABCELL_X33_Y47_N24  ; 16      ; Clock enable ; no     ; --                   ; --               ; --                        ;
; ram:U_RAM|ram_block~22282          ; LABCELL_X70_Y31_N12  ; 16      ; Clock enable ; no     ; --                   ; --               ; --                        ;
; ram:U_RAM|ram_block~22283          ; MLABCELL_X34_Y32_N48 ; 16      ; Clock enable ; no     ; --                   ; --               ; --                        ;
; ram:U_RAM|ram_block~22284          ; LABCELL_X36_Y43_N54  ; 16      ; Clock enable ; no     ; --                   ; --               ; --                        ;
; ram:U_RAM|ram_block~22285          ; LABCELL_X36_Y43_N39  ; 16      ; Clock enable ; no     ; --                   ; --               ; --                        ;
; ram:U_RAM|ram_block~22286          ; LABCELL_X43_Y40_N45  ; 16      ; Clock enable ; no     ; --                   ; --               ; --                        ;
; ram:U_RAM|ram_block~22287          ; MLABCELL_X34_Y41_N6  ; 16      ; Clock enable ; no     ; --                   ; --               ; --                        ;
; ram:U_RAM|ram_block~22288          ; LABCELL_X22_Y44_N45  ; 16      ; Clock enable ; no     ; --                   ; --               ; --                        ;
; ram:U_RAM|ram_block~22289          ; LABCELL_X33_Y47_N33  ; 16      ; Clock enable ; no     ; --                   ; --               ; --                        ;
; ram:U_RAM|ram_block~22290          ; LABCELL_X55_Y40_N33  ; 16      ; Clock enable ; no     ; --                   ; --               ; --                        ;
; ram:U_RAM|ram_block~22292          ; LABCELL_X24_Y20_N51  ; 16      ; Clock enable ; no     ; --                   ; --               ; --                        ;
; ram:U_RAM|ram_block~22294          ; LABCELL_X33_Y35_N51  ; 16      ; Clock enable ; no     ; --                   ; --               ; --                        ;
; ram:U_RAM|ram_block~22296          ; LABCELL_X29_Y19_N54  ; 16      ; Clock enable ; no     ; --                   ; --               ; --                        ;
; ram:U_RAM|ram_block~22298          ; LABCELL_X33_Y35_N0   ; 16      ; Clock enable ; no     ; --                   ; --               ; --                        ;
; ram:U_RAM|ram_block~22299          ; MLABCELL_X28_Y19_N21 ; 16      ; Clock enable ; no     ; --                   ; --               ; --                        ;
; ram:U_RAM|ram_block~22300          ; MLABCELL_X39_Y20_N6  ; 16      ; Clock enable ; no     ; --                   ; --               ; --                        ;
; ram:U_RAM|ram_block~22301          ; MLABCELL_X28_Y19_N15 ; 16      ; Clock enable ; no     ; --                   ; --               ; --                        ;
; ram:U_RAM|ram_block~22302          ; LABCELL_X31_Y36_N21  ; 16      ; Clock enable ; no     ; --                   ; --               ; --                        ;
; ram:U_RAM|ram_block~22303          ; LABCELL_X24_Y20_N6   ; 16      ; Clock enable ; no     ; --                   ; --               ; --                        ;
; ram:U_RAM|ram_block~22304          ; MLABCELL_X21_Y45_N12 ; 16      ; Clock enable ; no     ; --                   ; --               ; --                        ;
; ram:U_RAM|ram_block~22305          ; LABCELL_X24_Y20_N48  ; 16      ; Clock enable ; no     ; --                   ; --               ; --                        ;
; ram:U_RAM|ram_block~22306          ; LABCELL_X33_Y35_N24  ; 16      ; Clock enable ; no     ; --                   ; --               ; --                        ;
; ram:U_RAM|ram_block~22307          ; LABCELL_X24_Y20_N3   ; 16      ; Clock enable ; no     ; --                   ; --               ; --                        ;
; ram:U_RAM|ram_block~22308          ; MLABCELL_X39_Y20_N15 ; 16      ; Clock enable ; no     ; --                   ; --               ; --                        ;
; ram:U_RAM|ram_block~22309          ; LABCELL_X24_Y20_N18  ; 16      ; Clock enable ; no     ; --                   ; --               ; --                        ;
; ram:U_RAM|ram_block~22310          ; LABCELL_X33_Y35_N45  ; 16      ; Clock enable ; no     ; --                   ; --               ; --                        ;
; ram:U_RAM|ram_block~22311          ; LABCELL_X24_Y20_N45  ; 16      ; Clock enable ; no     ; --                   ; --               ; --                        ;
; ram:U_RAM|ram_block~22312          ; MLABCELL_X39_Y20_N57 ; 16      ; Clock enable ; no     ; --                   ; --               ; --                        ;
; ram:U_RAM|ram_block~22313          ; LABCELL_X29_Y24_N57  ; 16      ; Clock enable ; no     ; --                   ; --               ; --                        ;
; ram:U_RAM|ram_block~22314          ; LABCELL_X33_Y35_N36  ; 16      ; Clock enable ; no     ; --                   ; --               ; --                        ;
; ram:U_RAM|ram_block~22315          ; MLABCELL_X25_Y20_N54 ; 16      ; Clock enable ; no     ; --                   ; --               ; --                        ;
; ram:U_RAM|ram_block~22316          ; MLABCELL_X39_Y20_N0  ; 16      ; Clock enable ; no     ; --                   ; --               ; --                        ;
; ram:U_RAM|ram_block~22317          ; LABCELL_X29_Y19_N27  ; 16      ; Clock enable ; no     ; --                   ; --               ; --                        ;
; ram:U_RAM|ram_block~22318          ; LABCELL_X33_Y31_N21  ; 16      ; Clock enable ; no     ; --                   ; --               ; --                        ;
; ram:U_RAM|ram_block~22319          ; LABCELL_X24_Y20_N15  ; 16      ; Clock enable ; no     ; --                   ; --               ; --                        ;
; ram:U_RAM|ram_block~22320          ; MLABCELL_X39_Y20_N36 ; 16      ; Clock enable ; no     ; --                   ; --               ; --                        ;
; ram:U_RAM|ram_block~22321          ; LABCELL_X24_Y20_N9   ; 16      ; Clock enable ; no     ; --                   ; --               ; --                        ;
; ram:U_RAM|ram_block~22322          ; LABCELL_X29_Y30_N54  ; 16      ; Clock enable ; no     ; --                   ; --               ; --                        ;
; ram:U_RAM|ram_block~22323          ; LABCELL_X24_Y20_N54  ; 16      ; Clock enable ; no     ; --                   ; --               ; --                        ;
; ram:U_RAM|ram_block~22324          ; MLABCELL_X39_Y20_N42 ; 16      ; Clock enable ; no     ; --                   ; --               ; --                        ;
; ram:U_RAM|ram_block~22325          ; LABCELL_X24_Y20_N42  ; 16      ; Clock enable ; no     ; --                   ; --               ; --                        ;
; ram:U_RAM|ram_block~22326          ; LABCELL_X33_Y35_N21  ; 16      ; Clock enable ; no     ; --                   ; --               ; --                        ;
; ram:U_RAM|ram_block~22327          ; LABCELL_X24_Y20_N39  ; 16      ; Clock enable ; no     ; --                   ; --               ; --                        ;
; ram:U_RAM|ram_block~22328          ; MLABCELL_X39_Y20_N3  ; 16      ; Clock enable ; no     ; --                   ; --               ; --                        ;
; ram:U_RAM|ram_block~22329          ; LABCELL_X29_Y19_N21  ; 16      ; Clock enable ; no     ; --                   ; --               ; --                        ;
; ram:U_RAM|ram_block~22330          ; MLABCELL_X34_Y36_N3  ; 16      ; Clock enable ; no     ; --                   ; --               ; --                        ;
; ram:U_RAM|ram_block~22331          ; LABCELL_X24_Y20_N12  ; 16      ; Clock enable ; no     ; --                   ; --               ; --                        ;
; ram:U_RAM|ram_block~22332          ; MLABCELL_X39_Y20_N12 ; 16      ; Clock enable ; no     ; --                   ; --               ; --                        ;
; ram:U_RAM|ram_block~22333          ; MLABCELL_X25_Y22_N45 ; 16      ; Clock enable ; no     ; --                   ; --               ; --                        ;
; ram:U_RAM|ram_block~22334          ; LABCELL_X33_Y35_N48  ; 16      ; Clock enable ; no     ; --                   ; --               ; --                        ;
; ram:U_RAM|ram_block~22335          ; LABCELL_X27_Y21_N27  ; 16      ; Clock enable ; no     ; --                   ; --               ; --                        ;
; ram:U_RAM|ram_block~22336          ; MLABCELL_X39_Y20_N51 ; 16      ; Clock enable ; no     ; --                   ; --               ; --                        ;
; ram:U_RAM|ram_block~22337          ; MLABCELL_X28_Y19_N24 ; 16      ; Clock enable ; no     ; --                   ; --               ; --                        ;
; ram:U_RAM|ram_block~22338          ; LABCELL_X33_Y31_N30  ; 16      ; Clock enable ; no     ; --                   ; --               ; --                        ;
; ram:U_RAM|ram_block~22339          ; LABCELL_X24_Y20_N24  ; 16      ; Clock enable ; no     ; --                   ; --               ; --                        ;
; ram:U_RAM|ram_block~22340          ; MLABCELL_X39_Y20_N54 ; 16      ; Clock enable ; no     ; --                   ; --               ; --                        ;
; ram:U_RAM|ram_block~22341          ; LABCELL_X24_Y21_N48  ; 16      ; Clock enable ; no     ; --                   ; --               ; --                        ;
; ram:U_RAM|ram_block~22342          ; LABCELL_X33_Y35_N57  ; 16      ; Clock enable ; no     ; --                   ; --               ; --                        ;
; ram:U_RAM|ram_block~22343          ; LABCELL_X24_Y20_N27  ; 16      ; Clock enable ; no     ; --                   ; --               ; --                        ;
; ram:U_RAM|ram_block~22344          ; LABCELL_X33_Y35_N39  ; 16      ; Clock enable ; no     ; --                   ; --               ; --                        ;
; ram:U_RAM|ram_block~22345          ; MLABCELL_X28_Y19_N57 ; 16      ; Clock enable ; no     ; --                   ; --               ; --                        ;
; ram:U_RAM|ram_block~22346          ; LABCELL_X33_Y35_N6   ; 16      ; Clock enable ; no     ; --                   ; --               ; --                        ;
; ram:U_RAM|ram_block~22347          ; LABCELL_X24_Y20_N33  ; 16      ; Clock enable ; no     ; --                   ; --               ; --                        ;
; ram:U_RAM|ram_block~22348          ; LABCELL_X33_Y35_N15  ; 16      ; Clock enable ; no     ; --                   ; --               ; --                        ;
; ram:U_RAM|ram_block~22349          ; MLABCELL_X25_Y19_N30 ; 16      ; Clock enable ; no     ; --                   ; --               ; --                        ;
; ram:U_RAM|ram_block~22350          ; LABCELL_X33_Y35_N3   ; 16      ; Clock enable ; no     ; --                   ; --               ; --                        ;
; ram:U_RAM|ram_block~22351          ; MLABCELL_X25_Y30_N15 ; 16      ; Clock enable ; no     ; --                   ; --               ; --                        ;
; ram:U_RAM|ram_block~22352          ; MLABCELL_X25_Y30_N42 ; 16      ; Clock enable ; no     ; --                   ; --               ; --                        ;
; ram:U_RAM|ram_block~22353          ; MLABCELL_X28_Y19_N42 ; 16      ; Clock enable ; no     ; --                   ; --               ; --                        ;
; ram:U_RAM|ram_block~22354          ; MLABCELL_X25_Y30_N45 ; 16      ; Clock enable ; no     ; --                   ; --               ; --                        ;
; ram:U_RAM|ram_block~22355          ; MLABCELL_X28_Y23_N39 ; 16      ; Clock enable ; no     ; --                   ; --               ; --                        ;
; ram:U_RAM|ram_block~22356          ; MLABCELL_X39_Y20_N18 ; 16      ; Clock enable ; no     ; --                   ; --               ; --                        ;
; ram:U_RAM|ram_block~22357          ; MLABCELL_X28_Y19_N0  ; 16      ; Clock enable ; no     ; --                   ; --               ; --                        ;
; ram:U_RAM|ram_block~22358          ; MLABCELL_X25_Y26_N57 ; 16      ; Clock enable ; no     ; --                   ; --               ; --                        ;
; ram:U_RAM|ram_block~22360          ; LABCELL_X23_Y45_N9   ; 16      ; Clock enable ; no     ; --                   ; --               ; --                        ;
; ram:U_RAM|ram_block~22362          ; LABCELL_X35_Y42_N3   ; 16      ; Clock enable ; no     ; --                   ; --               ; --                        ;
; ram:U_RAM|ram_block~22364          ; LABCELL_X29_Y44_N15  ; 16      ; Clock enable ; no     ; --                   ; --               ; --                        ;
; ram:U_RAM|ram_block~22366          ; LABCELL_X77_Y43_N0   ; 16      ; Clock enable ; no     ; --                   ; --               ; --                        ;
; ram:U_RAM|ram_block~22367          ; LABCELL_X22_Y43_N51  ; 16      ; Clock enable ; no     ; --                   ; --               ; --                        ;
; ram:U_RAM|ram_block~22368          ; LABCELL_X35_Y42_N51  ; 16      ; Clock enable ; no     ; --                   ; --               ; --                        ;
; ram:U_RAM|ram_block~22369          ; LABCELL_X23_Y47_N27  ; 16      ; Clock enable ; no     ; --                   ; --               ; --                        ;
; ram:U_RAM|ram_block~22370          ; LABCELL_X74_Y35_N9   ; 16      ; Clock enable ; no     ; --                   ; --               ; --                        ;
; ram:U_RAM|ram_block~22371          ; LABCELL_X22_Y44_N15  ; 16      ; Clock enable ; no     ; --                   ; --               ; --                        ;
; ram:U_RAM|ram_block~22372          ; LABCELL_X43_Y42_N18  ; 16      ; Clock enable ; no     ; --                   ; --               ; --                        ;
; ram:U_RAM|ram_block~22373          ; MLABCELL_X34_Y45_N21 ; 16      ; Clock enable ; no     ; --                   ; --               ; --                        ;
; ram:U_RAM|ram_block~22374          ; LABCELL_X68_Y35_N42  ; 16      ; Clock enable ; no     ; --                   ; --               ; --                        ;
; ram:U_RAM|ram_block~22375          ; LABCELL_X23_Y47_N39  ; 16      ; Clock enable ; no     ; --                   ; --               ; --                        ;
; ram:U_RAM|ram_block~22376          ; LABCELL_X35_Y42_N33  ; 16      ; Clock enable ; no     ; --                   ; --               ; --                        ;
; ram:U_RAM|ram_block~22377          ; LABCELL_X23_Y47_N45  ; 16      ; Clock enable ; no     ; --                   ; --               ; --                        ;
; ram:U_RAM|ram_block~22378          ; LABCELL_X77_Y43_N6   ; 16      ; Clock enable ; no     ; --                   ; --               ; --                        ;
; ram:U_RAM|ram_block~22379          ; LABCELL_X22_Y44_N12  ; 16      ; Clock enable ; no     ; --                   ; --               ; --                        ;
; ram:U_RAM|ram_block~22380          ; LABCELL_X43_Y42_N33  ; 16      ; Clock enable ; no     ; --                   ; --               ; --                        ;
; ram:U_RAM|ram_block~22381          ; LABCELL_X40_Y47_N24  ; 16      ; Clock enable ; no     ; --                   ; --               ; --                        ;
; ram:U_RAM|ram_block~22382          ; LABCELL_X77_Y43_N48  ; 16      ; Clock enable ; no     ; --                   ; --               ; --                        ;
; ram:U_RAM|ram_block~22383          ; LABCELL_X23_Y44_N48  ; 16      ; Clock enable ; no     ; --                   ; --               ; --                        ;
; ram:U_RAM|ram_block~22384          ; LABCELL_X35_Y42_N9   ; 16      ; Clock enable ; no     ; --                   ; --               ; --                        ;
; ram:U_RAM|ram_block~22385          ; LABCELL_X27_Y47_N18  ; 16      ; Clock enable ; no     ; --                   ; --               ; --                        ;
; ram:U_RAM|ram_block~22386          ; LABCELL_X77_Y43_N30  ; 16      ; Clock enable ; no     ; --                   ; --               ; --                        ;
; ram:U_RAM|ram_block~22387          ; LABCELL_X22_Y44_N0   ; 16      ; Clock enable ; no     ; --                   ; --               ; --                        ;
; ram:U_RAM|ram_block~22388          ; LABCELL_X43_Y42_N12  ; 16      ; Clock enable ; no     ; --                   ; --               ; --                        ;
; ram:U_RAM|ram_block~22389          ; MLABCELL_X28_Y47_N15 ; 16      ; Clock enable ; no     ; --                   ; --               ; --                        ;
; ram:U_RAM|ram_block~22390          ; LABCELL_X77_Y43_N9   ; 16      ; Clock enable ; no     ; --                   ; --               ; --                        ;
; ram:U_RAM|ram_block~22391          ; LABCELL_X23_Y44_N9   ; 16      ; Clock enable ; no     ; --                   ; --               ; --                        ;
; ram:U_RAM|ram_block~22392          ; LABCELL_X35_Y42_N42  ; 16      ; Clock enable ; no     ; --                   ; --               ; --                        ;
; ram:U_RAM|ram_block~22393          ; LABCELL_X27_Y45_N9   ; 16      ; Clock enable ; no     ; --                   ; --               ; --                        ;
; ram:U_RAM|ram_block~22394          ; LABCELL_X68_Y35_N15  ; 16      ; Clock enable ; no     ; --                   ; --               ; --                        ;
; ram:U_RAM|ram_block~22395          ; LABCELL_X22_Y47_N42  ; 16      ; Clock enable ; no     ; --                   ; --               ; --                        ;
; ram:U_RAM|ram_block~22396          ; LABCELL_X35_Y42_N45  ; 16      ; Clock enable ; no     ; --                   ; --               ; --                        ;
; ram:U_RAM|ram_block~22397          ; LABCELL_X27_Y47_N39  ; 16      ; Clock enable ; no     ; --                   ; --               ; --                        ;
; ram:U_RAM|ram_block~22398          ; LABCELL_X77_Y43_N27  ; 16      ; Clock enable ; no     ; --                   ; --               ; --                        ;
; ram:U_RAM|ram_block~22399          ; LABCELL_X22_Y43_N48  ; 16      ; Clock enable ; no     ; --                   ; --               ; --                        ;
; ram:U_RAM|ram_block~22400          ; LABCELL_X35_Y42_N27  ; 16      ; Clock enable ; no     ; --                   ; --               ; --                        ;
; ram:U_RAM|ram_block~22401          ; MLABCELL_X25_Y47_N9  ; 16      ; Clock enable ; no     ; --                   ; --               ; --                        ;
; ram:U_RAM|ram_block~22402          ; LABCELL_X71_Y40_N24  ; 16      ; Clock enable ; no     ; --                   ; --               ; --                        ;
; ram:U_RAM|ram_block~22403          ; LABCELL_X22_Y44_N57  ; 16      ; Clock enable ; no     ; --                   ; --               ; --                        ;
; ram:U_RAM|ram_block~22404          ; LABCELL_X35_Y42_N39  ; 16      ; Clock enable ; no     ; --                   ; --               ; --                        ;
; ram:U_RAM|ram_block~22405          ; LABCELL_X27_Y47_N57  ; 16      ; Clock enable ; no     ; --                   ; --               ; --                        ;
; ram:U_RAM|ram_block~22406          ; LABCELL_X77_Y43_N33  ; 16      ; Clock enable ; no     ; --                   ; --               ; --                        ;
; ram:U_RAM|ram_block~22407          ; LABCELL_X23_Y44_N3   ; 16      ; Clock enable ; no     ; --                   ; --               ; --                        ;
; ram:U_RAM|ram_block~22408          ; LABCELL_X35_Y42_N57  ; 16      ; Clock enable ; no     ; --                   ; --               ; --                        ;
; ram:U_RAM|ram_block~22409          ; MLABCELL_X25_Y47_N3  ; 16      ; Clock enable ; no     ; --                   ; --               ; --                        ;
; ram:U_RAM|ram_block~22410          ; MLABCELL_X72_Y43_N27 ; 16      ; Clock enable ; no     ; --                   ; --               ; --                        ;
; ram:U_RAM|ram_block~22411          ; LABCELL_X22_Y43_N21  ; 16      ; Clock enable ; no     ; --                   ; --               ; --                        ;
; ram:U_RAM|ram_block~22412          ; LABCELL_X35_Y42_N21  ; 16      ; Clock enable ; no     ; --                   ; --               ; --                        ;
; ram:U_RAM|ram_block~22413          ; LABCELL_X40_Y47_N57  ; 16      ; Clock enable ; no     ; --                   ; --               ; --                        ;
; ram:U_RAM|ram_block~22414          ; LABCELL_X77_Y43_N24  ; 16      ; Clock enable ; no     ; --                   ; --               ; --                        ;
; ram:U_RAM|ram_block~22415          ; LABCELL_X23_Y44_N42  ; 16      ; Clock enable ; no     ; --                   ; --               ; --                        ;
; ram:U_RAM|ram_block~22416          ; LABCELL_X35_Y42_N12  ; 16      ; Clock enable ; no     ; --                   ; --               ; --                        ;
; ram:U_RAM|ram_block~22417          ; MLABCELL_X28_Y47_N6  ; 16      ; Clock enable ; no     ; --                   ; --               ; --                        ;
; ram:U_RAM|ram_block~22418          ; LABCELL_X74_Y41_N30  ; 16      ; Clock enable ; no     ; --                   ; --               ; --                        ;
; ram:U_RAM|ram_block~22419          ; LABCELL_X23_Y44_N57  ; 16      ; Clock enable ; no     ; --                   ; --               ; --                        ;
; ram:U_RAM|ram_block~22420          ; LABCELL_X43_Y42_N21  ; 16      ; Clock enable ; no     ; --                   ; --               ; --                        ;
; ram:U_RAM|ram_block~22421          ; MLABCELL_X25_Y47_N0  ; 16      ; Clock enable ; no     ; --                   ; --               ; --                        ;
; ram:U_RAM|ram_block~22422          ; LABCELL_X71_Y40_N57  ; 16      ; Clock enable ; no     ; --                   ; --               ; --                        ;
; ram:U_RAM|ram_block~22423          ; LABCELL_X22_Y43_N12  ; 16      ; Clock enable ; no     ; --                   ; --               ; --                        ;
; ram:U_RAM|ram_block~22424          ; LABCELL_X35_Y42_N0   ; 16      ; Clock enable ; no     ; --                   ; --               ; --                        ;
; ram:U_RAM|ram_block~22425          ; LABCELL_X27_Y47_N12  ; 16      ; Clock enable ; no     ; --                   ; --               ; --                        ;
; ram:U_RAM|ram_block~22426          ; LABCELL_X77_Y43_N45  ; 16      ; Clock enable ; no     ; --                   ; --               ; --                        ;
; ram:U_RAM|ram_block~22428          ; MLABCELL_X39_Y22_N24 ; 16      ; Clock enable ; no     ; --                   ; --               ; --                        ;
; ram:U_RAM|ram_block~22430          ; LABCELL_X43_Y21_N57  ; 16      ; Clock enable ; no     ; --                   ; --               ; --                        ;
; ram:U_RAM|ram_block~22432          ; LABCELL_X64_Y19_N51  ; 16      ; Clock enable ; no     ; --                   ; --               ; --                        ;
; ram:U_RAM|ram_block~22434          ; MLABCELL_X34_Y20_N39 ; 16      ; Clock enable ; no     ; --                   ; --               ; --                        ;
; ram:U_RAM|ram_block~22436          ; LABCELL_X33_Y22_N12  ; 16      ; Clock enable ; no     ; --                   ; --               ; --                        ;
; ram:U_RAM|ram_block~22438          ; MLABCELL_X34_Y32_N21 ; 16      ; Clock enable ; no     ; --                   ; --               ; --                        ;
; ram:U_RAM|ram_block~22440          ; LABCELL_X63_Y21_N57  ; 16      ; Clock enable ; no     ; --                   ; --               ; --                        ;
; ram:U_RAM|ram_block~22442          ; LABCELL_X63_Y24_N54  ; 16      ; Clock enable ; no     ; --                   ; --               ; --                        ;
; ram:U_RAM|ram_block~22444          ; LABCELL_X64_Y27_N9   ; 16      ; Clock enable ; no     ; --                   ; --               ; --                        ;
; ram:U_RAM|ram_block~22446          ; LABCELL_X66_Y34_N6   ; 16      ; Clock enable ; no     ; --                   ; --               ; --                        ;
; ram:U_RAM|ram_block~22448          ; LABCELL_X73_Y19_N39  ; 16      ; Clock enable ; no     ; --                   ; --               ; --                        ;
; ram:U_RAM|ram_block~22450          ; LABCELL_X77_Y31_N57  ; 16      ; Clock enable ; no     ; --                   ; --               ; --                        ;
; ram:U_RAM|ram_block~22452          ; LABCELL_X31_Y19_N33  ; 16      ; Clock enable ; no     ; --                   ; --               ; --                        ;
; ram:U_RAM|ram_block~22454          ; LABCELL_X73_Y34_N48  ; 16      ; Clock enable ; no     ; --                   ; --               ; --                        ;
; ram:U_RAM|ram_block~22456          ; LABCELL_X66_Y22_N57  ; 16      ; Clock enable ; no     ; --                   ; --               ; --                        ;
; ram:U_RAM|ram_block~22458          ; LABCELL_X64_Y36_N42  ; 16      ; Clock enable ; no     ; --                   ; --               ; --                        ;
; ram:U_RAM|ram_block~22459          ; LABCELL_X37_Y22_N21  ; 16      ; Clock enable ; no     ; --                   ; --               ; --                        ;
; ram:U_RAM|ram_block~22460          ; MLABCELL_X28_Y23_N30 ; 16      ; Clock enable ; no     ; --                   ; --               ; --                        ;
; ram:U_RAM|ram_block~22461          ; LABCELL_X64_Y19_N30  ; 16      ; Clock enable ; no     ; --                   ; --               ; --                        ;
; ram:U_RAM|ram_block~22462          ; LABCELL_X35_Y24_N6   ; 16      ; Clock enable ; no     ; --                   ; --               ; --                        ;
; ram:U_RAM|ram_block~22463          ; MLABCELL_X28_Y19_N51 ; 16      ; Clock enable ; no     ; --                   ; --               ; --                        ;
; ram:U_RAM|ram_block~22464          ; LABCELL_X27_Y27_N27  ; 16      ; Clock enable ; no     ; --                   ; --               ; --                        ;
; ram:U_RAM|ram_block~22465          ; LABCELL_X63_Y21_N27  ; 16      ; Clock enable ; no     ; --                   ; --               ; --                        ;
; ram:U_RAM|ram_block~22466          ; MLABCELL_X65_Y19_N18 ; 16      ; Clock enable ; no     ; --                   ; --               ; --                        ;
; ram:U_RAM|ram_block~22467          ; LABCELL_X45_Y34_N3   ; 16      ; Clock enable ; no     ; --                   ; --               ; --                        ;
; ram:U_RAM|ram_block~22468          ; LABCELL_X67_Y34_N3   ; 16      ; Clock enable ; no     ; --                   ; --               ; --                        ;
; ram:U_RAM|ram_block~22469          ; LABCELL_X73_Y19_N9   ; 16      ; Clock enable ; no     ; --                   ; --               ; --                        ;
; ram:U_RAM|ram_block~22470          ; LABCELL_X68_Y34_N42  ; 16      ; Clock enable ; no     ; --                   ; --               ; --                        ;
; ram:U_RAM|ram_block~22471          ; LABCELL_X31_Y19_N9   ; 16      ; Clock enable ; no     ; --                   ; --               ; --                        ;
; ram:U_RAM|ram_block~22472          ; LABCELL_X63_Y36_N0   ; 16      ; Clock enable ; no     ; --                   ; --               ; --                        ;
; ram:U_RAM|ram_block~22473          ; LABCELL_X66_Y22_N24  ; 16      ; Clock enable ; no     ; --                   ; --               ; --                        ;
; ram:U_RAM|ram_block~22474          ; LABCELL_X73_Y32_N42  ; 16      ; Clock enable ; no     ; --                   ; --               ; --                        ;
; ram:U_RAM|ram_block~22475          ; LABCELL_X40_Y20_N18  ; 16      ; Clock enable ; no     ; --                   ; --               ; --                        ;
; ram:U_RAM|ram_block~22476          ; LABCELL_X37_Y23_N9   ; 16      ; Clock enable ; no     ; --                   ; --               ; --                        ;
; ram:U_RAM|ram_block~22477          ; LABCELL_X64_Y19_N27  ; 16      ; Clock enable ; no     ; --                   ; --               ; --                        ;
; ram:U_RAM|ram_block~22478          ; LABCELL_X48_Y24_N54  ; 16      ; Clock enable ; no     ; --                   ; --               ; --                        ;
; ram:U_RAM|ram_block~22479          ; LABCELL_X31_Y21_N21  ; 16      ; Clock enable ; no     ; --                   ; --               ; --                        ;
; ram:U_RAM|ram_block~22480          ; LABCELL_X27_Y24_N3   ; 16      ; Clock enable ; no     ; --                   ; --               ; --                        ;
; ram:U_RAM|ram_block~22481          ; LABCELL_X63_Y21_N24  ; 16      ; Clock enable ; no     ; --                   ; --               ; --                        ;
; ram:U_RAM|ram_block~22482          ; LABCELL_X64_Y26_N45  ; 16      ; Clock enable ; no     ; --                   ; --               ; --                        ;
; ram:U_RAM|ram_block~22483          ; LABCELL_X64_Y25_N12  ; 16      ; Clock enable ; no     ; --                   ; --               ; --                        ;
; ram:U_RAM|ram_block~22484          ; LABCELL_X67_Y34_N30  ; 16      ; Clock enable ; no     ; --                   ; --               ; --                        ;
; ram:U_RAM|ram_block~22485          ; LABCELL_X73_Y19_N3   ; 16      ; Clock enable ; no     ; --                   ; --               ; --                        ;
; ram:U_RAM|ram_block~22486          ; MLABCELL_X78_Y34_N54 ; 16      ; Clock enable ; no     ; --                   ; --               ; --                        ;
; ram:U_RAM|ram_block~22487          ; LABCELL_X31_Y19_N0   ; 16      ; Clock enable ; no     ; --                   ; --               ; --                        ;
; ram:U_RAM|ram_block~22488          ; LABCELL_X73_Y30_N42  ; 16      ; Clock enable ; no     ; --                   ; --               ; --                        ;
; ram:U_RAM|ram_block~22489          ; LABCELL_X66_Y22_N21  ; 16      ; Clock enable ; no     ; --                   ; --               ; --                        ;
; ram:U_RAM|ram_block~22490          ; LABCELL_X73_Y32_N0   ; 16      ; Clock enable ; no     ; --                   ; --               ; --                        ;
; ram:U_RAM|ram_block~22491          ; LABCELL_X40_Y20_N27  ; 16      ; Clock enable ; no     ; --                   ; --               ; --                        ;
; ram:U_RAM|ram_block~22492          ; MLABCELL_X39_Y22_N3  ; 16      ; Clock enable ; no     ; --                   ; --               ; --                        ;
; ram:U_RAM|ram_block~22493          ; LABCELL_X64_Y19_N33  ; 16      ; Clock enable ; no     ; --                   ; --               ; --                        ;
; ram:U_RAM|ram_block~22494          ; LABCELL_X37_Y22_N48  ; 16      ; Clock enable ; no     ; --                   ; --               ; --                        ;
; ram:U_RAM|ram_block~22495          ; LABCELL_X35_Y21_N21  ; 16      ; Clock enable ; no     ; --                   ; --               ; --                        ;
; ram:U_RAM|ram_block~22496          ; LABCELL_X36_Y27_N36  ; 16      ; Clock enable ; no     ; --                   ; --               ; --                        ;
; ram:U_RAM|ram_block~22497          ; LABCELL_X63_Y21_N21  ; 16      ; Clock enable ; no     ; --                   ; --               ; --                        ;
; ram:U_RAM|ram_block~22498          ; MLABCELL_X65_Y19_N51 ; 16      ; Clock enable ; no     ; --                   ; --               ; --                        ;
; ram:U_RAM|ram_block~22499          ; MLABCELL_X39_Y38_N9  ; 16      ; Clock enable ; no     ; --                   ; --               ; --                        ;
; ram:U_RAM|ram_block~22500          ; LABCELL_X66_Y34_N39  ; 16      ; Clock enable ; no     ; --                   ; --               ; --                        ;
; ram:U_RAM|ram_block~22501          ; LABCELL_X73_Y19_N6   ; 16      ; Clock enable ; no     ; --                   ; --               ; --                        ;
; ram:U_RAM|ram_block~22502          ; MLABCELL_X78_Y34_N27 ; 16      ; Clock enable ; no     ; --                   ; --               ; --                        ;
; ram:U_RAM|ram_block~22503          ; LABCELL_X31_Y19_N57  ; 16      ; Clock enable ; no     ; --                   ; --               ; --                        ;
; ram:U_RAM|ram_block~22504          ; LABCELL_X73_Y30_N15  ; 16      ; Clock enable ; no     ; --                   ; --               ; --                        ;
; ram:U_RAM|ram_block~22505          ; LABCELL_X66_Y22_N12  ; 16      ; Clock enable ; no     ; --                   ; --               ; --                        ;
; ram:U_RAM|ram_block~22506          ; LABCELL_X73_Y32_N54  ; 16      ; Clock enable ; no     ; --                   ; --               ; --                        ;
; ram:U_RAM|ram_block~22507          ; LABCELL_X40_Y20_N30  ; 16      ; Clock enable ; no     ; --                   ; --               ; --                        ;
; ram:U_RAM|ram_block~22508          ; LABCELL_X27_Y21_N30  ; 16      ; Clock enable ; no     ; --                   ; --               ; --                        ;
; ram:U_RAM|ram_block~22509          ; MLABCELL_X65_Y20_N18 ; 16      ; Clock enable ; no     ; --                   ; --               ; --                        ;
; ram:U_RAM|ram_block~22510          ; LABCELL_X45_Y23_N3   ; 16      ; Clock enable ; no     ; --                   ; --               ; --                        ;
; ram:U_RAM|ram_block~22511          ; MLABCELL_X39_Y20_N45 ; 16      ; Clock enable ; no     ; --                   ; --               ; --                        ;
; ram:U_RAM|ram_block~22512          ; LABCELL_X27_Y24_N54  ; 16      ; Clock enable ; no     ; --                   ; --               ; --                        ;
; ram:U_RAM|ram_block~22513          ; LABCELL_X63_Y21_N18  ; 16      ; Clock enable ; no     ; --                   ; --               ; --                        ;
; ram:U_RAM|ram_block~22514          ; LABCELL_X45_Y23_N42  ; 16      ; Clock enable ; no     ; --                   ; --               ; --                        ;
; ram:U_RAM|ram_block~22515          ; MLABCELL_X39_Y38_N36 ; 16      ; Clock enable ; no     ; --                   ; --               ; --                        ;
; ram:U_RAM|ram_block~22516          ; LABCELL_X67_Y34_N45  ; 16      ; Clock enable ; no     ; --                   ; --               ; --                        ;
; ram:U_RAM|ram_block~22517          ; LABCELL_X66_Y35_N21  ; 16      ; Clock enable ; no     ; --                   ; --               ; --                        ;
; ram:U_RAM|ram_block~22518          ; LABCELL_X79_Y34_N57  ; 16      ; Clock enable ; no     ; --                   ; --               ; --                        ;
; ram:U_RAM|ram_block~22519          ; LABCELL_X31_Y19_N48  ; 16      ; Clock enable ; no     ; --                   ; --               ; --                        ;
; ram:U_RAM|ram_block~22520          ; LABCELL_X73_Y34_N33  ; 16      ; Clock enable ; no     ; --                   ; --               ; --                        ;
; ram:U_RAM|ram_block~22521          ; LABCELL_X66_Y22_N42  ; 16      ; Clock enable ; no     ; --                   ; --               ; --                        ;
; ram:U_RAM|ram_block~22522          ; LABCELL_X73_Y32_N45  ; 16      ; Clock enable ; no     ; --                   ; --               ; --                        ;
; ram:U_RAM|ram_block~22523          ; LABCELL_X46_Y23_N42  ; 16      ; Clock enable ; no     ; --                   ; --               ; --                        ;
; ram:U_RAM|ram_block~22524          ; MLABCELL_X39_Y19_N45 ; 16      ; Clock enable ; no     ; --                   ; --               ; --                        ;
; ram:U_RAM|ram_block~22525          ; LABCELL_X64_Y19_N15  ; 16      ; Clock enable ; no     ; --                   ; --               ; --                        ;
; ram:U_RAM|ram_block~22526          ; LABCELL_X23_Y20_N12  ; 16      ; Clock enable ; no     ; --                   ; --               ; --                        ;
; ram:U_RAM|ram_block~22527          ; LABCELL_X29_Y19_N0   ; 16      ; Clock enable ; no     ; --                   ; --               ; --                        ;
; ram:U_RAM|ram_block~22528          ; LABCELL_X33_Y31_N3   ; 16      ; Clock enable ; no     ; --                   ; --               ; --                        ;
; ram:U_RAM|ram_block~22529          ; LABCELL_X63_Y21_N0   ; 16      ; Clock enable ; no     ; --                   ; --               ; --                        ;
; ram:U_RAM|ram_block~22530          ; LABCELL_X45_Y23_N51  ; 16      ; Clock enable ; no     ; --                   ; --               ; --                        ;
; ram:U_RAM|ram_block~22531          ; MLABCELL_X39_Y38_N3  ; 16      ; Clock enable ; no     ; --                   ; --               ; --                        ;
; ram:U_RAM|ram_block~22532          ; LABCELL_X66_Y34_N27  ; 16      ; Clock enable ; no     ; --                   ; --               ; --                        ;
; ram:U_RAM|ram_block~22533          ; LABCELL_X73_Y19_N36  ; 16      ; Clock enable ; no     ; --                   ; --               ; --                        ;
; ram:U_RAM|ram_block~22534          ; LABCELL_X73_Y30_N54  ; 16      ; Clock enable ; no     ; --                   ; --               ; --                        ;
; ram:U_RAM|ram_block~22535          ; LABCELL_X31_Y19_N15  ; 16      ; Clock enable ; no     ; --                   ; --               ; --                        ;
; ram:U_RAM|ram_block~22536          ; LABCELL_X71_Y31_N57  ; 16      ; Clock enable ; no     ; --                   ; --               ; --                        ;
; ram:U_RAM|ram_block~22537          ; LABCELL_X66_Y22_N27  ; 16      ; Clock enable ; no     ; --                   ; --               ; --                        ;
; ram:U_RAM|ram_block~22538          ; LABCELL_X73_Y32_N39  ; 16      ; Clock enable ; no     ; --                   ; --               ; --                        ;
; ram:U_RAM|ram_block~22539          ; LABCELL_X43_Y22_N9   ; 16      ; Clock enable ; no     ; --                   ; --               ; --                        ;
; ram:U_RAM|ram_block~22540          ; LABCELL_X42_Y20_N27  ; 16      ; Clock enable ; no     ; --                   ; --               ; --                        ;
; ram:U_RAM|ram_block~22541          ; LABCELL_X66_Y20_N30  ; 16      ; Clock enable ; no     ; --                   ; --               ; --                        ;
; ram:U_RAM|ram_block~22542          ; LABCELL_X43_Y22_N36  ; 16      ; Clock enable ; no     ; --                   ; --               ; --                        ;
; ram:U_RAM|ram_block~22543          ; LABCELL_X29_Y19_N45  ; 16      ; Clock enable ; no     ; --                   ; --               ; --                        ;
; ram:U_RAM|ram_block~22544          ; LABCELL_X27_Y24_N24  ; 16      ; Clock enable ; no     ; --                   ; --               ; --                        ;
; ram:U_RAM|ram_block~22545          ; MLABCELL_X59_Y20_N54 ; 16      ; Clock enable ; no     ; --                   ; --               ; --                        ;
; ram:U_RAM|ram_block~22546          ; MLABCELL_X65_Y19_N48 ; 16      ; Clock enable ; no     ; --                   ; --               ; --                        ;
; ram:U_RAM|ram_block~22547          ; MLABCELL_X39_Y38_N48 ; 16      ; Clock enable ; no     ; --                   ; --               ; --                        ;
; ram:U_RAM|ram_block~22548          ; LABCELL_X66_Y20_N3   ; 16      ; Clock enable ; no     ; --                   ; --               ; --                        ;
; ram:U_RAM|ram_block~22549          ; LABCELL_X73_Y19_N12  ; 16      ; Clock enable ; no     ; --                   ; --               ; --                        ;
; ram:U_RAM|ram_block~22550          ; LABCELL_X79_Y34_N3   ; 16      ; Clock enable ; no     ; --                   ; --               ; --                        ;
; ram:U_RAM|ram_block~22551          ; LABCELL_X31_Y19_N36  ; 16      ; Clock enable ; no     ; --                   ; --               ; --                        ;
; ram:U_RAM|ram_block~22552          ; LABCELL_X61_Y30_N36  ; 16      ; Clock enable ; no     ; --                   ; --               ; --                        ;
; ram:U_RAM|ram_block~22553          ; LABCELL_X66_Y22_N15  ; 16      ; Clock enable ; no     ; --                   ; --               ; --                        ;
; ram:U_RAM|ram_block~22554          ; LABCELL_X75_Y32_N24  ; 16      ; Clock enable ; no     ; --                   ; --               ; --                        ;
; ram:U_RAM|ram_block~22555          ; LABCELL_X46_Y22_N0   ; 16      ; Clock enable ; no     ; --                   ; --               ; --                        ;
; ram:U_RAM|ram_block~22556          ; LABCELL_X31_Y19_N3   ; 16      ; Clock enable ; no     ; --                   ; --               ; --                        ;
; ram:U_RAM|ram_block~22557          ; MLABCELL_X39_Y38_N57 ; 16      ; Clock enable ; no     ; --                   ; --               ; --                        ;
; ram:U_RAM|ram_block~22558          ; LABCELL_X31_Y19_N54  ; 16      ; Clock enable ; no     ; --                   ; --               ; --                        ;
; ram:U_RAM|ram_block~22559          ; LABCELL_X42_Y20_N54  ; 16      ; Clock enable ; no     ; --                   ; --               ; --                        ;
; ram:U_RAM|ram_block~22560          ; MLABCELL_X25_Y24_N36 ; 16      ; Clock enable ; no     ; --                   ; --               ; --                        ;
; ram:U_RAM|ram_block~22561          ; LABCELL_X68_Y34_N24  ; 16      ; Clock enable ; no     ; --                   ; --               ; --                        ;
; ram:U_RAM|ram_block~22562          ; LABCELL_X61_Y30_N33  ; 16      ; Clock enable ; no     ; --                   ; --               ; --                        ;
; ram:U_RAM|ram_block~22563          ; LABCELL_X63_Y20_N12  ; 16      ; Clock enable ; no     ; --                   ; --               ; --                        ;
; ram:U_RAM|ram_block~22564          ; LABCELL_X64_Y20_N12  ; 16      ; Clock enable ; no     ; --                   ; --               ; --                        ;
; ram:U_RAM|ram_block~22565          ; LABCELL_X73_Y19_N21  ; 16      ; Clock enable ; no     ; --                   ; --               ; --                        ;
; ram:U_RAM|ram_block~22566          ; LABCELL_X64_Y20_N54  ; 16      ; Clock enable ; no     ; --                   ; --               ; --                        ;
; ram:U_RAM|ram_block~22567          ; MLABCELL_X34_Y20_N30 ; 16      ; Clock enable ; no     ; --                   ; --               ; --                        ;
; ram:U_RAM|ram_block~22568          ; LABCELL_X45_Y23_N57  ; 16      ; Clock enable ; no     ; --                   ; --               ; --                        ;
; ram:U_RAM|ram_block~22569          ; LABCELL_X70_Y31_N54  ; 16      ; Clock enable ; no     ; --                   ; --               ; --                        ;
; ram:U_RAM|ram_block~22570          ; MLABCELL_X65_Y36_N24 ; 16      ; Clock enable ; no     ; --                   ; --               ; --                        ;
; ram:U_RAM|ram_block~22571          ; LABCELL_X40_Y20_N3   ; 16      ; Clock enable ; no     ; --                   ; --               ; --                        ;
; ram:U_RAM|ram_block~22572          ; LABCELL_X43_Y21_N18  ; 16      ; Clock enable ; no     ; --                   ; --               ; --                        ;
; ram:U_RAM|ram_block~22573          ; MLABCELL_X65_Y20_N21 ; 16      ; Clock enable ; no     ; --                   ; --               ; --                        ;
; ram:U_RAM|ram_block~22574          ; LABCELL_X48_Y24_N21  ; 16      ; Clock enable ; no     ; --                   ; --               ; --                        ;
; ram:U_RAM|ram_block~22575          ; LABCELL_X29_Y19_N15  ; 16      ; Clock enable ; no     ; --                   ; --               ; --                        ;
; ram:U_RAM|ram_block~22576          ; LABCELL_X30_Y27_N36  ; 16      ; Clock enable ; no     ; --                   ; --               ; --                        ;
; ram:U_RAM|ram_block~22577          ; LABCELL_X63_Y21_N54  ; 16      ; Clock enable ; no     ; --                   ; --               ; --                        ;
; ram:U_RAM|ram_block~22578          ; MLABCELL_X65_Y19_N42 ; 16      ; Clock enable ; no     ; --                   ; --               ; --                        ;
; ram:U_RAM|ram_block~22579          ; MLABCELL_X39_Y38_N54 ; 16      ; Clock enable ; no     ; --                   ; --               ; --                        ;
; ram:U_RAM|ram_block~22580          ; LABCELL_X66_Y34_N18  ; 16      ; Clock enable ; no     ; --                   ; --               ; --                        ;
; ram:U_RAM|ram_block~22581          ; LABCELL_X73_Y19_N18  ; 16      ; Clock enable ; no     ; --                   ; --               ; --                        ;
; ram:U_RAM|ram_block~22582          ; MLABCELL_X78_Y34_N51 ; 16      ; Clock enable ; no     ; --                   ; --               ; --                        ;
; ram:U_RAM|ram_block~22583          ; LABCELL_X31_Y19_N42  ; 16      ; Clock enable ; no     ; --                   ; --               ; --                        ;
; ram:U_RAM|ram_block~22584          ; LABCELL_X73_Y34_N15  ; 16      ; Clock enable ; no     ; --                   ; --               ; --                        ;
; ram:U_RAM|ram_block~22585          ; LABCELL_X66_Y22_N54  ; 16      ; Clock enable ; no     ; --                   ; --               ; --                        ;
; ram:U_RAM|ram_block~22586          ; LABCELL_X68_Y35_N27  ; 16      ; Clock enable ; no     ; --                   ; --               ; --                        ;
; ram:U_RAM|ram_block~22587          ; LABCELL_X42_Y20_N36  ; 16      ; Clock enable ; no     ; --                   ; --               ; --                        ;
; ram:U_RAM|ram_block~22588          ; LABCELL_X31_Y21_N9   ; 16      ; Clock enable ; no     ; --                   ; --               ; --                        ;
; ram:U_RAM|ram_block~22589          ; MLABCELL_X39_Y38_N42 ; 16      ; Clock enable ; no     ; --                   ; --               ; --                        ;
; ram:U_RAM|ram_block~22590          ; MLABCELL_X52_Y20_N27 ; 16      ; Clock enable ; no     ; --                   ; --               ; --                        ;
; ram:U_RAM|ram_block~22591          ; LABCELL_X42_Y20_N0   ; 16      ; Clock enable ; no     ; --                   ; --               ; --                        ;
; ram:U_RAM|ram_block~22592          ; LABCELL_X27_Y24_N57  ; 16      ; Clock enable ; no     ; --                   ; --               ; --                        ;
; ram:U_RAM|ram_block~22593          ; LABCELL_X68_Y34_N33  ; 16      ; Clock enable ; no     ; --                   ; --               ; --                        ;
; ram:U_RAM|ram_block~22594          ; LABCELL_X63_Y36_N21  ; 16      ; Clock enable ; no     ; --                   ; --               ; --                        ;
; ram:U_RAM|ram_block~22595          ; LABCELL_X63_Y20_N54  ; 16      ; Clock enable ; no     ; --                   ; --               ; --                        ;
; ram:U_RAM|ram_block~22596          ; LABCELL_X64_Y20_N18  ; 16      ; Clock enable ; no     ; --                   ; --               ; --                        ;
; ram:U_RAM|ram_block~22597          ; LABCELL_X73_Y19_N27  ; 16      ; Clock enable ; no     ; --                   ; --               ; --                        ;
; ram:U_RAM|ram_block~22598          ; LABCELL_X62_Y25_N36  ; 16      ; Clock enable ; no     ; --                   ; --               ; --                        ;
; ram:U_RAM|ram_block~22599          ; MLABCELL_X34_Y20_N24 ; 16      ; Clock enable ; no     ; --                   ; --               ; --                        ;
; ram:U_RAM|ram_block~22600          ; LABCELL_X45_Y23_N6   ; 16      ; Clock enable ; no     ; --                   ; --               ; --                        ;
; ram:U_RAM|ram_block~22601          ; MLABCELL_X78_Y34_N21 ; 16      ; Clock enable ; no     ; --                   ; --               ; --                        ;
; ram:U_RAM|ram_block~22602          ; LABCELL_X71_Y36_N30  ; 16      ; Clock enable ; no     ; --                   ; --               ; --                        ;
; ram:U_RAM|ram_block~22603          ; LABCELL_X56_Y23_N51  ; 16      ; Clock enable ; no     ; --                   ; --               ; --                        ;
; ram:U_RAM|ram_block~22604          ; LABCELL_X27_Y21_N15  ; 16      ; Clock enable ; no     ; --                   ; --               ; --                        ;
; ram:U_RAM|ram_block~22605          ; LABCELL_X63_Y20_N30  ; 16      ; Clock enable ; no     ; --                   ; --               ; --                        ;
; ram:U_RAM|ram_block~22606          ; MLABCELL_X34_Y20_N6  ; 16      ; Clock enable ; no     ; --                   ; --               ; --                        ;
; ram:U_RAM|ram_block~22607          ; MLABCELL_X28_Y19_N33 ; 16      ; Clock enable ; no     ; --                   ; --               ; --                        ;
; ram:U_RAM|ram_block~22608          ; MLABCELL_X34_Y32_N33 ; 16      ; Clock enable ; no     ; --                   ; --               ; --                        ;
; ram:U_RAM|ram_block~22609          ; LABCELL_X63_Y21_N30  ; 16      ; Clock enable ; no     ; --                   ; --               ; --                        ;
; ram:U_RAM|ram_block~22610          ; MLABCELL_X65_Y19_N27 ; 16      ; Clock enable ; no     ; --                   ; --               ; --                        ;
; ram:U_RAM|ram_block~22611          ; LABCELL_X45_Y34_N0   ; 16      ; Clock enable ; no     ; --                   ; --               ; --                        ;
; ram:U_RAM|ram_block~22612          ; LABCELL_X67_Y34_N42  ; 16      ; Clock enable ; no     ; --                   ; --               ; --                        ;
; ram:U_RAM|ram_block~22613          ; LABCELL_X73_Y19_N45  ; 16      ; Clock enable ; no     ; --                   ; --               ; --                        ;
; ram:U_RAM|ram_block~22614          ; LABCELL_X79_Y34_N21  ; 16      ; Clock enable ; no     ; --                   ; --               ; --                        ;
; ram:U_RAM|ram_block~22615          ; LABCELL_X31_Y19_N30  ; 16      ; Clock enable ; no     ; --                   ; --               ; --                        ;
; ram:U_RAM|ram_block~22616          ; LABCELL_X68_Y30_N36  ; 16      ; Clock enable ; no     ; --                   ; --               ; --                        ;
; ram:U_RAM|ram_block~22617          ; LABCELL_X66_Y22_N48  ; 16      ; Clock enable ; no     ; --                   ; --               ; --                        ;
; ram:U_RAM|ram_block~22618          ; LABCELL_X73_Y32_N3   ; 16      ; Clock enable ; no     ; --                   ; --               ; --                        ;
; ram:U_RAM|ram_block~22619          ; MLABCELL_X39_Y19_N39 ; 16      ; Clock enable ; no     ; --                   ; --               ; --                        ;
; ram:U_RAM|ram_block~22620          ; LABCELL_X29_Y19_N12  ; 16      ; Clock enable ; no     ; --                   ; --               ; --                        ;
; ram:U_RAM|ram_block~22621          ; LABCELL_X45_Y34_N45  ; 16      ; Clock enable ; no     ; --                   ; --               ; --                        ;
; ram:U_RAM|ram_block~22622          ; LABCELL_X31_Y19_N51  ; 16      ; Clock enable ; no     ; --                   ; --               ; --                        ;
; ram:U_RAM|ram_block~22623          ; LABCELL_X27_Y21_N6   ; 16      ; Clock enable ; no     ; --                   ; --               ; --                        ;
; ram:U_RAM|ram_block~22624          ; MLABCELL_X34_Y32_N24 ; 16      ; Clock enable ; no     ; --                   ; --               ; --                        ;
; ram:U_RAM|ram_block~22625          ; LABCELL_X67_Y34_N39  ; 16      ; Clock enable ; no     ; --                   ; --               ; --                        ;
; ram:U_RAM|ram_block~22626          ; LABCELL_X73_Y34_N42  ; 16      ; Clock enable ; no     ; --                   ; --               ; --                        ;
; ram:U_RAM|ram_block~22627          ; MLABCELL_X65_Y20_N36 ; 16      ; Clock enable ; no     ; --                   ; --               ; --                        ;
; ram:U_RAM|ram_block~22628          ; LABCELL_X63_Y21_N45  ; 16      ; Clock enable ; no     ; --                   ; --               ; --                        ;
; ram:U_RAM|ram_block~22629          ; LABCELL_X73_Y19_N54  ; 16      ; Clock enable ; no     ; --                   ; --               ; --                        ;
; ram:U_RAM|ram_block~22630          ; LABCELL_X66_Y22_N3   ; 16      ; Clock enable ; no     ; --                   ; --               ; --                        ;
; ram:U_RAM|ram_block~22631          ; MLABCELL_X34_Y20_N3  ; 16      ; Clock enable ; no     ; --                   ; --               ; --                        ;
; ram:U_RAM|ram_block~22632          ; LABCELL_X48_Y26_N33  ; 16      ; Clock enable ; no     ; --                   ; --               ; --                        ;
; ram:U_RAM|ram_block~22633          ; MLABCELL_X78_Y34_N3  ; 16      ; Clock enable ; no     ; --                   ; --               ; --                        ;
; ram:U_RAM|ram_block~22634          ; LABCELL_X73_Y32_N9   ; 16      ; Clock enable ; no     ; --                   ; --               ; --                        ;
; ram:U_RAM|ram_block~22635          ; LABCELL_X55_Y23_N27  ; 16      ; Clock enable ; no     ; --                   ; --               ; --                        ;
; ram:U_RAM|ram_block~22636          ; MLABCELL_X28_Y19_N36 ; 16      ; Clock enable ; no     ; --                   ; --               ; --                        ;
; ram:U_RAM|ram_block~22637          ; LABCELL_X64_Y19_N54  ; 16      ; Clock enable ; no     ; --                   ; --               ; --                        ;
; ram:U_RAM|ram_block~22638          ; MLABCELL_X34_Y20_N51 ; 16      ; Clock enable ; no     ; --                   ; --               ; --                        ;
; ram:U_RAM|ram_block~22639          ; LABCELL_X29_Y21_N54  ; 16      ; Clock enable ; no     ; --                   ; --               ; --                        ;
; ram:U_RAM|ram_block~22640          ; MLABCELL_X34_Y32_N51 ; 16      ; Clock enable ; no     ; --                   ; --               ; --                        ;
; ram:U_RAM|ram_block~22641          ; LABCELL_X63_Y21_N42  ; 16      ; Clock enable ; no     ; --                   ; --               ; --                        ;
; ram:U_RAM|ram_block~22642          ; LABCELL_X64_Y22_N30  ; 16      ; Clock enable ; no     ; --                   ; --               ; --                        ;
; ram:U_RAM|ram_block~22643          ; MLABCELL_X39_Y38_N24 ; 16      ; Clock enable ; no     ; --                   ; --               ; --                        ;
; ram:U_RAM|ram_block~22644          ; LABCELL_X67_Y34_N0   ; 16      ; Clock enable ; no     ; --                   ; --               ; --                        ;
; ram:U_RAM|ram_block~22645          ; LABCELL_X73_Y19_N24  ; 16      ; Clock enable ; no     ; --                   ; --               ; --                        ;
; ram:U_RAM|ram_block~22646          ; MLABCELL_X78_Y34_N57 ; 16      ; Clock enable ; no     ; --                   ; --               ; --                        ;
; ram:U_RAM|ram_block~22647          ; LABCELL_X31_Y19_N24  ; 16      ; Clock enable ; no     ; --                   ; --               ; --                        ;
; ram:U_RAM|ram_block~22648          ; LABCELL_X73_Y34_N30  ; 16      ; Clock enable ; no     ; --                   ; --               ; --                        ;
; ram:U_RAM|ram_block~22649          ; LABCELL_X63_Y23_N33  ; 16      ; Clock enable ; no     ; --                   ; --               ; --                        ;
; ram:U_RAM|ram_block~22650          ; MLABCELL_X72_Y35_N3  ; 16      ; Clock enable ; no     ; --                   ; --               ; --                        ;
; ram:U_RAM|ram_block~22651          ; LABCELL_X40_Y20_N9   ; 16      ; Clock enable ; no     ; --                   ; --               ; --                        ;
; ram:U_RAM|ram_block~22652          ; MLABCELL_X39_Y22_N48 ; 16      ; Clock enable ; no     ; --                   ; --               ; --                        ;
; ram:U_RAM|ram_block~22653          ; LABCELL_X64_Y27_N30  ; 16      ; Clock enable ; no     ; --                   ; --               ; --                        ;
; ram:U_RAM|ram_block~22654          ; LABCELL_X31_Y19_N18  ; 16      ; Clock enable ; no     ; --                   ; --               ; --                        ;
; ram:U_RAM|ram_block~22655          ; MLABCELL_X39_Y22_N6  ; 16      ; Clock enable ; no     ; --                   ; --               ; --                        ;
; ram:U_RAM|ram_block~22656          ; LABCELL_X27_Y24_N0   ; 16      ; Clock enable ; no     ; --                   ; --               ; --                        ;
; ram:U_RAM|ram_block~22657          ; LABCELL_X66_Y34_N48  ; 16      ; Clock enable ; no     ; --                   ; --               ; --                        ;
; ram:U_RAM|ram_block~22658          ; MLABCELL_X59_Y32_N12 ; 16      ; Clock enable ; no     ; --                   ; --               ; --                        ;
; ram:U_RAM|ram_block~22659          ; LABCELL_X64_Y19_N24  ; 16      ; Clock enable ; no     ; --                   ; --               ; --                        ;
; ram:U_RAM|ram_block~22660          ; LABCELL_X63_Y21_N39  ; 16      ; Clock enable ; no     ; --                   ; --               ; --                        ;
; ram:U_RAM|ram_block~22661          ; LABCELL_X73_Y19_N15  ; 16      ; Clock enable ; no     ; --                   ; --               ; --                        ;
; ram:U_RAM|ram_block~22662          ; LABCELL_X66_Y22_N33  ; 16      ; Clock enable ; no     ; --                   ; --               ; --                        ;
; ram:U_RAM|ram_block~22663          ; LABCELL_X43_Y22_N48  ; 16      ; Clock enable ; no     ; --                   ; --               ; --                        ;
; ram:U_RAM|ram_block~22664          ; MLABCELL_X65_Y19_N21 ; 16      ; Clock enable ; no     ; --                   ; --               ; --                        ;
; ram:U_RAM|ram_block~22665          ; MLABCELL_X78_Y34_N39 ; 16      ; Clock enable ; no     ; --                   ; --               ; --                        ;
; ram:U_RAM|ram_block~22666          ; MLABCELL_X72_Y35_N9  ; 16      ; Clock enable ; no     ; --                   ; --               ; --                        ;
; ram:U_RAM|ram_block~22667          ; LABCELL_X53_Y19_N48  ; 16      ; Clock enable ; no     ; --                   ; --               ; --                        ;
; ram:U_RAM|ram_block~22668          ; LABCELL_X42_Y20_N33  ; 16      ; Clock enable ; no     ; --                   ; --               ; --                        ;
; ram:U_RAM|ram_block~22669          ; LABCELL_X64_Y19_N18  ; 16      ; Clock enable ; no     ; --                   ; --               ; --                        ;
; ram:U_RAM|ram_block~22670          ; LABCELL_X48_Y24_N45  ; 16      ; Clock enable ; no     ; --                   ; --               ; --                        ;
; ram:U_RAM|ram_block~22671          ; LABCELL_X29_Y19_N3   ; 16      ; Clock enable ; no     ; --                   ; --               ; --                        ;
; ram:U_RAM|ram_block~22672          ; MLABCELL_X34_Y32_N39 ; 16      ; Clock enable ; no     ; --                   ; --               ; --                        ;
; ram:U_RAM|ram_block~22673          ; LABCELL_X63_Y21_N12  ; 16      ; Clock enable ; no     ; --                   ; --               ; --                        ;
; ram:U_RAM|ram_block~22674          ; LABCELL_X45_Y23_N27  ; 16      ; Clock enable ; no     ; --                   ; --               ; --                        ;
; ram:U_RAM|ram_block~22675          ; MLABCELL_X39_Y38_N30 ; 16      ; Clock enable ; no     ; --                   ; --               ; --                        ;
; ram:U_RAM|ram_block~22676          ; LABCELL_X67_Y34_N27  ; 16      ; Clock enable ; no     ; --                   ; --               ; --                        ;
; ram:U_RAM|ram_block~22677          ; LABCELL_X62_Y25_N15  ; 16      ; Clock enable ; no     ; --                   ; --               ; --                        ;
; ram:U_RAM|ram_block~22678          ; LABCELL_X79_Y34_N54  ; 16      ; Clock enable ; no     ; --                   ; --               ; --                        ;
; ram:U_RAM|ram_block~22679          ; LABCELL_X42_Y20_N48  ; 16      ; Clock enable ; no     ; --                   ; --               ; --                        ;
; ram:U_RAM|ram_block~22680          ; LABCELL_X64_Y30_N18  ; 16      ; Clock enable ; no     ; --                   ; --               ; --                        ;
; ram:U_RAM|ram_block~22681          ; LABCELL_X62_Y25_N48  ; 16      ; Clock enable ; no     ; --                   ; --               ; --                        ;
; ram:U_RAM|ram_block~22682          ; LABCELL_X73_Y32_N48  ; 16      ; Clock enable ; no     ; --                   ; --               ; --                        ;
; ram:U_RAM|ram_block~22683          ; LABCELL_X56_Y23_N30  ; 16      ; Clock enable ; no     ; --                   ; --               ; --                        ;
; ram:U_RAM|ram_block~22684          ; LABCELL_X37_Y22_N42  ; 16      ; Clock enable ; no     ; --                   ; --               ; --                        ;
; ram:U_RAM|ram_block~22685          ; LABCELL_X42_Y36_N12  ; 16      ; Clock enable ; no     ; --                   ; --               ; --                        ;
; ram:U_RAM|ram_block~22686          ; LABCELL_X31_Y19_N21  ; 16      ; Clock enable ; no     ; --                   ; --               ; --                        ;
; ram:U_RAM|ram_block~22687          ; LABCELL_X27_Y21_N36  ; 16      ; Clock enable ; no     ; --                   ; --               ; --                        ;
; ram:U_RAM|ram_block~22688          ; MLABCELL_X34_Y32_N54 ; 16      ; Clock enable ; no     ; --                   ; --               ; --                        ;
; ram:U_RAM|ram_block~22689          ; LABCELL_X68_Y34_N30  ; 16      ; Clock enable ; no     ; --                   ; --               ; --                        ;
; ram:U_RAM|ram_block~22690          ; LABCELL_X73_Y34_N12  ; 16      ; Clock enable ; no     ; --                   ; --               ; --                        ;
; ram:U_RAM|ram_block~22691          ; LABCELL_X64_Y19_N57  ; 16      ; Clock enable ; no     ; --                   ; --               ; --                        ;
; ram:U_RAM|ram_block~22692          ; LABCELL_X64_Y20_N57  ; 16      ; Clock enable ; no     ; --                   ; --               ; --                        ;
; ram:U_RAM|ram_block~22693          ; LABCELL_X62_Y25_N39  ; 16      ; Clock enable ; no     ; --                   ; --               ; --                        ;
; ram:U_RAM|ram_block~22694          ; LABCELL_X66_Y22_N45  ; 16      ; Clock enable ; no     ; --                   ; --               ; --                        ;
; ram:U_RAM|ram_block~22695          ; LABCELL_X37_Y22_N0   ; 16      ; Clock enable ; no     ; --                   ; --               ; --                        ;
; ram:U_RAM|ram_block~22696          ; LABCELL_X64_Y26_N36  ; 16      ; Clock enable ; no     ; --                   ; --               ; --                        ;
; ram:U_RAM|ram_block~22697          ; MLABCELL_X78_Y34_N45 ; 16      ; Clock enable ; no     ; --                   ; --               ; --                        ;
; ram:U_RAM|ram_block~22698          ; LABCELL_X73_Y32_N12  ; 16      ; Clock enable ; no     ; --                   ; --               ; --                        ;
; ram:U_RAM|ram_block~22700          ; LABCELL_X43_Y21_N9   ; 16      ; Clock enable ; no     ; --                   ; --               ; --                        ;
; ram:U_RAM|ram_block~22702          ; LABCELL_X71_Y19_N12  ; 16      ; Clock enable ; no     ; --                   ; --               ; --                        ;
; ram:U_RAM|ram_block~22704          ; LABCELL_X57_Y19_N9   ; 16      ; Clock enable ; no     ; --                   ; --               ; --                        ;
; ram:U_RAM|ram_block~22706          ; MLABCELL_X25_Y22_N3  ; 16      ; Clock enable ; no     ; --                   ; --               ; --                        ;
; ram:U_RAM|ram_block~22708          ; LABCELL_X63_Y22_N6   ; 16      ; Clock enable ; no     ; --                   ; --               ; --                        ;
; ram:U_RAM|ram_block~22710          ; LABCELL_X56_Y39_N45  ; 16      ; Clock enable ; no     ; --                   ; --               ; --                        ;
; ram:U_RAM|ram_block~22712          ; LABCELL_X68_Y19_N24  ; 16      ; Clock enable ; no     ; --                   ; --               ; --                        ;
; ram:U_RAM|ram_block~22714          ; LABCELL_X71_Y30_N39  ; 16      ; Clock enable ; no     ; --                   ; --               ; --                        ;
; ram:U_RAM|ram_block~22716          ; LABCELL_X66_Y34_N33  ; 16      ; Clock enable ; no     ; --                   ; --               ; --                        ;
; ram:U_RAM|ram_block~22718          ; LABCELL_X68_Y45_N42  ; 16      ; Clock enable ; no     ; --                   ; --               ; --                        ;
; ram:U_RAM|ram_block~22720          ; LABCELL_X79_Y37_N24  ; 16      ; Clock enable ; no     ; --                   ; --               ; --                        ;
; ram:U_RAM|ram_block~22722          ; MLABCELL_X78_Y33_N36 ; 16      ; Clock enable ; no     ; --                   ; --               ; --                        ;
; ram:U_RAM|ram_block~22724          ; MLABCELL_X65_Y36_N42 ; 16      ; Clock enable ; no     ; --                   ; --               ; --                        ;
; ram:U_RAM|ram_block~22726          ; LABCELL_X64_Y46_N51  ; 16      ; Clock enable ; no     ; --                   ; --               ; --                        ;
; ram:U_RAM|ram_block~22728          ; MLABCELL_X65_Y36_N54 ; 16      ; Clock enable ; no     ; --                   ; --               ; --                        ;
; ram:U_RAM|ram_block~22730          ; LABCELL_X79_Y34_N39  ; 16      ; Clock enable ; no     ; --                   ; --               ; --                        ;
; ram:U_RAM|ram_block~22731          ; LABCELL_X27_Y22_N6   ; 16      ; Clock enable ; no     ; --                   ; --               ; --                        ;
; ram:U_RAM|ram_block~22732          ; LABCELL_X63_Y22_N30  ; 16      ; Clock enable ; no     ; --                   ; --               ; --                        ;
; ram:U_RAM|ram_block~22733          ; LABCELL_X67_Y34_N36  ; 16      ; Clock enable ; no     ; --                   ; --               ; --                        ;
; ram:U_RAM|ram_block~22734          ; LABCELL_X66_Y35_N30  ; 16      ; Clock enable ; no     ; --                   ; --               ; --                        ;
; ram:U_RAM|ram_block~22735          ; MLABCELL_X39_Y40_N39 ; 16      ; Clock enable ; no     ; --                   ; --               ; --                        ;
; ram:U_RAM|ram_block~22736          ; LABCELL_X62_Y47_N54  ; 16      ; Clock enable ; no     ; --                   ; --               ; --                        ;
; ram:U_RAM|ram_block~22737          ; LABCELL_X68_Y45_N21  ; 16      ; Clock enable ; no     ; --                   ; --               ; --                        ;
; ram:U_RAM|ram_block~22738          ; LABCELL_X64_Y46_N45  ; 16      ; Clock enable ; no     ; --                   ; --               ; --                        ;
; ram:U_RAM|ram_block~22739          ; MLABCELL_X39_Y19_N21 ; 16      ; Clock enable ; no     ; --                   ; --               ; --                        ;
; ram:U_RAM|ram_block~22740          ; LABCELL_X68_Y19_N54  ; 16      ; Clock enable ; no     ; --                   ; --               ; --                        ;
; ram:U_RAM|ram_block~22741          ; LABCELL_X79_Y42_N51  ; 16      ; Clock enable ; no     ; --                   ; --               ; --                        ;
; ram:U_RAM|ram_block~22742          ; MLABCELL_X65_Y36_N27 ; 16      ; Clock enable ; no     ; --                   ; --               ; --                        ;
; ram:U_RAM|ram_block~22743          ; LABCELL_X35_Y24_N36  ; 16      ; Clock enable ; no     ; --                   ; --               ; --                        ;
; ram:U_RAM|ram_block~22744          ; LABCELL_X71_Y36_N27  ; 16      ; Clock enable ; no     ; --                   ; --               ; --                        ;
; ram:U_RAM|ram_block~22745          ; LABCELL_X77_Y30_N39  ; 16      ; Clock enable ; no     ; --                   ; --               ; --                        ;
; ram:U_RAM|ram_block~22746          ; LABCELL_X79_Y34_N9   ; 16      ; Clock enable ; no     ; --                   ; --               ; --                        ;
; ram:U_RAM|ram_block~22747          ; LABCELL_X31_Y19_N27  ; 16      ; Clock enable ; no     ; --                   ; --               ; --                        ;
; ram:U_RAM|ram_block~22748          ; LABCELL_X29_Y29_N24  ; 16      ; Clock enable ; no     ; --                   ; --               ; --                        ;
; ram:U_RAM|ram_block~22749          ; LABCELL_X40_Y20_N12  ; 16      ; Clock enable ; no     ; --                   ; --               ; --                        ;
; ram:U_RAM|ram_block~22750          ; LABCELL_X27_Y25_N36  ; 16      ; Clock enable ; no     ; --                   ; --               ; --                        ;
; ram:U_RAM|ram_block~22751          ; LABCELL_X63_Y23_N3   ; 16      ; Clock enable ; no     ; --                   ; --               ; --                        ;
; ram:U_RAM|ram_block~22752          ; LABCELL_X30_Y47_N54  ; 16      ; Clock enable ; no     ; --                   ; --               ; --                        ;
; ram:U_RAM|ram_block~22753          ; LABCELL_X68_Y19_N36  ; 16      ; Clock enable ; no     ; --                   ; --               ; --                        ;
; ram:U_RAM|ram_block~22754          ; LABCELL_X71_Y36_N33  ; 16      ; Clock enable ; no     ; --                   ; --               ; --                        ;
; ram:U_RAM|ram_block~22755          ; LABCELL_X66_Y34_N9   ; 16      ; Clock enable ; no     ; --                   ; --               ; --                        ;
; ram:U_RAM|ram_block~22756          ; LABCELL_X68_Y45_N6   ; 16      ; Clock enable ; no     ; --                   ; --               ; --                        ;
; ram:U_RAM|ram_block~22757          ; LABCELL_X63_Y23_N42  ; 16      ; Clock enable ; no     ; --                   ; --               ; --                        ;
; ram:U_RAM|ram_block~22758          ; MLABCELL_X78_Y33_N57 ; 16      ; Clock enable ; no     ; --                   ; --               ; --                        ;
; ram:U_RAM|ram_block~22759          ; LABCELL_X66_Y34_N3   ; 16      ; Clock enable ; no     ; --                   ; --               ; --                        ;
; ram:U_RAM|ram_block~22760          ; MLABCELL_X59_Y31_N24 ; 16      ; Clock enable ; no     ; --                   ; --               ; --                        ;
; ram:U_RAM|ram_block~22761          ; MLABCELL_X65_Y35_N57 ; 16      ; Clock enable ; no     ; --                   ; --               ; --                        ;
; ram:U_RAM|ram_block~22762          ; MLABCELL_X78_Y34_N12 ; 16      ; Clock enable ; no     ; --                   ; --               ; --                        ;
; ram:U_RAM|ram_block~22763          ; LABCELL_X31_Y21_N0   ; 16      ; Clock enable ; no     ; --                   ; --               ; --                        ;
; ram:U_RAM|ram_block~22764          ; LABCELL_X63_Y23_N0   ; 16      ; Clock enable ; no     ; --                   ; --               ; --                        ;
; ram:U_RAM|ram_block~22765          ; LABCELL_X66_Y34_N21  ; 16      ; Clock enable ; no     ; --                   ; --               ; --                        ;
; ram:U_RAM|ram_block~22766          ; LABCELL_X68_Y34_N3   ; 16      ; Clock enable ; no     ; --                   ; --               ; --                        ;
; ram:U_RAM|ram_block~22767          ; MLABCELL_X39_Y40_N36 ; 16      ; Clock enable ; no     ; --                   ; --               ; --                        ;
; ram:U_RAM|ram_block~22768          ; MLABCELL_X39_Y39_N6  ; 16      ; Clock enable ; no     ; --                   ; --               ; --                        ;
; ram:U_RAM|ram_block~22769          ; MLABCELL_X72_Y45_N48 ; 16      ; Clock enable ; no     ; --                   ; --               ; --                        ;
; ram:U_RAM|ram_block~22770          ; LABCELL_X64_Y46_N27  ; 16      ; Clock enable ; no     ; --                   ; --               ; --                        ;
; ram:U_RAM|ram_block~22771          ; MLABCELL_X39_Y19_N48 ; 16      ; Clock enable ; no     ; --                   ; --               ; --                        ;
; ram:U_RAM|ram_block~22772          ; LABCELL_X68_Y19_N42  ; 16      ; Clock enable ; no     ; --                   ; --               ; --                        ;
; ram:U_RAM|ram_block~22773          ; LABCELL_X67_Y36_N3   ; 16      ; Clock enable ; no     ; --                   ; --               ; --                        ;
; ram:U_RAM|ram_block~22774          ; LABCELL_X66_Y36_N54  ; 16      ; Clock enable ; no     ; --                   ; --               ; --                        ;
; ram:U_RAM|ram_block~22775          ; LABCELL_X31_Y21_N45  ; 16      ; Clock enable ; no     ; --                   ; --               ; --                        ;
; ram:U_RAM|ram_block~22776          ; LABCELL_X71_Y36_N9   ; 16      ; Clock enable ; no     ; --                   ; --               ; --                        ;
; ram:U_RAM|ram_block~22777          ; MLABCELL_X78_Y33_N3  ; 16      ; Clock enable ; no     ; --                   ; --               ; --                        ;
; ram:U_RAM|ram_block~22778          ; LABCELL_X75_Y31_N12  ; 16      ; Clock enable ; no     ; --                   ; --               ; --                        ;
; ram:U_RAM|ram_block~22779          ; LABCELL_X37_Y22_N30  ; 16      ; Clock enable ; no     ; --                   ; --               ; --                        ;
; ram:U_RAM|ram_block~22780          ; MLABCELL_X39_Y40_N33 ; 16      ; Clock enable ; no     ; --                   ; --               ; --                        ;
; ram:U_RAM|ram_block~22781          ; LABCELL_X42_Y20_N15  ; 16      ; Clock enable ; no     ; --                   ; --               ; --                        ;
; ram:U_RAM|ram_block~22782          ; MLABCELL_X25_Y20_N12 ; 16      ; Clock enable ; no     ; --                   ; --               ; --                        ;
; ram:U_RAM|ram_block~22783          ; LABCELL_X63_Y22_N51  ; 16      ; Clock enable ; no     ; --                   ; --               ; --                        ;
; ram:U_RAM|ram_block~22784          ; LABCELL_X30_Y47_N24  ; 16      ; Clock enable ; no     ; --                   ; --               ; --                        ;
; ram:U_RAM|ram_block~22785          ; LABCELL_X57_Y20_N3   ; 16      ; Clock enable ; no     ; --                   ; --               ; --                        ;
; ram:U_RAM|ram_block~22786          ; LABCELL_X71_Y36_N12  ; 16      ; Clock enable ; no     ; --                   ; --               ; --                        ;
; ram:U_RAM|ram_block~22787          ; LABCELL_X67_Y34_N12  ; 16      ; Clock enable ; no     ; --                   ; --               ; --                        ;
; ram:U_RAM|ram_block~22788          ; LABCELL_X68_Y45_N3   ; 16      ; Clock enable ; no     ; --                   ; --               ; --                        ;
; ram:U_RAM|ram_block~22789          ; LABCELL_X63_Y23_N39  ; 16      ; Clock enable ; no     ; --                   ; --               ; --                        ;
; ram:U_RAM|ram_block~22790          ; LABCELL_X73_Y29_N9   ; 16      ; Clock enable ; no     ; --                   ; --               ; --                        ;
; ram:U_RAM|ram_block~22791          ; LABCELL_X68_Y34_N54  ; 16      ; Clock enable ; no     ; --                   ; --               ; --                        ;
; ram:U_RAM|ram_block~22792          ; LABCELL_X64_Y46_N42  ; 16      ; Clock enable ; no     ; --                   ; --               ; --                        ;
; ram:U_RAM|ram_block~22793          ; MLABCELL_X65_Y36_N48 ; 16      ; Clock enable ; no     ; --                   ; --               ; --                        ;
; ram:U_RAM|ram_block~22794          ; LABCELL_X77_Y29_N39  ; 16      ; Clock enable ; no     ; --                   ; --               ; --                        ;
; ram:U_RAM|ram_block~22795          ; LABCELL_X29_Y19_N42  ; 16      ; Clock enable ; no     ; --                   ; --               ; --                        ;
; ram:U_RAM|ram_block~22796          ; LABCELL_X63_Y22_N33  ; 16      ; Clock enable ; no     ; --                   ; --               ; --                        ;
; ram:U_RAM|ram_block~22797          ; LABCELL_X66_Y34_N36  ; 16      ; Clock enable ; no     ; --                   ; --               ; --                        ;
; ram:U_RAM|ram_block~22798          ; LABCELL_X67_Y34_N24  ; 16      ; Clock enable ; no     ; --                   ; --               ; --                        ;
; ram:U_RAM|ram_block~22799          ; MLABCELL_X39_Y40_N15 ; 16      ; Clock enable ; no     ; --                   ; --               ; --                        ;
; ram:U_RAM|ram_block~22800          ; LABCELL_X60_Y41_N27  ; 16      ; Clock enable ; no     ; --                   ; --               ; --                        ;
; ram:U_RAM|ram_block~22801          ; LABCELL_X68_Y45_N0   ; 16      ; Clock enable ; no     ; --                   ; --               ; --                        ;
; ram:U_RAM|ram_block~22802          ; MLABCELL_X59_Y43_N54 ; 16      ; Clock enable ; no     ; --                   ; --               ; --                        ;
; ram:U_RAM|ram_block~22803          ; LABCELL_X64_Y19_N36  ; 16      ; Clock enable ; no     ; --                   ; --               ; --                        ;
; ram:U_RAM|ram_block~22804          ; LABCELL_X57_Y20_N6   ; 16      ; Clock enable ; no     ; --                   ; --               ; --                        ;
; ram:U_RAM|ram_block~22805          ; LABCELL_X63_Y39_N39  ; 16      ; Clock enable ; no     ; --                   ; --               ; --                        ;
; ram:U_RAM|ram_block~22806          ; LABCELL_X66_Y36_N3   ; 16      ; Clock enable ; no     ; --                   ; --               ; --                        ;
; ram:U_RAM|ram_block~22807          ; MLABCELL_X25_Y22_N0  ; 16      ; Clock enable ; no     ; --                   ; --               ; --                        ;
; ram:U_RAM|ram_block~22808          ; LABCELL_X71_Y36_N48  ; 16      ; Clock enable ; no     ; --                   ; --               ; --                        ;
; ram:U_RAM|ram_block~22809          ; MLABCELL_X78_Y33_N39 ; 16      ; Clock enable ; no     ; --                   ; --               ; --                        ;
; ram:U_RAM|ram_block~22810          ; LABCELL_X74_Y30_N12  ; 16      ; Clock enable ; no     ; --                   ; --               ; --                        ;
; ram:U_RAM|ram_block~22811          ; LABCELL_X31_Y21_N51  ; 16      ; Clock enable ; no     ; --                   ; --               ; --                        ;
; ram:U_RAM|ram_block~22812          ; MLABCELL_X39_Y40_N18 ; 16      ; Clock enable ; no     ; --                   ; --               ; --                        ;
; ram:U_RAM|ram_block~22813          ; MLABCELL_X39_Y20_N9  ; 16      ; Clock enable ; no     ; --                   ; --               ; --                        ;
; ram:U_RAM|ram_block~22814          ; MLABCELL_X25_Y22_N54 ; 16      ; Clock enable ; no     ; --                   ; --               ; --                        ;
; ram:U_RAM|ram_block~22815          ; LABCELL_X63_Y22_N27  ; 16      ; Clock enable ; no     ; --                   ; --               ; --                        ;
; ram:U_RAM|ram_block~22816          ; LABCELL_X61_Y44_N12  ; 16      ; Clock enable ; no     ; --                   ; --               ; --                        ;
; ram:U_RAM|ram_block~22817          ; LABCELL_X68_Y19_N12  ; 16      ; Clock enable ; no     ; --                   ; --               ; --                        ;
; ram:U_RAM|ram_block~22818          ; LABCELL_X71_Y36_N18  ; 16      ; Clock enable ; no     ; --                   ; --               ; --                        ;
; ram:U_RAM|ram_block~22819          ; LABCELL_X66_Y34_N51  ; 16      ; Clock enable ; no     ; --                   ; --               ; --                        ;
; ram:U_RAM|ram_block~22820          ; LABCELL_X74_Y45_N27  ; 16      ; Clock enable ; no     ; --                   ; --               ; --                        ;
; ram:U_RAM|ram_block~22821          ; MLABCELL_X72_Y34_N21 ; 16      ; Clock enable ; no     ; --                   ; --               ; --                        ;
; ram:U_RAM|ram_block~22822          ; LABCELL_X77_Y29_N12  ; 16      ; Clock enable ; no     ; --                   ; --               ; --                        ;
; ram:U_RAM|ram_block~22823          ; LABCELL_X68_Y34_N36  ; 16      ; Clock enable ; no     ; --                   ; --               ; --                        ;
; ram:U_RAM|ram_block~22824          ; MLABCELL_X59_Y43_N51 ; 16      ; Clock enable ; no     ; --                   ; --               ; --                        ;
; ram:U_RAM|ram_block~22825          ; LABCELL_X66_Y36_N18  ; 16      ; Clock enable ; no     ; --                   ; --               ; --                        ;
; ram:U_RAM|ram_block~22826          ; MLABCELL_X78_Y34_N9  ; 16      ; Clock enable ; no     ; --                   ; --               ; --                        ;
; ram:U_RAM|ram_block~22827          ; LABCELL_X33_Y22_N33  ; 16      ; Clock enable ; no     ; --                   ; --               ; --                        ;
; ram:U_RAM|ram_block~22828          ; LABCELL_X63_Y23_N18  ; 16      ; Clock enable ; no     ; --                   ; --               ; --                        ;
; ram:U_RAM|ram_block~22829          ; LABCELL_X68_Y34_N51  ; 16      ; Clock enable ; no     ; --                   ; --               ; --                        ;
; ram:U_RAM|ram_block~22830          ; LABCELL_X66_Y34_N57  ; 16      ; Clock enable ; no     ; --                   ; --               ; --                        ;
; ram:U_RAM|ram_block~22831          ; MLABCELL_X39_Y40_N51 ; 16      ; Clock enable ; no     ; --                   ; --               ; --                        ;
; ram:U_RAM|ram_block~22832          ; LABCELL_X62_Y47_N51  ; 16      ; Clock enable ; no     ; --                   ; --               ; --                        ;
; ram:U_RAM|ram_block~22833          ; LABCELL_X68_Y45_N33  ; 16      ; Clock enable ; no     ; --                   ; --               ; --                        ;
; ram:U_RAM|ram_block~22834          ; LABCELL_X64_Y46_N24  ; 16      ; Clock enable ; no     ; --                   ; --               ; --                        ;
; ram:U_RAM|ram_block~22835          ; MLABCELL_X39_Y19_N18 ; 16      ; Clock enable ; no     ; --                   ; --               ; --                        ;
; ram:U_RAM|ram_block~22836          ; LABCELL_X68_Y19_N51  ; 16      ; Clock enable ; no     ; --                   ; --               ; --                        ;
; ram:U_RAM|ram_block~22837          ; LABCELL_X79_Y42_N6   ; 16      ; Clock enable ; no     ; --                   ; --               ; --                        ;
; ram:U_RAM|ram_block~22838          ; LABCELL_X66_Y36_N30  ; 16      ; Clock enable ; no     ; --                   ; --               ; --                        ;
; ram:U_RAM|ram_block~22839          ; MLABCELL_X25_Y26_N3  ; 16      ; Clock enable ; no     ; --                   ; --               ; --                        ;
; ram:U_RAM|ram_block~22840          ; LABCELL_X71_Y36_N36  ; 16      ; Clock enable ; no     ; --                   ; --               ; --                        ;
; ram:U_RAM|ram_block~22841          ; MLABCELL_X78_Y33_N9  ; 16      ; Clock enable ; no     ; --                   ; --               ; --                        ;
; ram:U_RAM|ram_block~22842          ; LABCELL_X79_Y34_N12  ; 16      ; Clock enable ; no     ; --                   ; --               ; --                        ;
; ram:U_RAM|ram_block~22843          ; LABCELL_X37_Y21_N12  ; 16      ; Clock enable ; no     ; --                   ; --               ; --                        ;
; ram:U_RAM|ram_block~22844          ; MLABCELL_X39_Y40_N21 ; 16      ; Clock enable ; no     ; --                   ; --               ; --                        ;
; ram:U_RAM|ram_block~22845          ; LABCELL_X40_Y20_N15  ; 16      ; Clock enable ; no     ; --                   ; --               ; --                        ;
; ram:U_RAM|ram_block~22846          ; MLABCELL_X25_Y22_N12 ; 16      ; Clock enable ; no     ; --                   ; --               ; --                        ;
; ram:U_RAM|ram_block~22847          ; LABCELL_X63_Y22_N48  ; 16      ; Clock enable ; no     ; --                   ; --               ; --                        ;
; ram:U_RAM|ram_block~22848          ; LABCELL_X62_Y47_N57  ; 16      ; Clock enable ; no     ; --                   ; --               ; --                        ;
; ram:U_RAM|ram_block~22849          ; LABCELL_X68_Y19_N6   ; 16      ; Clock enable ; no     ; --                   ; --               ; --                        ;
; ram:U_RAM|ram_block~22850          ; LABCELL_X71_Y36_N6   ; 16      ; Clock enable ; no     ; --                   ; --               ; --                        ;
; ram:U_RAM|ram_block~22851          ; LABCELL_X67_Y34_N15  ; 16      ; Clock enable ; no     ; --                   ; --               ; --                        ;
; ram:U_RAM|ram_block~22852          ; LABCELL_X68_Y45_N45  ; 16      ; Clock enable ; no     ; --                   ; --               ; --                        ;
; ram:U_RAM|ram_block~22853          ; LABCELL_X63_Y39_N27  ; 16      ; Clock enable ; no     ; --                   ; --               ; --                        ;
; ram:U_RAM|ram_block~22854          ; MLABCELL_X78_Y33_N12 ; 16      ; Clock enable ; no     ; --                   ; --               ; --                        ;
; ram:U_RAM|ram_block~22855          ; LABCELL_X67_Y34_N21  ; 16      ; Clock enable ; no     ; --                   ; --               ; --                        ;
; ram:U_RAM|ram_block~22856          ; LABCELL_X64_Y46_N18  ; 16      ; Clock enable ; no     ; --                   ; --               ; --                        ;
; ram:U_RAM|ram_block~22857          ; MLABCELL_X65_Y35_N24 ; 16      ; Clock enable ; no     ; --                   ; --               ; --                        ;
; ram:U_RAM|ram_block~22858          ; LABCELL_X77_Y29_N24  ; 16      ; Clock enable ; no     ; --                   ; --               ; --                        ;
; ram:U_RAM|ram_block~22859          ; LABCELL_X31_Y21_N33  ; 16      ; Clock enable ; no     ; --                   ; --               ; --                        ;
; ram:U_RAM|ram_block~22860          ; MLABCELL_X65_Y19_N57 ; 16      ; Clock enable ; no     ; --                   ; --               ; --                        ;
; ram:U_RAM|ram_block~22861          ; LABCELL_X66_Y34_N45  ; 16      ; Clock enable ; no     ; --                   ; --               ; --                        ;
; ram:U_RAM|ram_block~22862          ; LABCELL_X66_Y34_N0   ; 16      ; Clock enable ; no     ; --                   ; --               ; --                        ;
; ram:U_RAM|ram_block~22863          ; MLABCELL_X39_Y40_N42 ; 16      ; Clock enable ; no     ; --                   ; --               ; --                        ;
; ram:U_RAM|ram_block~22864          ; LABCELL_X30_Y47_N6   ; 16      ; Clock enable ; no     ; --                   ; --               ; --                        ;
; ram:U_RAM|ram_block~22865          ; LABCELL_X68_Y45_N36  ; 16      ; Clock enable ; no     ; --                   ; --               ; --                        ;
; ram:U_RAM|ram_block~22866          ; LABCELL_X64_Y46_N12  ; 16      ; Clock enable ; no     ; --                   ; --               ; --                        ;
; ram:U_RAM|ram_block~22867          ; MLABCELL_X39_Y19_N9  ; 16      ; Clock enable ; no     ; --                   ; --               ; --                        ;
; ram:U_RAM|ram_block~22868          ; LABCELL_X68_Y19_N30  ; 16      ; Clock enable ; no     ; --                   ; --               ; --                        ;
; ram:U_RAM|ram_block~22869          ; LABCELL_X79_Y42_N39  ; 16      ; Clock enable ; no     ; --                   ; --               ; --                        ;
; ram:U_RAM|ram_block~22870          ; MLABCELL_X65_Y36_N3  ; 16      ; Clock enable ; no     ; --                   ; --               ; --                        ;
; ram:U_RAM|ram_block~22871          ; MLABCELL_X25_Y22_N33 ; 16      ; Clock enable ; no     ; --                   ; --               ; --                        ;
; ram:U_RAM|ram_block~22872          ; LABCELL_X73_Y36_N27  ; 16      ; Clock enable ; no     ; --                   ; --               ; --                        ;
; ram:U_RAM|ram_block~22873          ; LABCELL_X61_Y32_N21  ; 16      ; Clock enable ; no     ; --                   ; --               ; --                        ;
; ram:U_RAM|ram_block~22874          ; LABCELL_X79_Y34_N36  ; 16      ; Clock enable ; no     ; --                   ; --               ; --                        ;
; ram:U_RAM|ram_block~22875          ; LABCELL_X31_Y21_N15  ; 16      ; Clock enable ; no     ; --                   ; --               ; --                        ;
; ram:U_RAM|ram_block~22876          ; MLABCELL_X39_Y40_N27 ; 16      ; Clock enable ; no     ; --                   ; --               ; --                        ;
; ram:U_RAM|ram_block~22877          ; LABCELL_X42_Y20_N24  ; 16      ; Clock enable ; no     ; --                   ; --               ; --                        ;
; ram:U_RAM|ram_block~22878          ; MLABCELL_X25_Y20_N21 ; 16      ; Clock enable ; no     ; --                   ; --               ; --                        ;
; ram:U_RAM|ram_block~22879          ; LABCELL_X63_Y22_N54  ; 16      ; Clock enable ; no     ; --                   ; --               ; --                        ;
; ram:U_RAM|ram_block~22880          ; LABCELL_X30_Y47_N48  ; 16      ; Clock enable ; no     ; --                   ; --               ; --                        ;
; ram:U_RAM|ram_block~22881          ; LABCELL_X68_Y19_N39  ; 16      ; Clock enable ; no     ; --                   ; --               ; --                        ;
; ram:U_RAM|ram_block~22882          ; MLABCELL_X84_Y29_N21 ; 16      ; Clock enable ; no     ; --                   ; --               ; --                        ;
; ram:U_RAM|ram_block~22883          ; LABCELL_X66_Y34_N15  ; 16      ; Clock enable ; no     ; --                   ; --               ; --                        ;
; ram:U_RAM|ram_block~22884          ; LABCELL_X68_Y45_N24  ; 16      ; Clock enable ; no     ; --                   ; --               ; --                        ;
; ram:U_RAM|ram_block~22885          ; LABCELL_X79_Y37_N33  ; 16      ; Clock enable ; no     ; --                   ; --               ; --                        ;
; ram:U_RAM|ram_block~22886          ; MLABCELL_X78_Y33_N6  ; 16      ; Clock enable ; no     ; --                   ; --               ; --                        ;
; ram:U_RAM|ram_block~22887          ; LABCELL_X68_Y34_N48  ; 16      ; Clock enable ; no     ; --                   ; --               ; --                        ;
; ram:U_RAM|ram_block~22888          ; LABCELL_X64_Y46_N48  ; 16      ; Clock enable ; no     ; --                   ; --               ; --                        ;
; ram:U_RAM|ram_block~22889          ; LABCELL_X66_Y36_N24  ; 16      ; Clock enable ; no     ; --                   ; --               ; --                        ;
; ram:U_RAM|ram_block~22890          ; LABCELL_X79_Y34_N15  ; 16      ; Clock enable ; no     ; --                   ; --               ; --                        ;
; ram:U_RAM|ram_block~22891          ; MLABCELL_X25_Y22_N48 ; 16      ; Clock enable ; no     ; --                   ; --               ; --                        ;
; ram:U_RAM|ram_block~22892          ; LABCELL_X40_Y20_N36  ; 16      ; Clock enable ; no     ; --                   ; --               ; --                        ;
; ram:U_RAM|ram_block~22893          ; LABCELL_X66_Y34_N54  ; 16      ; Clock enable ; no     ; --                   ; --               ; --                        ;
; ram:U_RAM|ram_block~22894          ; LABCELL_X68_Y34_N27  ; 16      ; Clock enable ; no     ; --                   ; --               ; --                        ;
; ram:U_RAM|ram_block~22895          ; LABCELL_X71_Y19_N45  ; 16      ; Clock enable ; no     ; --                   ; --               ; --                        ;
; ram:U_RAM|ram_block~22896          ; MLABCELL_X39_Y44_N36 ; 16      ; Clock enable ; no     ; --                   ; --               ; --                        ;
; ram:U_RAM|ram_block~22897          ; LABCELL_X73_Y47_N18  ; 16      ; Clock enable ; no     ; --                   ; --               ; --                        ;
; ram:U_RAM|ram_block~22898          ; LABCELL_X57_Y40_N54  ; 16      ; Clock enable ; no     ; --                   ; --               ; --                        ;
; ram:U_RAM|ram_block~22899          ; LABCELL_X42_Y20_N39  ; 16      ; Clock enable ; no     ; --                   ; --               ; --                        ;
; ram:U_RAM|ram_block~22900          ; LABCELL_X68_Y19_N3   ; 16      ; Clock enable ; no     ; --                   ; --               ; --                        ;
; ram:U_RAM|ram_block~22901          ; LABCELL_X62_Y25_N3   ; 16      ; Clock enable ; no     ; --                   ; --               ; --                        ;
; ram:U_RAM|ram_block~22902          ; LABCELL_X66_Y36_N57  ; 16      ; Clock enable ; no     ; --                   ; --               ; --                        ;
; ram:U_RAM|ram_block~22903          ; MLABCELL_X25_Y22_N42 ; 16      ; Clock enable ; no     ; --                   ; --               ; --                        ;
; ram:U_RAM|ram_block~22904          ; LABCELL_X71_Y36_N24  ; 16      ; Clock enable ; no     ; --                   ; --               ; --                        ;
; ram:U_RAM|ram_block~22905          ; MLABCELL_X78_Y33_N54 ; 16      ; Clock enable ; no     ; --                   ; --               ; --                        ;
; ram:U_RAM|ram_block~22906          ; LABCELL_X79_Y34_N30  ; 16      ; Clock enable ; no     ; --                   ; --               ; --                        ;
; ram:U_RAM|ram_block~22907          ; LABCELL_X31_Y21_N39  ; 16      ; Clock enable ; no     ; --                   ; --               ; --                        ;
; ram:U_RAM|ram_block~22908          ; MLABCELL_X39_Y40_N45 ; 16      ; Clock enable ; no     ; --                   ; --               ; --                        ;
; ram:U_RAM|ram_block~22909          ; LABCELL_X40_Y20_N57  ; 16      ; Clock enable ; no     ; --                   ; --               ; --                        ;
; ram:U_RAM|ram_block~22910          ; LABCELL_X37_Y22_N45  ; 16      ; Clock enable ; no     ; --                   ; --               ; --                        ;
; ram:U_RAM|ram_block~22911          ; LABCELL_X40_Y20_N48  ; 16      ; Clock enable ; no     ; --                   ; --               ; --                        ;
; ram:U_RAM|ram_block~22912          ; LABCELL_X30_Y47_N33  ; 16      ; Clock enable ; no     ; --                   ; --               ; --                        ;
; ram:U_RAM|ram_block~22913          ; LABCELL_X68_Y19_N18  ; 16      ; Clock enable ; no     ; --                   ; --               ; --                        ;
; ram:U_RAM|ram_block~22914          ; LABCELL_X73_Y30_N3   ; 16      ; Clock enable ; no     ; --                   ; --               ; --                        ;
; ram:U_RAM|ram_block~22915          ; LABCELL_X66_Y34_N30  ; 16      ; Clock enable ; no     ; --                   ; --               ; --                        ;
; ram:U_RAM|ram_block~22916          ; LABCELL_X68_Y45_N39  ; 16      ; Clock enable ; no     ; --                   ; --               ; --                        ;
; ram:U_RAM|ram_block~22917          ; LABCELL_X79_Y37_N27  ; 16      ; Clock enable ; no     ; --                   ; --               ; --                        ;
; ram:U_RAM|ram_block~22918          ; LABCELL_X61_Y32_N0   ; 16      ; Clock enable ; no     ; --                   ; --               ; --                        ;
; ram:U_RAM|ram_block~22919          ; LABCELL_X66_Y35_N18  ; 16      ; Clock enable ; no     ; --                   ; --               ; --                        ;
; ram:U_RAM|ram_block~22920          ; LABCELL_X64_Y46_N21  ; 16      ; Clock enable ; no     ; --                   ; --               ; --                        ;
; ram:U_RAM|ram_block~22921          ; LABCELL_X66_Y36_N6   ; 16      ; Clock enable ; no     ; --                   ; --               ; --                        ;
; ram:U_RAM|ram_block~22922          ; LABCELL_X79_Y34_N6   ; 16      ; Clock enable ; no     ; --                   ; --               ; --                        ;
; ram:U_RAM|ram_block~22923          ; LABCELL_X43_Y21_N48  ; 16      ; Clock enable ; no     ; --                   ; --               ; --                        ;
; ram:U_RAM|ram_block~22924          ; LABCELL_X63_Y22_N57  ; 16      ; Clock enable ; no     ; --                   ; --               ; --                        ;
; ram:U_RAM|ram_block~22925          ; LABCELL_X68_Y34_N12  ; 16      ; Clock enable ; no     ; --                   ; --               ; --                        ;
; ram:U_RAM|ram_block~22926          ; LABCELL_X68_Y34_N57  ; 16      ; Clock enable ; no     ; --                   ; --               ; --                        ;
; ram:U_RAM|ram_block~22927          ; MLABCELL_X39_Y40_N0  ; 16      ; Clock enable ; no     ; --                   ; --               ; --                        ;
; ram:U_RAM|ram_block~22928          ; LABCELL_X60_Y50_N54  ; 16      ; Clock enable ; no     ; --                   ; --               ; --                        ;
; ram:U_RAM|ram_block~22929          ; LABCELL_X68_Y45_N30  ; 16      ; Clock enable ; no     ; --                   ; --               ; --                        ;
; ram:U_RAM|ram_block~22930          ; LABCELL_X64_Y46_N36  ; 16      ; Clock enable ; no     ; --                   ; --               ; --                        ;
; ram:U_RAM|ram_block~22931          ; MLABCELL_X39_Y20_N27 ; 16      ; Clock enable ; no     ; --                   ; --               ; --                        ;
; ram:U_RAM|ram_block~22932          ; LABCELL_X68_Y19_N9   ; 16      ; Clock enable ; no     ; --                   ; --               ; --                        ;
; ram:U_RAM|ram_block~22933          ; LABCELL_X63_Y39_N21  ; 16      ; Clock enable ; no     ; --                   ; --               ; --                        ;
; ram:U_RAM|ram_block~22934          ; LABCELL_X66_Y36_N12  ; 16      ; Clock enable ; no     ; --                   ; --               ; --                        ;
; ram:U_RAM|ram_block~22935          ; MLABCELL_X25_Y22_N15 ; 16      ; Clock enable ; no     ; --                   ; --               ; --                        ;
; ram:U_RAM|ram_block~22936          ; LABCELL_X71_Y36_N21  ; 16      ; Clock enable ; no     ; --                   ; --               ; --                        ;
; ram:U_RAM|ram_block~22937          ; LABCELL_X62_Y32_N12  ; 16      ; Clock enable ; no     ; --                   ; --               ; --                        ;
; ram:U_RAM|ram_block~22938          ; LABCELL_X74_Y30_N30  ; 16      ; Clock enable ; no     ; --                   ; --               ; --                        ;
; ram:U_RAM|ram_block~22939          ; LABCELL_X31_Y21_N3   ; 16      ; Clock enable ; no     ; --                   ; --               ; --                        ;
; ram:U_RAM|ram_block~22940          ; MLABCELL_X39_Y40_N24 ; 16      ; Clock enable ; no     ; --                   ; --               ; --                        ;
; ram:U_RAM|ram_block~22941          ; MLABCELL_X65_Y20_N33 ; 16      ; Clock enable ; no     ; --                   ; --               ; --                        ;
; ram:U_RAM|ram_block~22942          ; LABCELL_X31_Y21_N30  ; 16      ; Clock enable ; no     ; --                   ; --               ; --                        ;
; ram:U_RAM|ram_block~22943          ; LABCELL_X63_Y19_N30  ; 16      ; Clock enable ; no     ; --                   ; --               ; --                        ;
; ram:U_RAM|ram_block~22944          ; LABCELL_X62_Y47_N21  ; 16      ; Clock enable ; no     ; --                   ; --               ; --                        ;
; ram:U_RAM|ram_block~22945          ; LABCELL_X68_Y19_N48  ; 16      ; Clock enable ; no     ; --                   ; --               ; --                        ;
; ram:U_RAM|ram_block~22946          ; LABCELL_X71_Y36_N54  ; 16      ; Clock enable ; no     ; --                   ; --               ; --                        ;
; ram:U_RAM|ram_block~22947          ; LABCELL_X67_Y34_N54  ; 16      ; Clock enable ; no     ; --                   ; --               ; --                        ;
; ram:U_RAM|ram_block~22948          ; MLABCELL_X65_Y45_N24 ; 16      ; Clock enable ; no     ; --                   ; --               ; --                        ;
; ram:U_RAM|ram_block~22949          ; LABCELL_X66_Y36_N15  ; 16      ; Clock enable ; no     ; --                   ; --               ; --                        ;
; ram:U_RAM|ram_block~22950          ; MLABCELL_X78_Y33_N30 ; 16      ; Clock enable ; no     ; --                   ; --               ; --                        ;
; ram:U_RAM|ram_block~22951          ; LABCELL_X67_Y35_N21  ; 16      ; Clock enable ; no     ; --                   ; --               ; --                        ;
; ram:U_RAM|ram_block~22952          ; LABCELL_X64_Y46_N15  ; 16      ; Clock enable ; no     ; --                   ; --               ; --                        ;
; ram:U_RAM|ram_block~22953          ; LABCELL_X66_Y36_N51  ; 16      ; Clock enable ; no     ; --                   ; --               ; --                        ;
; ram:U_RAM|ram_block~22954          ; LABCELL_X77_Y29_N9   ; 16      ; Clock enable ; no     ; --                   ; --               ; --                        ;
; ram:U_RAM|ram_block~22955          ; LABCELL_X33_Y22_N54  ; 16      ; Clock enable ; no     ; --                   ; --               ; --                        ;
; ram:U_RAM|ram_block~22956          ; LABCELL_X63_Y23_N36  ; 16      ; Clock enable ; no     ; --                   ; --               ; --                        ;
; ram:U_RAM|ram_block~22957          ; LABCELL_X67_Y34_N18  ; 16      ; Clock enable ; no     ; --                   ; --               ; --                        ;
; ram:U_RAM|ram_block~22958          ; LABCELL_X68_Y34_N6   ; 16      ; Clock enable ; no     ; --                   ; --               ; --                        ;
; ram:U_RAM|ram_block~22959          ; LABCELL_X71_Y19_N36  ; 16      ; Clock enable ; no     ; --                   ; --               ; --                        ;
; ram:U_RAM|ram_block~22960          ; LABCELL_X62_Y47_N27  ; 16      ; Clock enable ; no     ; --                   ; --               ; --                        ;
; ram:U_RAM|ram_block~22961          ; LABCELL_X68_Y45_N57  ; 16      ; Clock enable ; no     ; --                   ; --               ; --                        ;
; ram:U_RAM|ram_block~22962          ; LABCELL_X64_Y46_N54  ; 16      ; Clock enable ; no     ; --                   ; --               ; --                        ;
; ram:U_RAM|ram_block~22963          ; LABCELL_X74_Y21_N3   ; 16      ; Clock enable ; no     ; --                   ; --               ; --                        ;
; ram:U_RAM|ram_block~22964          ; LABCELL_X68_Y19_N45  ; 16      ; Clock enable ; no     ; --                   ; --               ; --                        ;
; ram:U_RAM|ram_block~22965          ; LABCELL_X73_Y35_N54  ; 16      ; Clock enable ; no     ; --                   ; --               ; --                        ;
; ram:U_RAM|ram_block~22966          ; LABCELL_X66_Y36_N33  ; 16      ; Clock enable ; no     ; --                   ; --               ; --                        ;
; ram:U_RAM|ram_block~22967          ; LABCELL_X27_Y26_N45  ; 16      ; Clock enable ; no     ; --                   ; --               ; --                        ;
; ram:U_RAM|ram_block~22968          ; LABCELL_X71_Y36_N42  ; 16      ; Clock enable ; no     ; --                   ; --               ; --                        ;
; ram:U_RAM|ram_block~22969          ; MLABCELL_X78_Y33_N33 ; 16      ; Clock enable ; no     ; --                   ; --               ; --                        ;
; ram:U_RAM|ram_block~22970          ; LABCELL_X75_Y32_N9   ; 16      ; Clock enable ; no     ; --                   ; --               ; --                        ;
; register_cpu:U_REGS|Mux112~0       ; LABCELL_X81_Y26_N3   ; 19      ; Clock enable ; no     ; --                   ; --               ; --                        ;
; register_cpu:U_REGS|Mux130~0       ; MLABCELL_X78_Y26_N36 ; 23      ; Sync. load   ; no     ; --                   ; --               ; --                        ;
; register_cpu:U_REGS|Mux159~0       ; MLABCELL_X78_Y28_N0  ; 24      ; Sync. load   ; no     ; --                   ; --               ; --                        ;
; register_cpu:U_REGS|Mux160~0       ; MLABCELL_X78_Y26_N48 ; 16      ; Clock enable ; no     ; --                   ; --               ; --                        ;
; register_cpu:U_REGS|Mux176~0       ; LABCELL_X81_Y25_N51  ; 16      ; Clock enable ; no     ; --                   ; --               ; --                        ;
; register_cpu:U_REGS|Mux199~0       ; LABCELL_X80_Y22_N33  ; 19      ; Clock enable ; no     ; --                   ; --               ; --                        ;
; register_cpu:U_REGS|Mux210~0       ; LABCELL_X81_Y26_N42  ; 20      ; Clock enable ; no     ; --                   ; --               ; --                        ;
; register_cpu:U_REGS|Mux224~0       ; MLABCELL_X78_Y26_N57 ; 16      ; Clock enable ; no     ; --                   ; --               ; --                        ;
; register_cpu:U_REGS|Mux255~0       ; LABCELL_X81_Y26_N48  ; 16      ; Clock enable ; no     ; --                   ; --               ; --                        ;
; register_cpu:U_REGS|Mux96~0        ; LABCELL_X81_Y26_N0   ; 21      ; Clock enable ; no     ; --                   ; --               ; --                        ;
; register_cpu:U_REGS|PC[12]~1       ; LABCELL_X77_Y26_N0   ; 24      ; Clock enable ; no     ; --                   ; --               ; --                        ;
; register_cpu:U_REGS|PC[29]~0       ; LABCELL_X77_Y26_N36  ; 23      ; Clock enable ; no     ; --                   ; --               ; --                        ;
; register_cpu:U_REGS|R[0][3]~7      ; LABCELL_X81_Y26_N54  ; 24      ; Clock enable ; no     ; --                   ; --               ; --                        ;
; register_cpu:U_REGS|R[10][0]~4     ; LABCELL_X77_Y22_N18  ; 23      ; Clock enable ; no     ; --                   ; --               ; --                        ;
; register_cpu:U_REGS|R[11][15]~12   ; MLABCELL_X78_Y23_N39 ; 20      ; Clock enable ; no     ; --                   ; --               ; --                        ;
; register_cpu:U_REGS|R[12][14]~2    ; MLABCELL_X78_Y23_N6  ; 20      ; Clock enable ; no     ; --                   ; --               ; --                        ;
; register_cpu:U_REGS|R[13][2]~10    ; MLABCELL_X78_Y26_N54 ; 17      ; Clock enable ; no     ; --                   ; --               ; --                        ;
; register_cpu:U_REGS|R[14][7]~0     ; LABCELL_X81_Y26_N57  ; 20      ; Clock enable ; no     ; --                   ; --               ; --                        ;
; register_cpu:U_REGS|R[15][3]~8     ; LABCELL_X80_Y22_N36  ; 22      ; Clock enable ; no     ; --                   ; --               ; --                        ;
; register_cpu:U_REGS|R[1][5]~15     ; LABCELL_X81_Y26_N18  ; 21      ; Clock enable ; no     ; --                   ; --               ; --                        ;
; register_cpu:U_REGS|R[2][1]~5      ; MLABCELL_X78_Y26_N42 ; 19      ; Clock enable ; no     ; --                   ; --               ; --                        ;
; register_cpu:U_REGS|R[3][14]~13    ; MLABCELL_X78_Y23_N24 ; 22      ; Clock enable ; no     ; --                   ; --               ; --                        ;
; register_cpu:U_REGS|R[4][15]~3     ; LABCELL_X79_Y26_N54  ; 19      ; Clock enable ; no     ; --                   ; --               ; --                        ;
; register_cpu:U_REGS|R[5][4]~11     ; MLABCELL_X78_Y26_N3  ; 18      ; Clock enable ; no     ; --                   ; --               ; --                        ;
; register_cpu:U_REGS|R[6][10]~1     ; LABCELL_X81_Y26_N24  ; 20      ; Clock enable ; no     ; --                   ; --               ; --                        ;
; register_cpu:U_REGS|R[7][13]~9     ; LABCELL_X81_Y26_N27  ; 21      ; Clock enable ; no     ; --                   ; --               ; --                        ;
; register_cpu:U_REGS|R[8][7]~6      ; LABCELL_X81_Y26_N45  ; 27      ; Clock enable ; no     ; --                   ; --               ; --                        ;
; register_cpu:U_REGS|R[9][2]~14     ; MLABCELL_X78_Y23_N3  ; 19      ; Clock enable ; no     ; --                   ; --               ; --                        ;
+------------------------------------+----------------------+---------+--------------+--------+----------------------+------------------+---------------------------+


+---------------------------------------------------------------------------------------------------+
; Global & Other Fast Signals                                                                       ;
+--------+----------+---------+----------------------+------------------+---------------------------+
; Name   ; Location ; Fan-Out ; Global Resource Used ; Global Line Name ; Enable Signal Source Name ;
+--------+----------+---------+----------------------+------------------+---------------------------+
; KEY[0] ; PIN_M16  ; 16957   ; Global Clock         ; GCLK9            ; --                        ;
; KEY[1] ; PIN_M9   ; 541     ; Global Clock         ; GCLK6            ; --                        ;
+--------+----------+---------+----------------------+------------------+---------------------------+


+-----------------------------------------------+
; Non-Global High Fan-Out Signals               ;
+-------------------------------------+---------+
; Name                                ; Fan-Out ;
+-------------------------------------+---------+
; register_cpu:U_REGS|Mux607~0        ; 1148    ;
; register_cpu:U_REGS|Mux600~0        ; 1148    ;
; register_cpu:U_REGS|Mux601~0        ; 1148    ;
; register_cpu:U_REGS|Mux606~0        ; 1148    ;
; register_cpu:U_REGS|Mux599~0        ; 1142    ;
; register_cpu:U_REGS|Mux598~0        ; 1142    ;
; register_cpu:U_REGS|Mux605~0        ; 1121    ;
; register_cpu:U_REGS|Mux604~0        ; 1121    ;
; register_cpu:U_REGS|Mux602~0        ; 1121    ;
; register_cpu:U_REGS|Mux603~0        ; 1121    ;
; control:U_CONTROL|state.store_write ; 1028    ;
; bus_D[4]~15                         ; 1025    ;
; bus_D[15]~14                        ; 1025    ;
; bus_D[14]~13                        ; 1025    ;
; bus_D[13]~12                        ; 1025    ;
; bus_D[8]~11                         ; 1025    ;
; bus_D[9]~10                         ; 1025    ;
; bus_D[1]~9                          ; 1025    ;
; bus_D[2]~8                          ; 1025    ;
; bus_D[3]~7                          ; 1025    ;
; bus_D[0]~6                          ; 1025    ;
; bus_D[5]~5                          ; 1025    ;
; bus_D[6]~4                          ; 1025    ;
; bus_D[7]~3                          ; 1025    ;
; bus_D[10]~2                         ; 1025    ;
; bus_D[11]~1                         ; 1025    ;
; bus_D[12]~0                         ; 1025    ;
+-------------------------------------+---------+


+----------------------------------------------------------+
; Routing Usage Summary                                    ;
+------------------------------+---------------------------+
; Routing Resource Type        ; Usage                     ;
+------------------------------+---------------------------+
; Block interconnects          ; 39,011 / 374,484 ( 10 % ) ;
; C12 interconnects            ; 3,702 / 16,664 ( 22 % )   ;
; C2 interconnects             ; 14,333 / 155,012 ( 9 % )  ;
; C4 interconnects             ; 12,840 / 72,600 ( 18 % )  ;
; DQS bus muxes                ; 0 / 30 ( 0 % )            ;
; DQS-18 I/O buses             ; 0 / 30 ( 0 % )            ;
; DQS-9 I/O buses              ; 0 / 30 ( 0 % )            ;
; Direct links                 ; 1,603 / 374,484 ( < 1 % ) ;
; Global clocks                ; 2 / 16 ( 13 % )           ;
; Horizontal periphery clocks  ; 0 / 72 ( 0 % )            ;
; Local interconnects          ; 6,169 / 112,960 ( 5 % )   ;
; Quadrant clocks              ; 0 / 88 ( 0 % )            ;
; R14 interconnects            ; 3,953 / 15,868 ( 25 % )   ;
; R14/C12 interconnect drivers ; 6,758 / 27,256 ( 25 % )   ;
; R3 interconnects             ; 18,245 / 169,296 ( 11 % ) ;
; R6 interconnects             ; 33,461 / 330,800 ( 10 % ) ;
; Spine clocks                 ; 15 / 480 ( 3 % )          ;
; Wire stub REs                ; 0 / 20,834 ( 0 % )        ;
+------------------------------+---------------------------+


+------------------------------------------+
; I/O Rules Summary                        ;
+----------------------------------+-------+
; I/O Rules Statistic              ; Total ;
+----------------------------------+-------+
; Total I/O Rules                  ; 28    ;
; Number of I/O Rules Passed       ; 6     ;
; Number of I/O Rules Failed       ; 0     ;
; Number of I/O Rules Unchecked    ; 0     ;
; Number of I/O Rules Inapplicable ; 22    ;
+----------------------------------+-------+


+-----------------------------------------------------------------------------------------------------------------------------------------------------------------------------------------------------------------------------------------------------------------------------------+
; I/O Rules Details                                                                                                                                                                                                                                                                 ;
+--------------+-----------+-----------------------------------+------------------------------------------------------------------------------------+----------+--------------------------------------------------------------------------+---------------------+-------------------+
; Status       ; ID        ; Category                          ; Rule Description                                                                   ; Severity ; Information                                                              ; Area                ; Extra Information ;
+--------------+-----------+-----------------------------------+------------------------------------------------------------------------------------+----------+--------------------------------------------------------------------------+---------------------+-------------------+
; Inapplicable ; IO_000001 ; Capacity Checks                   ; Number of pins in an I/O bank should not exceed the number of locations available. ; Critical ; No Location assignments found.                                           ; I/O                 ;                   ;
; Inapplicable ; IO_000002 ; Capacity Checks                   ; Number of clocks in an I/O bank should not exceed the number of clocks available.  ; Critical ; No Global Signal assignments found.                                      ; I/O                 ;                   ;
; Inapplicable ; IO_000003 ; Capacity Checks                   ; Number of pins in a Vrefgroup should not exceed the number of locations available. ; Critical ; No Location assignments found.                                           ; I/O                 ;                   ;
; Inapplicable ; IO_000004 ; Voltage Compatibility Checks      ; The I/O bank should support the requested VCCIO.                                   ; Critical ; No IOBANK_VCCIO assignments found.                                       ; I/O                 ;                   ;
; Inapplicable ; IO_000005 ; Voltage Compatibility Checks      ; The I/O bank should not have competing VREF values.                                ; Critical ; No VREF I/O Standard assignments found.                                  ; I/O                 ;                   ;
; Pass         ; IO_000006 ; Voltage Compatibility Checks      ; The I/O bank should not have competing VCCIO values.                               ; Critical ; 0 such failures found.                                                   ; I/O                 ;                   ;
; Inapplicable ; IO_000007 ; Valid Location Checks             ; Checks for unavailable locations.                                                  ; Critical ; No Location assignments found.                                           ; I/O                 ;                   ;
; Inapplicable ; IO_000008 ; Valid Location Checks             ; Checks for reserved locations.                                                     ; Critical ; No reserved LogicLock region found.                                      ; I/O                 ;                   ;
; Pass         ; IO_000009 ; I/O Properties Checks for One I/O ; The location should support the requested I/O standard.                            ; Critical ; 0 such failures found.                                                   ; I/O                 ;                   ;
; Pass         ; IO_000010 ; I/O Properties Checks for One I/O ; The location should support the requested I/O direction.                           ; Critical ; 0 such failures found.                                                   ; I/O                 ;                   ;
; Inapplicable ; IO_000011 ; I/O Properties Checks for One I/O ; The location should support the requested Current Strength.                        ; Critical ; No Current Strength assignments found.                                   ; I/O                 ;                   ;
; Pass         ; IO_000012 ; I/O Properties Checks for One I/O ; The location should support the requested On Chip Termination value.               ; Critical ; 0 such failures found.                                                   ; I/O                 ;                   ;
; Inapplicable ; IO_000013 ; I/O Properties Checks for One I/O ; The location should support the requested Bus Hold value.                          ; Critical ; No Enable Bus-Hold Circuitry assignments found.                          ; I/O                 ;                   ;
; Inapplicable ; IO_000014 ; I/O Properties Checks for One I/O ; The location should support the requested Weak Pull Up value.                      ; Critical ; No Weak Pull-Up Resistor assignments found.                              ; I/O                 ;                   ;
; Inapplicable ; IO_000015 ; I/O Properties Checks for One I/O ; The location should support the requested PCI Clamp Diode.                         ; Critical ; No Clamping Diode assignments found.                                     ; I/O                 ;                   ;
; Inapplicable ; IO_000018 ; I/O Properties Checks for One I/O ; The I/O standard should support the requested Current Strength.                    ; Critical ; No Current Strength assignments found.                                   ; I/O                 ;                   ;
; Pass         ; IO_000019 ; I/O Properties Checks for One I/O ; The I/O standard should support the requested On Chip Termination value.           ; Critical ; 0 such failures found.                                                   ; I/O                 ;                   ;
; Inapplicable ; IO_000020 ; I/O Properties Checks for One I/O ; The I/O standard should support the requested PCI Clamp Diode.                     ; Critical ; No Clamping Diode assignments found.                                     ; I/O                 ;                   ;
; Inapplicable ; IO_000021 ; I/O Properties Checks for One I/O ; The I/O standard should support the requested Weak Pull Up value.                  ; Critical ; No Weak Pull-Up Resistor assignments found.                              ; I/O                 ;                   ;
; Inapplicable ; IO_000022 ; I/O Properties Checks for One I/O ; The I/O standard should support the requested Bus Hold value.                      ; Critical ; No Enable Bus-Hold Circuitry assignments found.                          ; I/O                 ;                   ;
; Inapplicable ; IO_000023 ; I/O Properties Checks for One I/O ; The I/O standard should support the Open Drain value.                              ; Critical ; No open drain assignments found.                                         ; I/O                 ;                   ;
; Pass         ; IO_000024 ; I/O Properties Checks for One I/O ; The I/O direction should support the On Chip Termination value.                    ; Critical ; 0 such failures found.                                                   ; I/O                 ;                   ;
; Inapplicable ; IO_000026 ; I/O Properties Checks for One I/O ; On Chip Termination and Current Strength should not be used at the same time.      ; Critical ; No Current Strength assignments found.                                   ; I/O                 ;                   ;
; Inapplicable ; IO_000027 ; I/O Properties Checks for One I/O ; Weak Pull Up and Bus Hold should not be used at the same time.                     ; Critical ; No Enable Bus-Hold Circuitry or Weak Pull-Up Resistor assignments found. ; I/O                 ;                   ;
; Inapplicable ; IO_000045 ; I/O Properties Checks for One I/O ; The I/O standard should support the requested Slew Rate value.                     ; Critical ; No Slew Rate assignments found.                                          ; I/O                 ;                   ;
; Inapplicable ; IO_000046 ; I/O Properties Checks for One I/O ; The location should support the requested Slew Rate value.                         ; Critical ; No Slew Rate assignments found.                                          ; I/O                 ;                   ;
; Inapplicable ; IO_000047 ; I/O Properties Checks for One I/O ; On Chip Termination and Slew Rate should not be used at the same time.             ; Critical ; No Slew Rate assignments found.                                          ; I/O                 ;                   ;
; Inapplicable ; IO_000034 ; SI Related Distance Checks        ; Single-ended outputs should be 0 LAB row(s) away from a differential I/O.          ; High     ; No Differential I/O Standard assignments found.                          ; I/O                 ;                   ;
; ----         ; ----      ; Disclaimer                        ; OCT rules are checked but not reported.                                            ; None     ; ----                                                                     ; On Chip Termination ;                   ;
+--------------+-----------+-----------------------------------+------------------------------------------------------------------------------------+----------+--------------------------------------------------------------------------+---------------------+-------------------+


+-----------------------------------------------------------------------------------------------------------------------------------------------------------------------------------------------------------------------------------------------------------------------------------------------------------------------------------------------------------------------------------------------------------------------------------------------+
; I/O Rules Matrix                                                                                                                                                                                                                                                                                                                                                                                                                              ;
+--------------------+--------------+--------------+--------------+--------------+--------------+-----------+--------------+--------------+-----------+-----------+--------------+--------------+--------------+--------------+--------------+--------------+--------------+--------------+--------------+--------------+--------------+--------------+--------------+--------------+--------------+--------------+--------------+--------------+
; Pin/Rules          ; IO_000001    ; IO_000002    ; IO_000003    ; IO_000004    ; IO_000005    ; IO_000006 ; IO_000007    ; IO_000008    ; IO_000009 ; IO_000010 ; IO_000011    ; IO_000012    ; IO_000013    ; IO_000014    ; IO_000015    ; IO_000018    ; IO_000019    ; IO_000020    ; IO_000021    ; IO_000022    ; IO_000023    ; IO_000024    ; IO_000026    ; IO_000027    ; IO_000045    ; IO_000046    ; IO_000047    ; IO_000034    ;
+--------------------+--------------+--------------+--------------+--------------+--------------+-----------+--------------+--------------+-----------+-----------+--------------+--------------+--------------+--------------+--------------+--------------+--------------+--------------+--------------+--------------+--------------+--------------+--------------+--------------+--------------+--------------+--------------+--------------+
; Total Pass         ; 0            ; 0            ; 0            ; 0            ; 0            ; 64        ; 0            ; 0            ; 64        ; 64        ; 0            ; 52           ; 0            ; 0            ; 0            ; 0            ; 52           ; 0            ; 0            ; 0            ; 0            ; 52           ; 0            ; 0            ; 0            ; 0            ; 0            ; 0            ;
; Total Unchecked    ; 0            ; 0            ; 0            ; 0            ; 0            ; 0         ; 0            ; 0            ; 0         ; 0         ; 0            ; 0            ; 0            ; 0            ; 0            ; 0            ; 0            ; 0            ; 0            ; 0            ; 0            ; 0            ; 0            ; 0            ; 0            ; 0            ; 0            ; 0            ;
; Total Inapplicable ; 64           ; 64           ; 64           ; 64           ; 64           ; 0         ; 64           ; 64           ; 0         ; 0         ; 64           ; 12           ; 64           ; 64           ; 64           ; 64           ; 12           ; 64           ; 64           ; 64           ; 64           ; 12           ; 64           ; 64           ; 64           ; 64           ; 64           ; 64           ;
; Total Fail         ; 0            ; 0            ; 0            ; 0            ; 0            ; 0         ; 0            ; 0            ; 0         ; 0         ; 0            ; 0            ; 0            ; 0            ; 0            ; 0            ; 0            ; 0            ; 0            ; 0            ; 0            ; 0            ; 0            ; 0            ; 0            ; 0            ; 0            ; 0            ;
; SW[2]              ; Inapplicable ; Inapplicable ; Inapplicable ; Inapplicable ; Inapplicable ; Pass      ; Inapplicable ; Inapplicable ; Pass      ; Pass      ; Inapplicable ; Inapplicable ; Inapplicable ; Inapplicable ; Inapplicable ; Inapplicable ; Inapplicable ; Inapplicable ; Inapplicable ; Inapplicable ; Inapplicable ; Inapplicable ; Inapplicable ; Inapplicable ; Inapplicable ; Inapplicable ; Inapplicable ; Inapplicable ;
; SW[3]              ; Inapplicable ; Inapplicable ; Inapplicable ; Inapplicable ; Inapplicable ; Pass      ; Inapplicable ; Inapplicable ; Pass      ; Pass      ; Inapplicable ; Inapplicable ; Inapplicable ; Inapplicable ; Inapplicable ; Inapplicable ; Inapplicable ; Inapplicable ; Inapplicable ; Inapplicable ; Inapplicable ; Inapplicable ; Inapplicable ; Inapplicable ; Inapplicable ; Inapplicable ; Inapplicable ; Inapplicable ;
; SW[4]              ; Inapplicable ; Inapplicable ; Inapplicable ; Inapplicable ; Inapplicable ; Pass      ; Inapplicable ; Inapplicable ; Pass      ; Pass      ; Inapplicable ; Inapplicable ; Inapplicable ; Inapplicable ; Inapplicable ; Inapplicable ; Inapplicable ; Inapplicable ; Inapplicable ; Inapplicable ; Inapplicable ; Inapplicable ; Inapplicable ; Inapplicable ; Inapplicable ; Inapplicable ; Inapplicable ; Inapplicable ;
; SW[5]              ; Inapplicable ; Inapplicable ; Inapplicable ; Inapplicable ; Inapplicable ; Pass      ; Inapplicable ; Inapplicable ; Pass      ; Pass      ; Inapplicable ; Inapplicable ; Inapplicable ; Inapplicable ; Inapplicable ; Inapplicable ; Inapplicable ; Inapplicable ; Inapplicable ; Inapplicable ; Inapplicable ; Inapplicable ; Inapplicable ; Inapplicable ; Inapplicable ; Inapplicable ; Inapplicable ; Inapplicable ;
; SW[6]              ; Inapplicable ; Inapplicable ; Inapplicable ; Inapplicable ; Inapplicable ; Pass      ; Inapplicable ; Inapplicable ; Pass      ; Pass      ; Inapplicable ; Inapplicable ; Inapplicable ; Inapplicable ; Inapplicable ; Inapplicable ; Inapplicable ; Inapplicable ; Inapplicable ; Inapplicable ; Inapplicable ; Inapplicable ; Inapplicable ; Inapplicable ; Inapplicable ; Inapplicable ; Inapplicable ; Inapplicable ;
; SW[7]              ; Inapplicable ; Inapplicable ; Inapplicable ; Inapplicable ; Inapplicable ; Pass      ; Inapplicable ; Inapplicable ; Pass      ; Pass      ; Inapplicable ; Inapplicable ; Inapplicable ; Inapplicable ; Inapplicable ; Inapplicable ; Inapplicable ; Inapplicable ; Inapplicable ; Inapplicable ; Inapplicable ; Inapplicable ; Inapplicable ; Inapplicable ; Inapplicable ; Inapplicable ; Inapplicable ; Inapplicable ;
; SW[8]              ; Inapplicable ; Inapplicable ; Inapplicable ; Inapplicable ; Inapplicable ; Pass      ; Inapplicable ; Inapplicable ; Pass      ; Pass      ; Inapplicable ; Inapplicable ; Inapplicable ; Inapplicable ; Inapplicable ; Inapplicable ; Inapplicable ; Inapplicable ; Inapplicable ; Inapplicable ; Inapplicable ; Inapplicable ; Inapplicable ; Inapplicable ; Inapplicable ; Inapplicable ; Inapplicable ; Inapplicable ;
; SW[9]              ; Inapplicable ; Inapplicable ; Inapplicable ; Inapplicable ; Inapplicable ; Pass      ; Inapplicable ; Inapplicable ; Pass      ; Pass      ; Inapplicable ; Inapplicable ; Inapplicable ; Inapplicable ; Inapplicable ; Inapplicable ; Inapplicable ; Inapplicable ; Inapplicable ; Inapplicable ; Inapplicable ; Inapplicable ; Inapplicable ; Inapplicable ; Inapplicable ; Inapplicable ; Inapplicable ; Inapplicable ;
; LEDR[0]            ; Inapplicable ; Inapplicable ; Inapplicable ; Inapplicable ; Inapplicable ; Pass      ; Inapplicable ; Inapplicable ; Pass      ; Pass      ; Inapplicable ; Pass         ; Inapplicable ; Inapplicable ; Inapplicable ; Inapplicable ; Pass         ; Inapplicable ; Inapplicable ; Inapplicable ; Inapplicable ; Pass         ; Inapplicable ; Inapplicable ; Inapplicable ; Inapplicable ; Inapplicable ; Inapplicable ;
; LEDR[1]            ; Inapplicable ; Inapplicable ; Inapplicable ; Inapplicable ; Inapplicable ; Pass      ; Inapplicable ; Inapplicable ; Pass      ; Pass      ; Inapplicable ; Pass         ; Inapplicable ; Inapplicable ; Inapplicable ; Inapplicable ; Pass         ; Inapplicable ; Inapplicable ; Inapplicable ; Inapplicable ; Pass         ; Inapplicable ; Inapplicable ; Inapplicable ; Inapplicable ; Inapplicable ; Inapplicable ;
; LEDR[2]            ; Inapplicable ; Inapplicable ; Inapplicable ; Inapplicable ; Inapplicable ; Pass      ; Inapplicable ; Inapplicable ; Pass      ; Pass      ; Inapplicable ; Pass         ; Inapplicable ; Inapplicable ; Inapplicable ; Inapplicable ; Pass         ; Inapplicable ; Inapplicable ; Inapplicable ; Inapplicable ; Pass         ; Inapplicable ; Inapplicable ; Inapplicable ; Inapplicable ; Inapplicable ; Inapplicable ;
; LEDR[3]            ; Inapplicable ; Inapplicable ; Inapplicable ; Inapplicable ; Inapplicable ; Pass      ; Inapplicable ; Inapplicable ; Pass      ; Pass      ; Inapplicable ; Pass         ; Inapplicable ; Inapplicable ; Inapplicable ; Inapplicable ; Pass         ; Inapplicable ; Inapplicable ; Inapplicable ; Inapplicable ; Pass         ; Inapplicable ; Inapplicable ; Inapplicable ; Inapplicable ; Inapplicable ; Inapplicable ;
; LEDR[4]            ; Inapplicable ; Inapplicable ; Inapplicable ; Inapplicable ; Inapplicable ; Pass      ; Inapplicable ; Inapplicable ; Pass      ; Pass      ; Inapplicable ; Pass         ; Inapplicable ; Inapplicable ; Inapplicable ; Inapplicable ; Pass         ; Inapplicable ; Inapplicable ; Inapplicable ; Inapplicable ; Pass         ; Inapplicable ; Inapplicable ; Inapplicable ; Inapplicable ; Inapplicable ; Inapplicable ;
; LEDR[5]            ; Inapplicable ; Inapplicable ; Inapplicable ; Inapplicable ; Inapplicable ; Pass      ; Inapplicable ; Inapplicable ; Pass      ; Pass      ; Inapplicable ; Pass         ; Inapplicable ; Inapplicable ; Inapplicable ; Inapplicable ; Pass         ; Inapplicable ; Inapplicable ; Inapplicable ; Inapplicable ; Pass         ; Inapplicable ; Inapplicable ; Inapplicable ; Inapplicable ; Inapplicable ; Inapplicable ;
; LEDR[6]            ; Inapplicable ; Inapplicable ; Inapplicable ; Inapplicable ; Inapplicable ; Pass      ; Inapplicable ; Inapplicable ; Pass      ; Pass      ; Inapplicable ; Pass         ; Inapplicable ; Inapplicable ; Inapplicable ; Inapplicable ; Pass         ; Inapplicable ; Inapplicable ; Inapplicable ; Inapplicable ; Pass         ; Inapplicable ; Inapplicable ; Inapplicable ; Inapplicable ; Inapplicable ; Inapplicable ;
; LEDR[7]            ; Inapplicable ; Inapplicable ; Inapplicable ; Inapplicable ; Inapplicable ; Pass      ; Inapplicable ; Inapplicable ; Pass      ; Pass      ; Inapplicable ; Pass         ; Inapplicable ; Inapplicable ; Inapplicable ; Inapplicable ; Pass         ; Inapplicable ; Inapplicable ; Inapplicable ; Inapplicable ; Pass         ; Inapplicable ; Inapplicable ; Inapplicable ; Inapplicable ; Inapplicable ; Inapplicable ;
; LEDR[8]            ; Inapplicable ; Inapplicable ; Inapplicable ; Inapplicable ; Inapplicable ; Pass      ; Inapplicable ; Inapplicable ; Pass      ; Pass      ; Inapplicable ; Pass         ; Inapplicable ; Inapplicable ; Inapplicable ; Inapplicable ; Pass         ; Inapplicable ; Inapplicable ; Inapplicable ; Inapplicable ; Pass         ; Inapplicable ; Inapplicable ; Inapplicable ; Inapplicable ; Inapplicable ; Inapplicable ;
; LEDR[9]            ; Inapplicable ; Inapplicable ; Inapplicable ; Inapplicable ; Inapplicable ; Pass      ; Inapplicable ; Inapplicable ; Pass      ; Pass      ; Inapplicable ; Pass         ; Inapplicable ; Inapplicable ; Inapplicable ; Inapplicable ; Pass         ; Inapplicable ; Inapplicable ; Inapplicable ; Inapplicable ; Pass         ; Inapplicable ; Inapplicable ; Inapplicable ; Inapplicable ; Inapplicable ; Inapplicable ;
; HEX0[0]            ; Inapplicable ; Inapplicable ; Inapplicable ; Inapplicable ; Inapplicable ; Pass      ; Inapplicable ; Inapplicable ; Pass      ; Pass      ; Inapplicable ; Pass         ; Inapplicable ; Inapplicable ; Inapplicable ; Inapplicable ; Pass         ; Inapplicable ; Inapplicable ; Inapplicable ; Inapplicable ; Pass         ; Inapplicable ; Inapplicable ; Inapplicable ; Inapplicable ; Inapplicable ; Inapplicable ;
; HEX0[1]            ; Inapplicable ; Inapplicable ; Inapplicable ; Inapplicable ; Inapplicable ; Pass      ; Inapplicable ; Inapplicable ; Pass      ; Pass      ; Inapplicable ; Pass         ; Inapplicable ; Inapplicable ; Inapplicable ; Inapplicable ; Pass         ; Inapplicable ; Inapplicable ; Inapplicable ; Inapplicable ; Pass         ; Inapplicable ; Inapplicable ; Inapplicable ; Inapplicable ; Inapplicable ; Inapplicable ;
; HEX0[2]            ; Inapplicable ; Inapplicable ; Inapplicable ; Inapplicable ; Inapplicable ; Pass      ; Inapplicable ; Inapplicable ; Pass      ; Pass      ; Inapplicable ; Pass         ; Inapplicable ; Inapplicable ; Inapplicable ; Inapplicable ; Pass         ; Inapplicable ; Inapplicable ; Inapplicable ; Inapplicable ; Pass         ; Inapplicable ; Inapplicable ; Inapplicable ; Inapplicable ; Inapplicable ; Inapplicable ;
; HEX0[3]            ; Inapplicable ; Inapplicable ; Inapplicable ; Inapplicable ; Inapplicable ; Pass      ; Inapplicable ; Inapplicable ; Pass      ; Pass      ; Inapplicable ; Pass         ; Inapplicable ; Inapplicable ; Inapplicable ; Inapplicable ; Pass         ; Inapplicable ; Inapplicable ; Inapplicable ; Inapplicable ; Pass         ; Inapplicable ; Inapplicable ; Inapplicable ; Inapplicable ; Inapplicable ; Inapplicable ;
; HEX0[4]            ; Inapplicable ; Inapplicable ; Inapplicable ; Inapplicable ; Inapplicable ; Pass      ; Inapplicable ; Inapplicable ; Pass      ; Pass      ; Inapplicable ; Pass         ; Inapplicable ; Inapplicable ; Inapplicable ; Inapplicable ; Pass         ; Inapplicable ; Inapplicable ; Inapplicable ; Inapplicable ; Pass         ; Inapplicable ; Inapplicable ; Inapplicable ; Inapplicable ; Inapplicable ; Inapplicable ;
; HEX0[5]            ; Inapplicable ; Inapplicable ; Inapplicable ; Inapplicable ; Inapplicable ; Pass      ; Inapplicable ; Inapplicable ; Pass      ; Pass      ; Inapplicable ; Pass         ; Inapplicable ; Inapplicable ; Inapplicable ; Inapplicable ; Pass         ; Inapplicable ; Inapplicable ; Inapplicable ; Inapplicable ; Pass         ; Inapplicable ; Inapplicable ; Inapplicable ; Inapplicable ; Inapplicable ; Inapplicable ;
; HEX0[6]            ; Inapplicable ; Inapplicable ; Inapplicable ; Inapplicable ; Inapplicable ; Pass      ; Inapplicable ; Inapplicable ; Pass      ; Pass      ; Inapplicable ; Pass         ; Inapplicable ; Inapplicable ; Inapplicable ; Inapplicable ; Pass         ; Inapplicable ; Inapplicable ; Inapplicable ; Inapplicable ; Pass         ; Inapplicable ; Inapplicable ; Inapplicable ; Inapplicable ; Inapplicable ; Inapplicable ;
; HEX1[0]            ; Inapplicable ; Inapplicable ; Inapplicable ; Inapplicable ; Inapplicable ; Pass      ; Inapplicable ; Inapplicable ; Pass      ; Pass      ; Inapplicable ; Pass         ; Inapplicable ; Inapplicable ; Inapplicable ; Inapplicable ; Pass         ; Inapplicable ; Inapplicable ; Inapplicable ; Inapplicable ; Pass         ; Inapplicable ; Inapplicable ; Inapplicable ; Inapplicable ; Inapplicable ; Inapplicable ;
; HEX1[1]            ; Inapplicable ; Inapplicable ; Inapplicable ; Inapplicable ; Inapplicable ; Pass      ; Inapplicable ; Inapplicable ; Pass      ; Pass      ; Inapplicable ; Pass         ; Inapplicable ; Inapplicable ; Inapplicable ; Inapplicable ; Pass         ; Inapplicable ; Inapplicable ; Inapplicable ; Inapplicable ; Pass         ; Inapplicable ; Inapplicable ; Inapplicable ; Inapplicable ; Inapplicable ; Inapplicable ;
; HEX1[2]            ; Inapplicable ; Inapplicable ; Inapplicable ; Inapplicable ; Inapplicable ; Pass      ; Inapplicable ; Inapplicable ; Pass      ; Pass      ; Inapplicable ; Pass         ; Inapplicable ; Inapplicable ; Inapplicable ; Inapplicable ; Pass         ; Inapplicable ; Inapplicable ; Inapplicable ; Inapplicable ; Pass         ; Inapplicable ; Inapplicable ; Inapplicable ; Inapplicable ; Inapplicable ; Inapplicable ;
; HEX1[3]            ; Inapplicable ; Inapplicable ; Inapplicable ; Inapplicable ; Inapplicable ; Pass      ; Inapplicable ; Inapplicable ; Pass      ; Pass      ; Inapplicable ; Pass         ; Inapplicable ; Inapplicable ; Inapplicable ; Inapplicable ; Pass         ; Inapplicable ; Inapplicable ; Inapplicable ; Inapplicable ; Pass         ; Inapplicable ; Inapplicable ; Inapplicable ; Inapplicable ; Inapplicable ; Inapplicable ;
; HEX1[4]            ; Inapplicable ; Inapplicable ; Inapplicable ; Inapplicable ; Inapplicable ; Pass      ; Inapplicable ; Inapplicable ; Pass      ; Pass      ; Inapplicable ; Pass         ; Inapplicable ; Inapplicable ; Inapplicable ; Inapplicable ; Pass         ; Inapplicable ; Inapplicable ; Inapplicable ; Inapplicable ; Pass         ; Inapplicable ; Inapplicable ; Inapplicable ; Inapplicable ; Inapplicable ; Inapplicable ;
; HEX1[5]            ; Inapplicable ; Inapplicable ; Inapplicable ; Inapplicable ; Inapplicable ; Pass      ; Inapplicable ; Inapplicable ; Pass      ; Pass      ; Inapplicable ; Pass         ; Inapplicable ; Inapplicable ; Inapplicable ; Inapplicable ; Pass         ; Inapplicable ; Inapplicable ; Inapplicable ; Inapplicable ; Pass         ; Inapplicable ; Inapplicable ; Inapplicable ; Inapplicable ; Inapplicable ; Inapplicable ;
; HEX1[6]            ; Inapplicable ; Inapplicable ; Inapplicable ; Inapplicable ; Inapplicable ; Pass      ; Inapplicable ; Inapplicable ; Pass      ; Pass      ; Inapplicable ; Pass         ; Inapplicable ; Inapplicable ; Inapplicable ; Inapplicable ; Pass         ; Inapplicable ; Inapplicable ; Inapplicable ; Inapplicable ; Pass         ; Inapplicable ; Inapplicable ; Inapplicable ; Inapplicable ; Inapplicable ; Inapplicable ;
; HEX2[0]            ; Inapplicable ; Inapplicable ; Inapplicable ; Inapplicable ; Inapplicable ; Pass      ; Inapplicable ; Inapplicable ; Pass      ; Pass      ; Inapplicable ; Pass         ; Inapplicable ; Inapplicable ; Inapplicable ; Inapplicable ; Pass         ; Inapplicable ; Inapplicable ; Inapplicable ; Inapplicable ; Pass         ; Inapplicable ; Inapplicable ; Inapplicable ; Inapplicable ; Inapplicable ; Inapplicable ;
; HEX2[1]            ; Inapplicable ; Inapplicable ; Inapplicable ; Inapplicable ; Inapplicable ; Pass      ; Inapplicable ; Inapplicable ; Pass      ; Pass      ; Inapplicable ; Pass         ; Inapplicable ; Inapplicable ; Inapplicable ; Inapplicable ; Pass         ; Inapplicable ; Inapplicable ; Inapplicable ; Inapplicable ; Pass         ; Inapplicable ; Inapplicable ; Inapplicable ; Inapplicable ; Inapplicable ; Inapplicable ;
; HEX2[2]            ; Inapplicable ; Inapplicable ; Inapplicable ; Inapplicable ; Inapplicable ; Pass      ; Inapplicable ; Inapplicable ; Pass      ; Pass      ; Inapplicable ; Pass         ; Inapplicable ; Inapplicable ; Inapplicable ; Inapplicable ; Pass         ; Inapplicable ; Inapplicable ; Inapplicable ; Inapplicable ; Pass         ; Inapplicable ; Inapplicable ; Inapplicable ; Inapplicable ; Inapplicable ; Inapplicable ;
; HEX2[3]            ; Inapplicable ; Inapplicable ; Inapplicable ; Inapplicable ; Inapplicable ; Pass      ; Inapplicable ; Inapplicable ; Pass      ; Pass      ; Inapplicable ; Pass         ; Inapplicable ; Inapplicable ; Inapplicable ; Inapplicable ; Pass         ; Inapplicable ; Inapplicable ; Inapplicable ; Inapplicable ; Pass         ; Inapplicable ; Inapplicable ; Inapplicable ; Inapplicable ; Inapplicable ; Inapplicable ;
; HEX2[4]            ; Inapplicable ; Inapplicable ; Inapplicable ; Inapplicable ; Inapplicable ; Pass      ; Inapplicable ; Inapplicable ; Pass      ; Pass      ; Inapplicable ; Pass         ; Inapplicable ; Inapplicable ; Inapplicable ; Inapplicable ; Pass         ; Inapplicable ; Inapplicable ; Inapplicable ; Inapplicable ; Pass         ; Inapplicable ; Inapplicable ; Inapplicable ; Inapplicable ; Inapplicable ; Inapplicable ;
; HEX2[5]            ; Inapplicable ; Inapplicable ; Inapplicable ; Inapplicable ; Inapplicable ; Pass      ; Inapplicable ; Inapplicable ; Pass      ; Pass      ; Inapplicable ; Pass         ; Inapplicable ; Inapplicable ; Inapplicable ; Inapplicable ; Pass         ; Inapplicable ; Inapplicable ; Inapplicable ; Inapplicable ; Pass         ; Inapplicable ; Inapplicable ; Inapplicable ; Inapplicable ; Inapplicable ; Inapplicable ;
; HEX2[6]            ; Inapplicable ; Inapplicable ; Inapplicable ; Inapplicable ; Inapplicable ; Pass      ; Inapplicable ; Inapplicable ; Pass      ; Pass      ; Inapplicable ; Pass         ; Inapplicable ; Inapplicable ; Inapplicable ; Inapplicable ; Pass         ; Inapplicable ; Inapplicable ; Inapplicable ; Inapplicable ; Pass         ; Inapplicable ; Inapplicable ; Inapplicable ; Inapplicable ; Inapplicable ; Inapplicable ;
; HEX3[0]            ; Inapplicable ; Inapplicable ; Inapplicable ; Inapplicable ; Inapplicable ; Pass      ; Inapplicable ; Inapplicable ; Pass      ; Pass      ; Inapplicable ; Pass         ; Inapplicable ; Inapplicable ; Inapplicable ; Inapplicable ; Pass         ; Inapplicable ; Inapplicable ; Inapplicable ; Inapplicable ; Pass         ; Inapplicable ; Inapplicable ; Inapplicable ; Inapplicable ; Inapplicable ; Inapplicable ;
; HEX3[1]            ; Inapplicable ; Inapplicable ; Inapplicable ; Inapplicable ; Inapplicable ; Pass      ; Inapplicable ; Inapplicable ; Pass      ; Pass      ; Inapplicable ; Pass         ; Inapplicable ; Inapplicable ; Inapplicable ; Inapplicable ; Pass         ; Inapplicable ; Inapplicable ; Inapplicable ; Inapplicable ; Pass         ; Inapplicable ; Inapplicable ; Inapplicable ; Inapplicable ; Inapplicable ; Inapplicable ;
; HEX3[2]            ; Inapplicable ; Inapplicable ; Inapplicable ; Inapplicable ; Inapplicable ; Pass      ; Inapplicable ; Inapplicable ; Pass      ; Pass      ; Inapplicable ; Pass         ; Inapplicable ; Inapplicable ; Inapplicable ; Inapplicable ; Pass         ; Inapplicable ; Inapplicable ; Inapplicable ; Inapplicable ; Pass         ; Inapplicable ; Inapplicable ; Inapplicable ; Inapplicable ; Inapplicable ; Inapplicable ;
; HEX3[3]            ; Inapplicable ; Inapplicable ; Inapplicable ; Inapplicable ; Inapplicable ; Pass      ; Inapplicable ; Inapplicable ; Pass      ; Pass      ; Inapplicable ; Pass         ; Inapplicable ; Inapplicable ; Inapplicable ; Inapplicable ; Pass         ; Inapplicable ; Inapplicable ; Inapplicable ; Inapplicable ; Pass         ; Inapplicable ; Inapplicable ; Inapplicable ; Inapplicable ; Inapplicable ; Inapplicable ;
; HEX3[4]            ; Inapplicable ; Inapplicable ; Inapplicable ; Inapplicable ; Inapplicable ; Pass      ; Inapplicable ; Inapplicable ; Pass      ; Pass      ; Inapplicable ; Pass         ; Inapplicable ; Inapplicable ; Inapplicable ; Inapplicable ; Pass         ; Inapplicable ; Inapplicable ; Inapplicable ; Inapplicable ; Pass         ; Inapplicable ; Inapplicable ; Inapplicable ; Inapplicable ; Inapplicable ; Inapplicable ;
; HEX3[5]            ; Inapplicable ; Inapplicable ; Inapplicable ; Inapplicable ; Inapplicable ; Pass      ; Inapplicable ; Inapplicable ; Pass      ; Pass      ; Inapplicable ; Pass         ; Inapplicable ; Inapplicable ; Inapplicable ; Inapplicable ; Pass         ; Inapplicable ; Inapplicable ; Inapplicable ; Inapplicable ; Pass         ; Inapplicable ; Inapplicable ; Inapplicable ; Inapplicable ; Inapplicable ; Inapplicable ;
; HEX3[6]            ; Inapplicable ; Inapplicable ; Inapplicable ; Inapplicable ; Inapplicable ; Pass      ; Inapplicable ; Inapplicable ; Pass      ; Pass      ; Inapplicable ; Pass         ; Inapplicable ; Inapplicable ; Inapplicable ; Inapplicable ; Pass         ; Inapplicable ; Inapplicable ; Inapplicable ; Inapplicable ; Pass         ; Inapplicable ; Inapplicable ; Inapplicable ; Inapplicable ; Inapplicable ; Inapplicable ;
; HEX4[0]            ; Inapplicable ; Inapplicable ; Inapplicable ; Inapplicable ; Inapplicable ; Pass      ; Inapplicable ; Inapplicable ; Pass      ; Pass      ; Inapplicable ; Pass         ; Inapplicable ; Inapplicable ; Inapplicable ; Inapplicable ; Pass         ; Inapplicable ; Inapplicable ; Inapplicable ; Inapplicable ; Pass         ; Inapplicable ; Inapplicable ; Inapplicable ; Inapplicable ; Inapplicable ; Inapplicable ;
; HEX4[1]            ; Inapplicable ; Inapplicable ; Inapplicable ; Inapplicable ; Inapplicable ; Pass      ; Inapplicable ; Inapplicable ; Pass      ; Pass      ; Inapplicable ; Pass         ; Inapplicable ; Inapplicable ; Inapplicable ; Inapplicable ; Pass         ; Inapplicable ; Inapplicable ; Inapplicable ; Inapplicable ; Pass         ; Inapplicable ; Inapplicable ; Inapplicable ; Inapplicable ; Inapplicable ; Inapplicable ;
; HEX4[2]            ; Inapplicable ; Inapplicable ; Inapplicable ; Inapplicable ; Inapplicable ; Pass      ; Inapplicable ; Inapplicable ; Pass      ; Pass      ; Inapplicable ; Pass         ; Inapplicable ; Inapplicable ; Inapplicable ; Inapplicable ; Pass         ; Inapplicable ; Inapplicable ; Inapplicable ; Inapplicable ; Pass         ; Inapplicable ; Inapplicable ; Inapplicable ; Inapplicable ; Inapplicable ; Inapplicable ;
; HEX4[3]            ; Inapplicable ; Inapplicable ; Inapplicable ; Inapplicable ; Inapplicable ; Pass      ; Inapplicable ; Inapplicable ; Pass      ; Pass      ; Inapplicable ; Pass         ; Inapplicable ; Inapplicable ; Inapplicable ; Inapplicable ; Pass         ; Inapplicable ; Inapplicable ; Inapplicable ; Inapplicable ; Pass         ; Inapplicable ; Inapplicable ; Inapplicable ; Inapplicable ; Inapplicable ; Inapplicable ;
; HEX4[4]            ; Inapplicable ; Inapplicable ; Inapplicable ; Inapplicable ; Inapplicable ; Pass      ; Inapplicable ; Inapplicable ; Pass      ; Pass      ; Inapplicable ; Pass         ; Inapplicable ; Inapplicable ; Inapplicable ; Inapplicable ; Pass         ; Inapplicable ; Inapplicable ; Inapplicable ; Inapplicable ; Pass         ; Inapplicable ; Inapplicable ; Inapplicable ; Inapplicable ; Inapplicable ; Inapplicable ;
; HEX4[5]            ; Inapplicable ; Inapplicable ; Inapplicable ; Inapplicable ; Inapplicable ; Pass      ; Inapplicable ; Inapplicable ; Pass      ; Pass      ; Inapplicable ; Pass         ; Inapplicable ; Inapplicable ; Inapplicable ; Inapplicable ; Pass         ; Inapplicable ; Inapplicable ; Inapplicable ; Inapplicable ; Pass         ; Inapplicable ; Inapplicable ; Inapplicable ; Inapplicable ; Inapplicable ; Inapplicable ;
; HEX4[6]            ; Inapplicable ; Inapplicable ; Inapplicable ; Inapplicable ; Inapplicable ; Pass      ; Inapplicable ; Inapplicable ; Pass      ; Pass      ; Inapplicable ; Pass         ; Inapplicable ; Inapplicable ; Inapplicable ; Inapplicable ; Pass         ; Inapplicable ; Inapplicable ; Inapplicable ; Inapplicable ; Pass         ; Inapplicable ; Inapplicable ; Inapplicable ; Inapplicable ; Inapplicable ; Inapplicable ;
; HEX5[0]            ; Inapplicable ; Inapplicable ; Inapplicable ; Inapplicable ; Inapplicable ; Pass      ; Inapplicable ; Inapplicable ; Pass      ; Pass      ; Inapplicable ; Pass         ; Inapplicable ; Inapplicable ; Inapplicable ; Inapplicable ; Pass         ; Inapplicable ; Inapplicable ; Inapplicable ; Inapplicable ; Pass         ; Inapplicable ; Inapplicable ; Inapplicable ; Inapplicable ; Inapplicable ; Inapplicable ;
; HEX5[1]            ; Inapplicable ; Inapplicable ; Inapplicable ; Inapplicable ; Inapplicable ; Pass      ; Inapplicable ; Inapplicable ; Pass      ; Pass      ; Inapplicable ; Pass         ; Inapplicable ; Inapplicable ; Inapplicable ; Inapplicable ; Pass         ; Inapplicable ; Inapplicable ; Inapplicable ; Inapplicable ; Pass         ; Inapplicable ; Inapplicable ; Inapplicable ; Inapplicable ; Inapplicable ; Inapplicable ;
; HEX5[2]            ; Inapplicable ; Inapplicable ; Inapplicable ; Inapplicable ; Inapplicable ; Pass      ; Inapplicable ; Inapplicable ; Pass      ; Pass      ; Inapplicable ; Pass         ; Inapplicable ; Inapplicable ; Inapplicable ; Inapplicable ; Pass         ; Inapplicable ; Inapplicable ; Inapplicable ; Inapplicable ; Pass         ; Inapplicable ; Inapplicable ; Inapplicable ; Inapplicable ; Inapplicable ; Inapplicable ;
; HEX5[3]            ; Inapplicable ; Inapplicable ; Inapplicable ; Inapplicable ; Inapplicable ; Pass      ; Inapplicable ; Inapplicable ; Pass      ; Pass      ; Inapplicable ; Pass         ; Inapplicable ; Inapplicable ; Inapplicable ; Inapplicable ; Pass         ; Inapplicable ; Inapplicable ; Inapplicable ; Inapplicable ; Pass         ; Inapplicable ; Inapplicable ; Inapplicable ; Inapplicable ; Inapplicable ; Inapplicable ;
; HEX5[4]            ; Inapplicable ; Inapplicable ; Inapplicable ; Inapplicable ; Inapplicable ; Pass      ; Inapplicable ; Inapplicable ; Pass      ; Pass      ; Inapplicable ; Pass         ; Inapplicable ; Inapplicable ; Inapplicable ; Inapplicable ; Pass         ; Inapplicable ; Inapplicable ; Inapplicable ; Inapplicable ; Pass         ; Inapplicable ; Inapplicable ; Inapplicable ; Inapplicable ; Inapplicable ; Inapplicable ;
; HEX5[5]            ; Inapplicable ; Inapplicable ; Inapplicable ; Inapplicable ; Inapplicable ; Pass      ; Inapplicable ; Inapplicable ; Pass      ; Pass      ; Inapplicable ; Pass         ; Inapplicable ; Inapplicable ; Inapplicable ; Inapplicable ; Pass         ; Inapplicable ; Inapplicable ; Inapplicable ; Inapplicable ; Pass         ; Inapplicable ; Inapplicable ; Inapplicable ; Inapplicable ; Inapplicable ; Inapplicable ;
; HEX5[6]            ; Inapplicable ; Inapplicable ; Inapplicable ; Inapplicable ; Inapplicable ; Pass      ; Inapplicable ; Inapplicable ; Pass      ; Pass      ; Inapplicable ; Pass         ; Inapplicable ; Inapplicable ; Inapplicable ; Inapplicable ; Pass         ; Inapplicable ; Inapplicable ; Inapplicable ; Inapplicable ; Pass         ; Inapplicable ; Inapplicable ; Inapplicable ; Inapplicable ; Inapplicable ; Inapplicable ;
; SW[0]              ; Inapplicable ; Inapplicable ; Inapplicable ; Inapplicable ; Inapplicable ; Pass      ; Inapplicable ; Inapplicable ; Pass      ; Pass      ; Inapplicable ; Inapplicable ; Inapplicable ; Inapplicable ; Inapplicable ; Inapplicable ; Inapplicable ; Inapplicable ; Inapplicable ; Inapplicable ; Inapplicable ; Inapplicable ; Inapplicable ; Inapplicable ; Inapplicable ; Inapplicable ; Inapplicable ; Inapplicable ;
; SW[1]              ; Inapplicable ; Inapplicable ; Inapplicable ; Inapplicable ; Inapplicable ; Pass      ; Inapplicable ; Inapplicable ; Pass      ; Pass      ; Inapplicable ; Inapplicable ; Inapplicable ; Inapplicable ; Inapplicable ; Inapplicable ; Inapplicable ; Inapplicable ; Inapplicable ; Inapplicable ; Inapplicable ; Inapplicable ; Inapplicable ; Inapplicable ; Inapplicable ; Inapplicable ; Inapplicable ; Inapplicable ;
; KEY[0]             ; Inapplicable ; Inapplicable ; Inapplicable ; Inapplicable ; Inapplicable ; Pass      ; Inapplicable ; Inapplicable ; Pass      ; Pass      ; Inapplicable ; Inapplicable ; Inapplicable ; Inapplicable ; Inapplicable ; Inapplicable ; Inapplicable ; Inapplicable ; Inapplicable ; Inapplicable ; Inapplicable ; Inapplicable ; Inapplicable ; Inapplicable ; Inapplicable ; Inapplicable ; Inapplicable ; Inapplicable ;
; KEY[1]             ; Inapplicable ; Inapplicable ; Inapplicable ; Inapplicable ; Inapplicable ; Pass      ; Inapplicable ; Inapplicable ; Pass      ; Pass      ; Inapplicable ; Inapplicable ; Inapplicable ; Inapplicable ; Inapplicable ; Inapplicable ; Inapplicable ; Inapplicable ; Inapplicable ; Inapplicable ; Inapplicable ; Inapplicable ; Inapplicable ; Inapplicable ; Inapplicable ; Inapplicable ; Inapplicable ; Inapplicable ;
+--------------------+--------------+--------------+--------------+--------------+--------------+-----------+--------------+--------------+-----------+-----------+--------------+--------------+--------------+--------------+--------------+--------------+--------------+--------------+--------------+--------------+--------------+--------------+--------------+--------------+--------------+--------------+--------------+--------------+


+------------------------------------------------------------------------------------------------+
; Fitter Device Options                                                                          ;
+------------------------------------------------------------------+-----------------------------+
; Option                                                           ; Setting                     ;
+------------------------------------------------------------------+-----------------------------+
; Enable user-supplied start-up clock (CLKUSR)                     ; Off                         ;
; Enable device-wide reset (DEV_CLRn)                              ; Off                         ;
; Enable device-wide output enable (DEV_OE)                        ; Off                         ;
; Enable INIT_DONE output                                          ; Off                         ;
; Configuration scheme                                             ; Passive Serial              ;
; Enable Error Detection CRC_ERROR pin                             ; Off                         ;
; Enable CvP_CONFDONE pin                                          ; Off                         ;
; Enable open drain on CRC_ERROR pin                               ; On                          ;
; Enable open drain on CvP_CONFDONE pin                            ; On                          ;
; Enable open drain on INIT_DONE pin                               ; On                          ;
; Enable open drain on Partial Reconfiguration pins                ; Off                         ;
; Enable open drain on nCEO pin                                    ; On                          ;
; Enable Partial Reconfiguration pins                              ; Off                         ;
; Enable input tri-state on active configuration pins in user mode ; Off                         ;
; Enable internal scrubbing                                        ; Off                         ;
; Active Serial clock source                                       ; 100 MHz Internal Oscillator ;
; Device initialization clock source                               ; Internal Oscillator         ;
; Configuration via Protocol                                       ; Off                         ;
; Configuration Voltage Level                                      ; Auto                        ;
; Force Configuration Voltage Level                                ; Off                         ;
; Enable nCEO output                                               ; Off                         ;
; Data[15..8]                                                      ; Unreserved                  ;
; Data[7..5]                                                       ; Unreserved                  ;
; Base pin-out file on sameframe device                            ; Off                         ;
+------------------------------------------------------------------+-----------------------------+


+------------------------------------+
; Operating Settings and Conditions  ;
+---------------------------+--------+
; Setting                   ; Value  ;
+---------------------------+--------+
; Nominal Core Voltage      ; 1.10 V ;
; Low Junction Temperature  ; 0 °C   ;
; High Junction Temperature ; 85 °C  ;
+---------------------------+--------+


+------------------------------------------------------------+
; Estimated Delay Added for Hold Timing Summary              ;
+-----------------+----------------------+-------------------+
; Source Clock(s) ; Destination Clock(s) ; Delay Added in ns ;
+-----------------+----------------------+-------------------+
; KEY[0]          ; KEY[0],I/O           ; 112.7             ;
; KEY[0]          ; KEY[0]               ; 10.3              ;
+-----------------+----------------------+-------------------+
Note: For more information on problematic transfers, consider running the Fitter again with the Optimize hold timing option (Settings Menu) turned off.
This will disable optimization of problematic paths and expose them for further analysis using the Timing Analyzer.


+-------------------------------------------------------------------------------------+
; Estimated Delay Added for Hold Timing Details                                       ;
+------------------------------------+----------------------------+-------------------+
; Source Register                    ; Destination Register       ; Delay Added in ns ;
+------------------------------------+----------------------------+-------------------+
; control:U_CONTROL|state.store_prep ; register_cpu:U_REGS|SP[12] ; 1.093             ;
; register_cpu:U_REGS|IR[12]         ; register_cpu:U_REGS|SP[12] ; 1.082             ;
; register_cpu:U_REGS|IR[10]         ; register_cpu:U_REGS|SP[12] ; 1.075             ;
; register_cpu:U_REGS|IR[11]         ; register_cpu:U_REGS|SP[12] ; 1.068             ;
; register_cpu:U_REGS|AD[15]         ; register_cpu:U_REGS|SP[12] ; 1.044             ;
; register_cpu:U_REGS|IR[5]          ; register_cpu:U_REGS|SP[12] ; 1.044             ;
; register_cpu:U_REGS|AD[20]         ; register_cpu:U_REGS|SP[12] ; 1.043             ;
; register_cpu:U_REGS|SP[7]          ; register_cpu:U_REGS|SP[12] ; 1.039             ;
; register_cpu:U_REGS|IR[6]          ; register_cpu:U_REGS|SP[12] ; 1.032             ;
; register_cpu:U_REGS|ATMP[1]        ; register_cpu:U_REGS|SP[12] ; 1.023             ;
; register_cpu:U_REGS|SP[2]          ; register_cpu:U_REGS|SP[12] ; 1.023             ;
; register_cpu:U_REGS|SP[14]         ; register_cpu:U_REGS|SP[12] ; 1.021             ;
; register_cpu:U_REGS|ATMP[3]        ; register_cpu:U_REGS|SP[12] ; 1.021             ;
; register_cpu:U_REGS|ATMP[4]        ; register_cpu:U_REGS|SP[12] ; 1.021             ;
; register_cpu:U_REGS|ATMP[0]        ; register_cpu:U_REGS|SP[12] ; 1.021             ;
; register_cpu:U_REGS|IR[9]          ; register_cpu:U_REGS|SP[12] ; 1.016             ;
; register_cpu:U_REGS|R[11][14]      ; register_cpu:U_REGS|SP[12] ; 1.016             ;
; register_cpu:U_REGS|ATMP[5]        ; register_cpu:U_REGS|SP[12] ; 1.008             ;
; register_cpu:U_REGS|ATMP[10]       ; register_cpu:U_REGS|SP[12] ; 1.008             ;
; register_cpu:U_REGS|ATMP[12]       ; register_cpu:U_REGS|SP[12] ; 1.008             ;
; register_cpu:U_REGS|ATMP[11]       ; register_cpu:U_REGS|SP[12] ; 1.005             ;
; register_cpu:U_REGS|ATMP[15]       ; register_cpu:U_REGS|SP[12] ; 1.005             ;
; register_cpu:U_REGS|ATMP[8]        ; register_cpu:U_REGS|SP[12] ; 1.005             ;
; register_cpu:U_REGS|ATMP[9]        ; register_cpu:U_REGS|SP[12] ; 1.001             ;
; register_cpu:U_REGS|ATMP[6]        ; register_cpu:U_REGS|SP[12] ; 1.001             ;
; register_cpu:U_REGS|AD[18]         ; register_cpu:U_REGS|SP[12] ; 0.999             ;
; register_cpu:U_REGS|AD[28]         ; register_cpu:U_REGS|SP[12] ; 0.995             ;
; register_cpu:U_REGS|ATMP[13]       ; register_cpu:U_REGS|SP[12] ; 0.991             ;
; register_cpu:U_REGS|R[14][4]       ; register_cpu:U_REGS|SP[12] ; 0.969             ;
; register_cpu:U_REGS|R[2][13]       ; register_cpu:U_REGS|SP[12] ; 0.945             ;
; register_cpu:U_REGS|R[15][4]       ; register_cpu:U_REGS|SP[12] ; 0.936             ;
; register_cpu:U_REGS|TMP[2]         ; register_cpu:U_REGS|SP[12] ; 0.936             ;
; register_cpu:U_REGS|R[14][15]      ; register_cpu:U_REGS|SP[12] ; 0.935             ;
; register_cpu:U_REGS|R[10][9]       ; register_cpu:U_REGS|SP[12] ; 0.926             ;
; register_cpu:U_REGS|ATMP[7]        ; register_cpu:U_REGS|SP[12] ; 0.926             ;
; register_cpu:U_REGS|R[10][4]       ; register_cpu:U_REGS|SP[12] ; 0.923             ;
; register_cpu:U_REGS|R[10][6]       ; register_cpu:U_REGS|SP[12] ; 0.922             ;
; register_cpu:U_REGS|IR[8]          ; register_cpu:U_REGS|SP[12] ; 0.916             ;
; register_cpu:U_REGS|AD[2]          ; register_cpu:U_REGS|SP[12] ; 0.916             ;
; register_cpu:U_REGS|R[6][9]        ; register_cpu:U_REGS|SP[12] ; 0.913             ;
; register_cpu:U_REGS|PC[31]         ; register_cpu:U_REGS|SP[12] ; 0.913             ;
; register_cpu:U_REGS|R[9][14]       ; register_cpu:U_REGS|SP[12] ; 0.911             ;
; register_cpu:U_REGS|ATMP[26]       ; register_cpu:U_REGS|SP[12] ; 0.903             ;
; register_cpu:U_REGS|SP[27]         ; register_cpu:U_REGS|SP[12] ; 0.902             ;
; register_cpu:U_REGS|PC[18]         ; register_cpu:U_REGS|SP[12] ; 0.901             ;
; register_cpu:U_REGS|IR[7]          ; register_cpu:U_REGS|SP[12] ; 0.900             ;
; register_cpu:U_REGS|R[10][15]      ; register_cpu:U_REGS|SP[12] ; 0.897             ;
; register_cpu:U_REGS|R[0][14]       ; register_cpu:U_REGS|SP[12] ; 0.897             ;
; register_cpu:U_REGS|TMP[3]         ; register_cpu:U_REGS|SP[12] ; 0.896             ;
; control:U_CONTROL|state.exec_alu   ; register_cpu:U_REGS|SP[12] ; 0.887             ;
; register_cpu:U_REGS|SP[5]          ; register_cpu:U_REGS|SP[12] ; 0.879             ;
; register_cpu:U_REGS|SP[15]         ; register_cpu:U_REGS|SP[12] ; 0.879             ;
; register_cpu:U_REGS|R[2][9]        ; register_cpu:U_REGS|SP[12] ; 0.878             ;
; register_cpu:U_REGS|R[6][14]       ; register_cpu:U_REGS|SP[12] ; 0.876             ;
; register_cpu:U_REGS|SP[10]         ; register_cpu:U_REGS|SP[12] ; 0.876             ;
; register_cpu:U_REGS|SP[12]         ; register_cpu:U_REGS|SP[12] ; 0.876             ;
; register_cpu:U_REGS|SP[8]          ; register_cpu:U_REGS|SP[12] ; 0.876             ;
; register_cpu:U_REGS|AD[23]         ; register_cpu:U_REGS|SP[12] ; 0.873             ;
; register_cpu:U_REGS|TMP[7]         ; register_cpu:U_REGS|SP[12] ; 0.873             ;
; register_cpu:U_REGS|R[1][3]        ; register_cpu:U_REGS|SP[12] ; 0.868             ;
; register_cpu:U_REGS|SP[13]         ; register_cpu:U_REGS|SP[12] ; 0.859             ;
; register_cpu:U_REGS|R[14][9]       ; register_cpu:U_REGS|SP[12] ; 0.858             ;
; register_cpu:U_REGS|R[5][5]        ; register_cpu:U_REGS|SP[12] ; 0.856             ;
; register_cpu:U_REGS|R[11][3]       ; register_cpu:U_REGS|SP[12] ; 0.853             ;
; register_cpu:U_REGS|PC[19]         ; register_cpu:U_REGS|SP[12] ; 0.851             ;
; register_cpu:U_REGS|AD[17]         ; register_cpu:U_REGS|SP[12] ; 0.847             ;
; register_cpu:U_REGS|AD[19]         ; register_cpu:U_REGS|SP[12] ; 0.840             ;
; register_cpu:U_REGS|R[6][1]        ; register_cpu:U_REGS|SP[12] ; 0.839             ;
; register_cpu:U_REGS|R[2][1]        ; register_cpu:U_REGS|SP[12] ; 0.839             ;
; register_cpu:U_REGS|R[11][8]       ; register_cpu:U_REGS|SP[12] ; 0.834             ;
; register_cpu:U_REGS|R[3][3]        ; register_cpu:U_REGS|SP[12] ; 0.832             ;
; register_cpu:U_REGS|R[10][12]      ; register_cpu:U_REGS|SP[12] ; 0.832             ;
; register_cpu:U_REGS|R[3][5]        ; register_cpu:U_REGS|SP[12] ; 0.831             ;
; register_cpu:U_REGS|ATMP[2]        ; register_cpu:U_REGS|SP[12] ; 0.831             ;
; register_cpu:U_REGS|AD[22]         ; register_cpu:U_REGS|SP[12] ; 0.830             ;
; register_cpu:U_REGS|R[7][1]        ; register_cpu:U_REGS|SP[12] ; 0.825             ;
; register_cpu:U_REGS|R[6][12]       ; register_cpu:U_REGS|SP[12] ; 0.824             ;
; register_cpu:U_REGS|R[15][1]       ; register_cpu:U_REGS|SP[12] ; 0.821             ;
; register_cpu:U_REGS|R[13][1]       ; register_cpu:U_REGS|SP[12] ; 0.820             ;
; register_cpu:U_REGS|R[8][0]        ; register_cpu:U_REGS|SP[12] ; 0.816             ;
; register_cpu:U_REGS|R[1][9]        ; register_cpu:U_REGS|SP[12] ; 0.802             ;
; register_cpu:U_REGS|TMP[5]         ; register_cpu:U_REGS|SP[12] ; 0.796             ;
; register_cpu:U_REGS|R[10][1]       ; register_cpu:U_REGS|SP[12] ; 0.793             ;
; register_cpu:U_REGS|TMP[9]         ; register_cpu:U_REGS|SP[12] ; 0.792             ;
; register_cpu:U_REGS|R[2][6]        ; register_cpu:U_REGS|SP[12] ; 0.790             ;
; register_cpu:U_REGS|IR[3]          ; register_cpu:U_REGS|SP[12] ; 0.788             ;
; register_cpu:U_REGS|R[2][12]       ; register_cpu:U_REGS|SP[12] ; 0.788             ;
; register_cpu:U_REGS|AD[3]          ; register_cpu:U_REGS|SP[12] ; 0.787             ;
; register_cpu:U_REGS|R[8][1]        ; register_cpu:U_REGS|SP[12] ; 0.782             ;
; register_cpu:U_REGS|R[2][8]        ; register_cpu:U_REGS|SP[12] ; 0.781             ;
; register_cpu:U_REGS|R[11][10]      ; register_cpu:U_REGS|SP[12] ; 0.778             ;
; register_cpu:U_REGS|R[3][8]        ; register_cpu:U_REGS|SP[12] ; 0.773             ;
; register_cpu:U_REGS|R[9][7]        ; register_cpu:U_REGS|SP[12] ; 0.773             ;
; register_cpu:U_REGS|R[14][1]       ; register_cpu:U_REGS|SP[12] ; 0.771             ;
; register_cpu:U_REGS|IR[0]          ; register_cpu:U_REGS|SP[12] ; 0.771             ;
; register_cpu:U_REGS|R[8][13]       ; register_cpu:U_REGS|SP[12] ; 0.769             ;
; register_cpu:U_REGS|R[0][13]       ; register_cpu:U_REGS|SP[12] ; 0.769             ;
; register_cpu:U_REGS|R[10][13]      ; register_cpu:U_REGS|SP[12] ; 0.769             ;
; register_cpu:U_REGS|IR[1]          ; register_cpu:U_REGS|SP[12] ; 0.769             ;
; register_cpu:U_REGS|R[2][3]        ; register_cpu:U_REGS|SP[12] ; 0.758             ;
+------------------------------------+----------------------------+-------------------+
Note: This table only shows the top 100 path(s) that have the largest delay added for hold.


+-----------------+
; Fitter Messages ;
+-----------------+
Warning (18236): Number of processors has not been specified which may cause overloading on shared machines.  Set the global assignment NUM_PARALLEL_PROCESSORS in your QSF to an appropriate value for best performance.
Info (20030): Parallel compilation is enabled and will use 6 of the 6 processors detected
Info (119006): Selected device 5CGXFC7C7F23C8 for design "CPU"
Info (21077): Low junction temperature is 0 degrees C
Info (21077): High junction temperature is 85 degrees C
Info (171003): Fitter is performing an Auto Fit compilation, which may decrease Fitter effort to reduce compilation time
Warning (292013): Feature LogicLock is only available with a valid subscription license. You can purchase a software subscription to gain full access to this feature.
Warning (15714): Some pins have incomplete I/O assignments. Refer to the I/O Assignment Warnings report for details
Critical Warning (169085): No exact pin location assignment(s) for 64 pins of 64 total pins. For the list of pins please refer to the I/O Assignment Warnings table in the fitter report.
Info (184020): Starting Fitter periphery placement operations
Info (11191): Automatically promoted 2 clocks (2 global)
    Info (11162): KEY[0]~inputCLKENA0 with 16846 fanout uses global clock CLKCTRL_G9
    Info (11162): KEY[1]~inputCLKENA0 with 430 fanout uses global clock CLKCTRL_G6
Info (184021): Fitter periphery placement operations ending: elapsed time is 00:00:00
Info (176233): Starting register packing
Critical Warning (332012): Synopsys Design Constraints File file not found: 'CPU.sdc'. A Synopsys Design Constraints File is required by the Timing Analyzer to get proper timing constraints. Without it, the Compiler will not properly optimize the design.
Info (332144): No user constrained base clocks found in the design
Warning (332125): Found combinational loop of 989 nodes File: C:/Users/odrow/OneDrive/Dokumenty/quartus/CPU/alu.vhd Line: 50
    Warning (332126): Node "U_ALU|Mux1~5|combout"
    Warning (332126): Node "U_CONTROL|Selector11~2|dataa"
    Warning (332126): Node "U_CONTROL|Selector11~2|combout"
    Warning (332126): Node "U_REGS|Mux529~0|dataf"
    Warning (332126): Node "U_REGS|Mux529~0|combout"
    Warning (332126): Node "U_REGS|Mux529~8|datad"
    Warning (332126): Node "U_REGS|Mux529~8|combout"
    Warning (332126): Node "U_ALU|Mux2~5|datae"
    Warning (332126): Node "U_ALU|Mux2~5|combout"
    Warning (332126): Node "U_ALU|Mux2~6|dataf"
    Warning (332126): Node "U_ALU|Mux2~6|combout"
    Warning (332126): Node "U_ALU|Mux2~2|dataf"
    Warning (332126): Node "U_ALU|Mux2~2|combout"
    Warning (332126): Node "U_ALU|Mux2~3|datac"
    Warning (332126): Node "U_ALU|Mux2~3|combout"
    Warning (332126): Node "U_ALU|Equal1~4|datab"
    Warning (332126): Node "U_ALU|Equal1~4|combout"
    Warning (332126): Node "U_CONTROL|Selector11~2|datad"
    Warning (332126): Node "U_ALU|Mux1~5|dataa"
    Warning (332126): Node "U_ALU|Mux1~1|datae"
    Warning (332126): Node "U_ALU|Mux1~1|combout"
    Warning (332126): Node "U_ALU|Mux1~2|dataf"
    Warning (332126): Node "U_ALU|Mux1~2|combout"
    Warning (332126): Node "U_ALU|Mux1~4|datab"
    Warning (332126): Node "U_ALU|Mux1~4|combout"
    Warning (332126): Node "U_ALU|Mux1~5|datac"
    Warning (332126): Node "U_ALU|Mux1~3|datac"
    Warning (332126): Node "U_ALU|Mux1~3|combout"
    Warning (332126): Node "U_ALU|Mux1~4|datad"
    Warning (332126): Node "U_ALU|Add6~9|datad"
    Warning (332126): Node "U_ALU|Add6~9|sumout"
    Warning (332126): Node "U_ALU|Mux1~2|datae"
    Warning (332126): Node "U_ALU|Add6~9|cout"
    Warning (332126): Node "U_ALU|Add6~13|cin"
    Warning (332126): Node "U_ALU|Add6~13|sumout"
    Warning (332126): Node "U_ALU|Mux0~1|datad"
    Warning (332126): Node "U_ALU|Mux0~1|combout"
    Warning (332126): Node "U_ALU|Mux0~4|datab"
    Warning (332126): Node "U_ALU|Mux0~4|combout"
    Warning (332126): Node "U_CONTROL|Selector11~2|datab"
    Warning (332126): Node "U_ALU|Add0~9|datad"
    Warning (332126): Node "U_ALU|Add0~9|sumout"
    Warning (332126): Node "U_ALU|Mux1~2|datad"
    Warning (332126): Node "U_ALU|Add0~9|cout"
    Warning (332126): Node "U_ALU|Add0~13|cin"
    Warning (332126): Node "U_ALU|Add0~13|sumout"
    Warning (332126): Node "U_ALU|Mux0~9|datae"
    Warning (332126): Node "U_ALU|Mux0~9|combout"
    Warning (332126): Node "U_ALU|Mux0~1|datae"
    Warning (332126): Node "U_ALU|Mux0~9|dataf"
    Warning (332126): Node "U_ALU|Add9~9|datad"
    Warning (332126): Node "U_ALU|Add9~9|sumout"
    Warning (332126): Node "U_ALU|Mux1~0|datab"
    Warning (332126): Node "U_ALU|Mux1~0|combout"
    Warning (332126): Node "U_ALU|Mux1~5|datab"
    Warning (332126): Node "U_ALU|Add9~9|cout"
    Warning (332126): Node "U_ALU|Add9~13|cin"
    Warning (332126): Node "U_ALU|Add9~13|sumout"
    Warning (332126): Node "U_ALU|Mux0~2|datab"
    Warning (332126): Node "U_ALU|Mux0~2|combout"
    Warning (332126): Node "U_ALU|Mux0~4|datac"
    Warning (332126): Node "U_ALU|Add3~9|datad"
    Warning (332126): Node "U_ALU|Add3~9|sumout"
    Warning (332126): Node "U_ALU|Mux1~4|dataa"
    Warning (332126): Node "U_ALU|Add3~9|cout"
    Warning (332126): Node "U_ALU|Add3~13|cin"
    Warning (332126): Node "U_ALU|Add3~13|sumout"
    Warning (332126): Node "U_ALU|Mux0~1|datac"
    Warning (332126): Node "U_ALU|Mux0~3|datad"
    Warning (332126): Node "U_ALU|Mux0~3|combout"
    Warning (332126): Node "U_ALU|Mux0~4|datad"
    Warning (332126): Node "U_ALU|Add1~9|datad"
    Warning (332126): Node "U_ALU|Add1~9|sumout"
    Warning (332126): Node "U_ALU|Mux1~5|datad"
    Warning (332126): Node "U_ALU|Add1~9|cout"
    Warning (332126): Node "U_ALU|Add1~13|cin"
    Warning (332126): Node "U_ALU|Add1~13|sumout"
    Warning (332126): Node "U_ALU|Mux0~10|datac"
    Warning (332126): Node "U_ALU|Mux0~10|combout"
    Warning (332126): Node "U_ALU|Mux0~1|dataf"
    Warning (332126): Node "U_ALU|Mux0~3|datae"
    Warning (332126): Node "U_REGS|Mux529~1|datac"
    Warning (332126): Node "U_REGS|Mux529~1|combout"
    Warning (332126): Node "U_REGS|Mux529~2|datac"
    Warning (332126): Node "U_REGS|Mux529~2|combout"
    Warning (332126): Node "U_REGS|Mux529~8|datae"
    Warning (332126): Node "U_REGS|Mux529~3|datae"
    Warning (332126): Node "U_REGS|Mux529~3|combout"
    Warning (332126): Node "U_REGS|Mux529~7|dataa"
    Warning (332126): Node "U_REGS|Mux529~7|combout"
    Warning (332126): Node "U_REGS|Mux529~8|dataf"
    Warning (332126): Node "U_REGS|Mux529~4|datae"
    Warning (332126): Node "U_REGS|Mux529~4|combout"
    Warning (332126): Node "U_REGS|Mux529~7|datab"
    Warning (332126): Node "U_REGS|Mux529~5|datae"
    Warning (332126): Node "U_REGS|Mux529~5|combout"
    Warning (332126): Node "U_REGS|Mux529~7|datac"
    Warning (332126): Node "U_REGS|Mux529~6|datae"
    Warning (332126): Node "U_REGS|Mux529~6|combout"
    Warning (332126): Node "U_REGS|Mux529~7|datad"
    Warning (332126): Node "U_REGS|Mux538~10|dataf"
    Warning (332126): Node "U_REGS|Mux538~10|combout"
    Warning (332126): Node "U_REGS|Mux538~12|datac"
    Warning (332126): Node "U_REGS|Mux538~12|combout"
    Warning (332126): Node "U_ALU|Mux10~3|datae"
    Warning (332126): Node "U_ALU|Mux10~3|combout"
    Warning (332126): Node "U_ALU|Mux10~4|datad"
    Warning (332126): Node "U_ALU|Mux10~4|combout"
    Warning (332126): Node "U_ALU|Mux10~5|datac"
    Warning (332126): Node "U_ALU|Mux10~5|combout"
    Warning (332126): Node "U_ALU|Equal1~4|datac"
    Warning (332126): Node "U_REGS|Mux538~13|datac"
    Warning (332126): Node "U_REGS|Mux538~13|combout"
    Warning (332126): Node "U_ALU|Mux9~1|datad"
    Warning (332126): Node "U_ALU|Mux9~1|combout"
    Warning (332126): Node "U_ALU|Mux9~2|dataf"
    Warning (332126): Node "U_ALU|Mux9~2|combout"
    Warning (332126): Node "U_ALU|Mux9~4|datab"
    Warning (332126): Node "U_ALU|Mux9~4|combout"
    Warning (332126): Node "U_ALU|Mux9~5|datac"
    Warning (332126): Node "U_ALU|Mux9~5|combout"
    Warning (332126): Node "U_ALU|Equal1~2|dataa"
    Warning (332126): Node "U_ALU|Equal1~2|combout"
    Warning (332126): Node "U_CONTROL|Selector11~2|datae"
    Warning (332126): Node "U_ALU|Mux10~5|dataa"
    Warning (332126): Node "U_ALU|Mux10~1|datae"
    Warning (332126): Node "U_ALU|Mux10~1|combout"
    Warning (332126): Node "U_ALU|Mux10~2|dataf"
    Warning (332126): Node "U_ALU|Mux10~2|combout"
    Warning (332126): Node "U_ALU|Mux10~4|datab"
    Warning (332126): Node "U_ALU|Add1~29|datad"
    Warning (332126): Node "U_ALU|Add1~29|cout"
    Warning (332126): Node "U_ALU|Add1~45|cin"
    Warning (332126): Node "U_ALU|Add1~45|sumout"
    Warning (332126): Node "U_ALU|Mux9~5|datad"
    Warning (332126): Node "U_ALU|Add1~45|cout"
    Warning (332126): Node "U_ALU|Add1~49|cin"
    Warning (332126): Node "U_ALU|Add1~49|sumout"
    Warning (332126): Node "U_ALU|Mux8~5|datad"
    Warning (332126): Node "U_ALU|Mux8~5|combout"
    Warning (332126): Node "U_ALU|Equal1~2|datab"
    Warning (332126): Node "U_ALU|Add1~49|cout"
    Warning (332126): Node "U_ALU|Add1~61|cin"
    Warning (332126): Node "U_ALU|Add1~61|sumout"
    Warning (332126): Node "U_ALU|Mux7~5|datad"
    Warning (332126): Node "U_ALU|Mux7~5|combout"
    Warning (332126): Node "U_ALU|Equal1~2|datae"
    Warning (332126): Node "U_ALU|Add1~61|cout"
    Warning (332126): Node "U_ALU|Add1~53|cin"
    Warning (332126): Node "U_ALU|Add1~53|sumout"
    Warning (332126): Node "U_ALU|Mux6~5|datad"
    Warning (332126): Node "U_ALU|Mux6~5|combout"
    Warning (332126): Node "U_ALU|Equal1~2|datac"
    Warning (332126): Node "U_ALU|Add1~53|cout"
    Warning (332126): Node "U_ALU|Add1~57|cin"
    Warning (332126): Node "U_ALU|Add1~57|sumout"
    Warning (332126): Node "U_ALU|Mux5~5|datad"
    Warning (332126): Node "U_ALU|Mux5~5|combout"
    Warning (332126): Node "U_ALU|Equal1~2|datad"
    Warning (332126): Node "U_ALU|Add1~57|cout"
    Warning (332126): Node "U_ALU|Add1~33|cin"
    Warning (332126): Node "U_ALU|Add1~33|sumout"
    Warning (332126): Node "U_ALU|Mux4~2|datad"
    Warning (332126): Node "U_ALU|Mux4~2|combout"
    Warning (332126): Node "U_ALU|Equal1~4|datad"
    Warning (332126): Node "U_ALU|Add1~33|cout"
    Warning (332126): Node "U_ALU|Add1~1|cin"
    Warning (332126): Node "U_ALU|Add1~1|cout"
    Warning (332126): Node "U_ALU|Add1~5|cin"
    Warning (332126): Node "U_ALU|Add1~5|sumout"
    Warning (332126): Node "U_ALU|Mux2~3|datad"
    Warning (332126): Node "U_ALU|Add1~5|cout"
    Warning (332126): Node "U_ALU|Add1~9|cin"
    Warning (332126): Node "U_ALU|Add1~1|sumout"
    Warning (332126): Node "U_ALU|Equal1~6|datac"
    Warning (332126): Node "U_ALU|Equal1~6|combout"
    Warning (332126): Node "U_ALU|Equal1~4|datae"
    Warning (332126): Node "U_ALU|Add1~29|sumout"
    Warning (332126): Node "U_ALU|Mux10~5|datad"
    Warning (332126): Node "U_ALU|Mux11~8|dataf"
    Warning (332126): Node "U_ALU|Mux11~8|combout"
    Warning (332126): Node "U_ALU|Mux11~9|dataf"
    Warning (332126): Node "U_ALU|Mux11~9|combout"
    Warning (332126): Node "U_ALU|Mux11~11|datab"
    Warning (332126): Node "U_ALU|Mux11~11|combout"
    Warning (332126): Node "U_ALU|Mux11~12|datac"
    Warning (332126): Node "U_ALU|Mux11~12|combout"
    Warning (332126): Node "U_ALU|Equal1~4|dataa"
    Warning (332126): Node "U_ALU|Add9~29|datad"
    Warning (332126): Node "U_ALU|Add9~29|sumout"
    Warning (332126): Node "U_ALU|Mux10~0|datab"
    Warning (332126): Node "U_ALU|Mux10~0|combout"
    Warning (332126): Node "U_ALU|Mux10~5|datab"
    Warning (332126): Node "U_ALU|Add9~29|cout"
    Warning (332126): Node "U_ALU|Add9~45|cin"
    Warning (332126): Node "U_ALU|Add9~45|sumout"
    Warning (332126): Node "U_ALU|Mux9~0|datab"
    Warning (332126): Node "U_ALU|Mux9~0|combout"
    Warning (332126): Node "U_ALU|Mux9~5|datab"
    Warning (332126): Node "U_ALU|Add9~45|cout"
    Warning (332126): Node "U_ALU|Add9~49|cin"
    Warning (332126): Node "U_ALU|Add9~49|cout"
    Warning (332126): Node "U_ALU|Add9~61|cin"
    Warning (332126): Node "U_ALU|Add9~61|sumout"
    Warning (332126): Node "U_ALU|Mux7~0|datab"
    Warning (332126): Node "U_ALU|Mux7~0|combout"
    Warning (332126): Node "U_ALU|Mux7~5|datab"
    Warning (332126): Node "U_ALU|Add9~61|cout"
    Warning (332126): Node "U_ALU|Add9~53|cin"
    Warning (332126): Node "U_ALU|Add9~53|sumout"
    Warning (332126): Node "U_ALU|Mux6~0|datab"
    Warning (332126): Node "U_ALU|Mux6~0|combout"
    Warning (332126): Node "U_ALU|Mux6~5|datab"
    Warning (332126): Node "U_ALU|Add9~53|cout"
    Warning (332126): Node "U_ALU|Add9~57|cin"
    Warning (332126): Node "U_ALU|Add9~57|sumout"
    Warning (332126): Node "U_ALU|Mux5~0|datab"
    Warning (332126): Node "U_ALU|Mux5~0|combout"
    Warning (332126): Node "U_ALU|Mux5~5|datab"
    Warning (332126): Node "U_ALU|Add9~57|cout"
    Warning (332126): Node "U_ALU|Add9~33|cin"
    Warning (332126): Node "U_ALU|Add9~33|sumout"
    Warning (332126): Node "U_ALU|Mux4~0|datab"
    Warning (332126): Node "U_ALU|Mux4~0|combout"
    Warning (332126): Node "U_ALU|Mux4~2|datab"
    Warning (332126): Node "U_ALU|Add9~33|cout"
    Warning (332126): Node "U_ALU|Add9~1|cin"
    Warning (332126): Node "U_ALU|Add9~1|sumout"
    Warning (332126): Node "U_ALU|Mux3~0|datab"
    Warning (332126): Node "U_ALU|Mux3~0|combout"
    Warning (332126): Node "U_ALU|Equal1~6|dataa"
    Warning (332126): Node "U_ALU|Add9~1|cout"
    Warning (332126): Node "U_ALU|Add9~5|cin"
    Warning (332126): Node "U_ALU|Add9~5|sumout"
    Warning (332126): Node "U_ALU|Mux2~0|datab"
    Warning (332126): Node "U_ALU|Mux2~0|combout"
    Warning (332126): Node "U_ALU|Mux2~3|datab"
    Warning (332126): Node "U_ALU|Add9~5|cout"
    Warning (332126): Node "U_ALU|Add9~9|cin"
    Warning (332126): Node "U_ALU|Add9~49|sumout"
    Warning (332126): Node "U_ALU|Mux8~0|datab"
    Warning (332126): Node "U_ALU|Mux8~0|combout"
    Warning (332126): Node "U_ALU|Mux8~5|datab"
    Warning (332126): Node "U_ALU|Add3~29|datad"
    Warning (332126): Node "U_ALU|Add3~29|sumout"
    Warning (332126): Node "U_ALU|Mux10~4|dataa"
    Warning (332126): Node "U_ALU|Add3~29|cout"
    Warning (332126): Node "U_ALU|Add3~45|cin"
    Warning (332126): Node "U_ALU|Add3~45|sumout"
    Warning (332126): Node "U_ALU|Mux9~4|dataa"
    Warning (332126): Node "U_ALU|Add3~45|cout"
    Warning (332126): Node "U_ALU|Add3~49|cin"
    Warning (332126): Node "U_ALU|Add3~49|cout"
    Warning (332126): Node "U_ALU|Add3~61|cin"
    Warning (332126): Node "U_ALU|Add3~61|sumout"
    Warning (332126): Node "U_ALU|Mux7~4|dataa"
    Warning (332126): Node "U_ALU|Mux7~4|combout"
    Warning (332126): Node "U_ALU|Mux7~5|datac"
    Warning (332126): Node "U_ALU|Add3~61|cout"
    Warning (332126): Node "U_ALU|Add3~53|cin"
    Warning (332126): Node "U_ALU|Add3~53|sumout"
    Warning (332126): Node "U_ALU|Mux6~4|dataa"
    Warning (332126): Node "U_ALU|Mux6~4|combout"
    Warning (332126): Node "U_ALU|Mux6~5|datac"
    Warning (332126): Node "U_ALU|Add3~53|cout"
    Warning (332126): Node "U_ALU|Add3~57|cin"
    Warning (332126): Node "U_ALU|Add3~57|sumout"
    Warning (332126): Node "U_ALU|Mux5~4|dataa"
    Warning (332126): Node "U_ALU|Mux5~4|combout"
    Warning (332126): Node "U_ALU|Mux5~5|datac"
    Warning (332126): Node "U_ALU|Add3~57|cout"
    Warning (332126): Node "U_ALU|Add3~33|cin"
    Warning (332126): Node "U_ALU|Add3~33|sumout"
    Warning (332126): Node "U_ALU|Mux4~1|dataa"
    Warning (332126): Node "U_ALU|Mux4~1|combout"
    Warning (332126): Node "U_ALU|Mux4~2|datac"
    Warning (332126): Node "U_ALU|Add3~33|cout"
    Warning (332126): Node "U_ALU|Add3~1|cin"
    Warning (332126): Node "U_ALU|Add3~1|sumout"
    Warning (332126): Node "U_ALU|Mux3~3|dataa"
    Warning (332126): Node "U_ALU|Mux3~3|combout"
    Warning (332126): Node "U_ALU|Equal1~6|datab"
    Warning (332126): Node "U_ALU|Add3~1|cout"
    Warning (332126): Node "U_ALU|Add3~5|cin"
    Warning (332126): Node "U_ALU|Add3~5|sumout"
    Warning (332126): Node "U_ALU|Mux2~2|dataa"
    Warning (332126): Node "U_ALU|Add3~5|cout"
    Warning (332126): Node "U_ALU|Add3~9|cin"
    Warning (332126): Node "U_ALU|Add3~49|sumout"
    Warning (332126): Node "U_ALU|Mux8~4|dataa"
    Warning (332126): Node "U_ALU|Mux8~4|combout"
    Warning (332126): Node "U_ALU|Mux8~5|datac"
    Warning (332126): Node "U_ALU|Add0~29|datad"
    Warning (332126): Node "U_ALU|Add0~29|sumout"
    Warning (332126): Node "U_ALU|Mux10~2|datad"
    Warning (332126): Node "U_ALU|Add0~29|cout"
    Warning (332126): Node "U_ALU|Add0~45|cin"
    Warning (332126): Node "U_ALU|Add0~45|sumout"
    Warning (332126): Node "U_ALU|Mux9~2|datad"
    Warning (332126): Node "U_ALU|Add0~45|cout"
    Warning (332126): Node "U_ALU|Add0~49|cin"
    Warning (332126): Node "U_ALU|Add0~49|cout"
    Warning (332126): Node "U_ALU|Add0~61|cin"
    Warning (332126): Node "U_ALU|Add0~61|sumout"
    Warning (332126): Node "U_ALU|Mux7~2|datad"
    Warning (332126): Node "U_ALU|Mux7~2|combout"
    Warning (332126): Node "U_ALU|Mux7~4|datab"
    Warning (332126): Node "U_ALU|Add0~61|cout"
    Warning (332126): Node "U_ALU|Add0~53|cin"
    Warning (332126): Node "U_ALU|Add0~53|sumout"
    Warning (332126): Node "U_ALU|Mux6~2|datad"
    Warning (332126): Node "U_ALU|Mux6~2|combout"
    Warning (332126): Node "U_ALU|Mux6~4|datab"
    Warning (332126): Node "U_ALU|Add0~53|cout"
    Warning (332126): Node "U_ALU|Add0~57|cin"
    Warning (332126): Node "U_ALU|Add0~57|sumout"
    Warning (332126): Node "U_ALU|Mux5~2|datad"
    Warning (332126): Node "U_ALU|Mux5~2|combout"
    Warning (332126): Node "U_ALU|Mux5~4|datab"
    Warning (332126): Node "U_ALU|Add0~57|cout"
    Warning (332126): Node "U_ALU|Add0~33|cin"
    Warning (332126): Node "U_ALU|Add0~33|sumout"
    Warning (332126): Node "U_ALU|Mux4~4|datab"
    Warning (332126): Node "U_ALU|Mux4~4|combout"
    Warning (332126): Node "U_ALU|Mux4~5|dataf"
    Warning (332126): Node "U_ALU|Mux4~5|combout"
    Warning (332126): Node "U_ALU|Mux4~1|datae"
    Warning (332126): Node "U_ALU|Add0~33|cout"
    Warning (332126): Node "U_ALU|Add0~1|cin"
    Warning (332126): Node "U_ALU|Add0~1|sumout"
    Warning (332126): Node "U_ALU|Mux3~5|datab"
    Warning (332126): Node "U_ALU|Mux3~5|combout"
    Warning (332126): Node "U_ALU|Mux3~1|dataf"
    Warning (332126): Node "U_ALU|Mux3~1|combout"
    Warning (332126): Node "U_ALU|Mux3~3|datab"
    Warning (332126): Node "U_ALU|Add0~1|cout"
    Warning (332126): Node "U_ALU|Add0~5|cin"
    Warning (332126): Node "U_ALU|Add0~5|sumout"
    Warning (332126): Node "U_ALU|Mux2~5|datab"
    Warning (332126): Node "U_ALU|Add0~5|cout"
    Warning (332126): Node "U_ALU|Add0~9|cin"
    Warning (332126): Node "U_ALU|Add0~49|sumout"
    Warning (332126): Node "U_ALU|Mux8~2|datad"
    Warning (332126): Node "U_ALU|Mux8~2|combout"
    Warning (332126): Node "U_ALU|Mux8~4|datab"
    Warning (332126): Node "U_ALU|Add6~29|datad"
    Warning (332126): Node "U_ALU|Add6~29|sumout"
    Warning (332126): Node "U_ALU|Mux10~2|datae"
    Warning (332126): Node "U_ALU|Add6~29|cout"
    Warning (332126): Node "U_ALU|Add6~45|cin"
    Warning (332126): Node "U_ALU|Add6~45|sumout"
    Warning (332126): Node "U_ALU|Mux9~2|datae"
    Warning (332126): Node "U_ALU|Add6~45|cout"
    Warning (332126): Node "U_ALU|Add6~49|cin"
    Warning (332126): Node "U_ALU|Add6~49|cout"
    Warning (332126): Node "U_ALU|Add6~61|cin"
    Warning (332126): Node "U_ALU|Add6~61|sumout"
    Warning (332126): Node "U_ALU|Mux7~2|datae"
    Warning (332126): Node "U_ALU|Add6~61|cout"
    Warning (332126): Node "U_ALU|Add6~53|cin"
    Warning (332126): Node "U_ALU|Add6~53|sumout"
    Warning (332126): Node "U_ALU|Mux6~2|datae"
    Warning (332126): Node "U_ALU|Add6~53|cout"
    Warning (332126): Node "U_ALU|Add6~57|cin"
    Warning (332126): Node "U_ALU|Add6~57|sumout"
    Warning (332126): Node "U_ALU|Mux5~2|datae"
    Warning (332126): Node "U_ALU|Add6~57|cout"
    Warning (332126): Node "U_ALU|Add6~33|cin"
    Warning (332126): Node "U_ALU|Add6~33|sumout"
    Warning (332126): Node "U_ALU|Mux4~5|datad"
    Warning (332126): Node "U_ALU|Add6~33|cout"
    Warning (332126): Node "U_ALU|Add6~1|cin"
    Warning (332126): Node "U_ALU|Add6~1|sumout"
    Warning (332126): Node "U_ALU|Mux3~1|datad"
    Warning (332126): Node "U_ALU|Add6~1|cout"
    Warning (332126): Node "U_ALU|Add6~5|cin"
    Warning (332126): Node "U_ALU|Add6~5|sumout"
    Warning (332126): Node "U_ALU|Mux2~6|datad"
    Warning (332126): Node "U_ALU|Add6~5|cout"
    Warning (332126): Node "U_ALU|Add6~9|cin"
    Warning (332126): Node "U_ALU|Add6~49|sumout"
    Warning (332126): Node "U_ALU|Mux8~2|datae"
    Warning (332126): Node "U_REGS|Mux537~4|dataf"
    Warning (332126): Node "U_REGS|Mux537~4|combout"
    Warning (332126): Node "U_REGS|Mux537~8|datac"
    Warning (332126): Node "U_REGS|Mux537~8|combout"
    Warning (332126): Node "U_ALU|Mux9~5|dataa"
    Warning (332126): Node "U_ALU|Mux9~1|dataf"
    Warning (332126): Node "U_ALU|Mux9~3|datad"
    Warning (332126): Node "U_ALU|Mux9~3|combout"
    Warning (332126): Node "U_ALU|Mux9~4|datad"
    Warning (332126): Node "U_ALU|Add1~45|datad"
    Warning (332126): Node "U_ALU|Mux10~1|dataf"
    Warning (332126): Node "U_ALU|Add9~45|datad"
    Warning (332126): Node "U_ALU|Add3~45|datad"
    Warning (332126): Node "U_ALU|Add0~45|datad"
    Warning (332126): Node "U_ALU|Add6~45|datad"
    Warning (332126): Node "U_ALU|Mux8~1|dataf"
    Warning (332126): Node "U_ALU|Mux8~1|combout"
    Warning (332126): Node "U_ALU|Mux8~2|dataf"
    Warning (332126): Node "U_REGS|Mux532~0|dataf"
    Warning (332126): Node "U_REGS|Mux532~0|combout"
    Warning (332126): Node "U_REGS|Mux532~8|datad"
    Warning (332126): Node "U_REGS|Mux532~8|combout"
    Warning (332126): Node "U_ALU|Mux5~1|datad"
    Warning (332126): Node "U_ALU|Mux5~1|combout"
    Warning (332126): Node "U_ALU|Mux5~2|dataf"
    Warning (332126): Node "U_ALU|Mux4~2|dataa"
    Warning (332126): Node "U_ALU|Mux4~5|datae"
    Warning (332126): Node "U_ALU|Mux4~6|datad"
    Warning (332126): Node "U_ALU|Mux4~6|combout"
    Warning (332126): Node "U_ALU|Mux4~1|dataf"
    Warning (332126): Node "U_ALU|Add1~33|datad"
    Warning (332126): Node "U_ALU|Mux3~5|datae"
    Warning (332126): Node "U_ALU|Add6~33|datad"
    Warning (332126): Node "U_ALU|Add0~33|datad"
    Warning (332126): Node "U_ALU|Add9~33|datad"
    Warning (332126): Node "U_ALU|Add3~33|datad"
    Warning (332126): Node "U_REGS|Mux532~1|datac"
    Warning (332126): Node "U_REGS|Mux532~1|combout"
    Warning (332126): Node "U_REGS|Mux532~2|datac"
    Warning (332126): Node "U_REGS|Mux532~2|combout"
    Warning (332126): Node "U_REGS|Mux532~8|datae"
    Warning (332126): Node "U_REGS|Mux534~4|dataf"
    Warning (332126): Node "U_REGS|Mux534~4|combout"
    Warning (332126): Node "U_REGS|Mux534~8|datac"
    Warning (332126): Node "U_REGS|Mux534~8|combout"
    Warning (332126): Node "U_ALU|Mux6~5|dataa"
    Warning (332126): Node "U_ALU|Mux6~1|datae"
    Warning (332126): Node "U_ALU|Mux6~1|combout"
    Warning (332126): Node "U_ALU|Mux6~2|dataf"
    Warning (332126): Node "U_ALU|Mux5~1|dataf"
    Warning (332126): Node "U_ALU|Mux7~1|datad"
    Warning (332126): Node "U_ALU|Mux7~1|combout"
    Warning (332126): Node "U_ALU|Mux7~2|dataf"
    Warning (332126): Node "U_ALU|Add1~53|datad"
    Warning (332126): Node "U_ALU|Add6~53|datad"
    Warning (332126): Node "U_ALU|Add0~53|datad"
    Warning (332126): Node "U_ALU|Add9~53|datad"
    Warning (332126): Node "U_ALU|Add3~53|datad"
    Warning (332126): Node "U_ALU|Mux6~3|datae"
    Warning (332126): Node "U_ALU|Mux6~3|combout"
    Warning (332126): Node "U_ALU|Mux6~4|datad"
    Warning (332126): Node "U_REGS|Mux534~5|datac"
    Warning (332126): Node "U_REGS|Mux534~5|combout"
    Warning (332126): Node "U_REGS|Mux534~6|datac"
    Warning (332126): Node "U_REGS|Mux534~6|combout"
    Warning (332126): Node "U_REGS|Mux534~8|datad"
    Warning (332126): Node "U_REGS|Mux534~9|datad"
    Warning (332126): Node "U_REGS|Mux534~9|combout"
    Warning (332126): Node "U_ALU|Mux6~3|dataf"
    Warning (332126): Node "U_REGS|Mux533~4|datae"
    Warning (332126): Node "U_REGS|Mux533~4|combout"
    Warning (332126): Node "U_REGS|Mux533~8|datac"
    Warning (332126): Node "U_REGS|Mux533~8|combout"
    Warning (332126): Node "U_ALU|Mux6~1|datad"
    Warning (332126): Node "U_ALU|Mux5~5|dataa"
    Warning (332126): Node "U_ALU|Mux5~1|datae"
    Warning (332126): Node "U_ALU|Add1~57|datad"
    Warning (332126): Node "U_ALU|Mux4~4|datae"
    Warning (332126): Node "U_ALU|Add6~57|datad"
    Warning (332126): Node "U_ALU|Add0~57|datad"
    Warning (332126): Node "U_ALU|Add9~57|datad"
    Warning (332126): Node "U_ALU|Add3~57|datad"
    Warning (332126): Node "U_ALU|Mux5~3|datae"
    Warning (332126): Node "U_ALU|Mux5~3|combout"
    Warning (332126): Node "U_ALU|Mux5~4|datad"
    Warning (332126): Node "U_REGS|Mux533~5|datac"
    Warning (332126): Node "U_REGS|Mux533~5|combout"
    Warning (332126): Node "U_REGS|Mux533~6|datac"
    Warning (332126): Node "U_REGS|Mux533~6|combout"
    Warning (332126): Node "U_REGS|Mux533~8|datad"
    Warning (332126): Node "U_REGS|Mux533~9|datad"
    Warning (332126): Node "U_REGS|Mux533~9|combout"
    Warning (332126): Node "U_ALU|Mux5~3|dataf"
    Warning (332126): Node "U_REGS|Mux530~6|datae"
    Warning (332126): Node "U_REGS|Mux530~6|combout"
    Warning (332126): Node "U_REGS|Mux530~8|datad"
    Warning (332126): Node "U_REGS|Mux530~8|combout"
    Warning (332126): Node "U_ALU|Mux2~3|dataa"
    Warning (332126): Node "U_ALU|Mux2~6|datae"
    Warning (332126): Node "U_ALU|Mux3~5|dataf"
    Warning (332126): Node "U_ALU|Mux1~1|datad"
    Warning (332126): Node "U_ALU|Add6~5|datad"
    Warning (332126): Node "U_ALU|Add0~5|datad"
    Warning (332126): Node "U_ALU|Add9~5|datad"
    Warning (332126): Node "U_ALU|Add3~5|datad"
    Warning (332126): Node "U_ALU|Add1~5|datad"
    Warning (332126): Node "U_ALU|Mux2~1|datad"
    Warning (332126): Node "U_ALU|Mux2~1|combout"
    Warning (332126): Node "U_ALU|Mux2~2|datac"
    Warning (332126): Node "U_REGS|Mux530~0|datac"
    Warning (332126): Node "U_REGS|Mux530~0|combout"
    Warning (332126): Node "U_REGS|Mux530~1|datac"
    Warning (332126): Node "U_REGS|Mux530~1|combout"
    Warning (332126): Node "U_REGS|Mux530~8|datac"
    Warning (332126): Node "U_REGS|Mux530~9|datad"
    Warning (332126): Node "U_REGS|Mux530~9|combout"
    Warning (332126): Node "U_ALU|Mux2~1|datae"
    Warning (332126): Node "U_REGS|Mux531~0|datac"
    Warning (332126): Node "U_REGS|Mux531~0|combout"
    Warning (332126): Node "U_REGS|Mux531~1|datac"
    Warning (332126): Node "U_REGS|Mux531~1|combout"
    Warning (332126): Node "U_ALU|Mux2~4|datae"
    Warning (332126): Node "U_ALU|Mux2~4|combout"
    Warning (332126): Node "U_ALU|Mux2~5|dataf"
    Warning (332126): Node "U_ALU|Mux4~3|dataa"
    Warning (332126): Node "U_ALU|Mux4~3|combout"
    Warning (332126): Node "U_ALU|Equal1~6|dataf"
    Warning (332126): Node "U_ALU|Mux4~4|dataf"
    Warning (332126): Node "U_ALU|Mux3~2|datab"
    Warning (332126): Node "U_ALU|Mux3~2|combout"
    Warning (332126): Node "U_ALU|Mux3~3|datad"
    Warning (332126): Node "U_REGS|Mux531~8|datab"
    Warning (332126): Node "U_REGS|Mux531~8|combout"
    Warning (332126): Node "U_ALU|Mux3~1|datae"
    Warning (332126): Node "U_ALU|Add6~1|datad"
    Warning (332126): Node "U_ALU|Add0~1|datad"
    Warning (332126): Node "U_ALU|Add9~1|datad"
    Warning (332126): Node "U_ALU|Add3~1|datad"
    Warning (332126): Node "U_ALU|Add1~1|datad"
    Warning (332126): Node "U_REGS|Mux531~6|dataf"
    Warning (332126): Node "U_REGS|Mux531~6|combout"
    Warning (332126): Node "U_ALU|Mux2~4|datac"
    Warning (332126): Node "U_ALU|Mux4~3|datad"
    Warning (332126): Node "U_ALU|Mux3~6|datac"
    Warning (332126): Node "U_ALU|Mux3~6|combout"
    Warning (332126): Node "U_ALU|Mux3~2|datae"
    Warning (332126): Node "U_REGS|Mux531~10|datac"
    Warning (332126): Node "U_REGS|Mux531~10|combout"
    Warning (332126): Node "U_REGS|Mux531~8|dataf"
    Warning (332126): Node "U_REGS|Mux531~7|dataf"
    Warning (332126): Node "U_REGS|Mux531~7|combout"
    Warning (332126): Node "U_ALU|Mux2~4|datad"
    Warning (332126): Node "U_ALU|Mux4~3|datae"
    Warning (332126): Node "U_ALU|Mux3~2|datad"
    Warning (332126): Node "U_REGS|Mux531~10|datad"
    Warning (332126): Node "U_REGS|Mux528~8|datac"
    Warning (332126): Node "U_REGS|Mux528~8|combout"
    Warning (332126): Node "U_REGS|Mux528~9|datac"
    Warning (332126): Node "U_REGS|Mux528~9|combout"
    Warning (332126): Node "U_REGS|Mux528~16|datac"
    Warning (332126): Node "U_REGS|Mux528~16|combout"
    Warning (332126): Node "U_ALU|Mux1~1|dataf"
    Warning (332126): Node "U_ALU|Mux0~4|dataa"
    Warning (332126): Node "U_ALU|Add6~13|datad"
    Warning (332126): Node "U_ALU|Mux0~9|datad"
    Warning (332126): Node "U_ALU|Add0~13|datad"
    Warning (332126): Node "U_ALU|Add9~13|datad"
    Warning (332126): Node "U_ALU|Mux0~12|datab"
    Warning (332126): Node "U_ALU|Mux0~12|combout"
    Warning (332126): Node "U_ALU|Mux0~2|dataf"
    Warning (332126): Node "U_ALU|Add3~13|dataf"
    Warning (332126): Node "U_ALU|Add1~13|dataf"
    Warning (332126): Node "U_ALU|Mux0~11|datab"
    Warning (332126): Node "U_ALU|Mux0~11|combout"
    Warning (332126): Node "U_ALU|Mux0~3|dataf"
    Warning (332126): Node "U_REGS|Mux528~14|datae"
    Warning (332126): Node "U_REGS|Mux528~14|combout"
    Warning (332126): Node "U_REGS|Mux528~16|datad"
    Warning (332126): Node "U_REGS|Mux528~15|dataf"
    Warning (332126): Node "U_REGS|Mux528~15|combout"
    Warning (332126): Node "U_REGS|Mux528~16|datae"
    Warning (332126): Node "U_REGS|Mux542~4|datae"
    Warning (332126): Node "U_REGS|Mux542~4|combout"
    Warning (332126): Node "U_ALU|Mux0~8|datac"
    Warning (332126): Node "U_ALU|Mux0~8|combout"
    Warning (332126): Node "U_ALU|Mux15~0|datad"
    Warning (332126): Node "U_ALU|Mux15~0|combout"
    Warning (332126): Node "U_ALU|Mux15~2|datab"
    Warning (332126): Node "U_ALU|Mux15~2|combout"
    Warning (332126): Node "U_ALU|Equal1~7|datad"
    Warning (332126): Node "U_ALU|Equal1~7|combout"
    Warning (332126): Node "U_ALU|Equal1~4|dataf"
    Warning (332126): Node "U_REGS|Mux542~8|datac"
    Warning (332126): Node "U_REGS|Mux542~8|combout"
    Warning (332126): Node "U_ALU|Mux14~5|dataa"
    Warning (332126): Node "U_ALU|Mux14~5|combout"
    Warning (332126): Node "U_ALU|Equal1~7|datac"
    Warning (332126): Node "U_ALU|Mux14~1|datab"
    Warning (332126): Node "U_ALU|Mux14~1|combout"
    Warning (332126): Node "U_ALU|Mux14~2|dataf"
    Warning (332126): Node "U_ALU|Mux14~2|combout"
    Warning (332126): Node "U_ALU|Mux14~4|datab"
    Warning (332126): Node "U_ALU|Mux14~4|combout"
    Warning (332126): Node "U_ALU|Mux14~5|datac"
    Warning (332126): Node "U_ALU|Mux14~3|datab"
    Warning (332126): Node "U_ALU|Mux14~3|combout"
    Warning (332126): Node "U_ALU|Mux14~4|datad"
    Warning (332126): Node "U_ALU|Add1~37|datad"
    Warning (332126): Node "U_ALU|Add1~37|cout"
    Warning (332126): Node "U_ALU|Add1~25|cin"
    Warning (332126): Node "U_ALU|Add1~25|sumout"
    Warning (332126): Node "U_ALU|Mux13~5|datad"
    Warning (332126): Node "U_ALU|Mux13~5|combout"
    Warning (332126): Node "U_ALU|Equal1~7|datab"
    Warning (332126): Node "U_ALU|Add1~25|cout"
    Warning (332126): Node "U_ALU|Add1~21|cin"
    Warning (332126): Node "U_ALU|Add1~21|sumout"
    Warning (332126): Node "U_ALU|Mux12~5|datad"
    Warning (332126): Node "U_ALU|Mux12~5|combout"
    Warning (332126): Node "U_ALU|Equal1~7|dataa"
    Warning (332126): Node "U_ALU|Add1~21|cout"
    Warning (332126): Node "U_ALU|Add1~17|cin"
    Warning (332126): Node "U_ALU|Add1~17|sumout"
    Warning (332126): Node "U_ALU|Mux11~12|datad"
    Warning (332126): Node "U_ALU|Add1~17|cout"
    Warning (332126): Node "U_ALU|Add1~29|cin"
    Warning (332126): Node "U_ALU|Add1~37|sumout"
    Warning (332126): Node "U_ALU|Mux14~5|datad"
    Warning (332126): Node "U_ALU|Mux13~1|datac"
    Warning (332126): Node "U_ALU|Mux13~1|combout"
    Warning (332126): Node "U_ALU|Mux13~2|dataf"
    Warning (332126): Node "U_ALU|Mux13~2|combout"
    Warning (332126): Node "U_ALU|Mux13~4|datab"
    Warning (332126): Node "U_ALU|Mux13~4|combout"
    Warning (332126): Node "U_ALU|Mux13~5|datac"
    Warning (332126): Node "U_ALU|Add9~37|datad"
    Warning (332126): Node "U_ALU|Add9~37|sumout"
    Warning (332126): Node "U_ALU|Mux14~0|datab"
    Warning (332126): Node "U_ALU|Mux14~0|combout"
    Warning (332126): Node "U_ALU|Mux14~5|datab"
    Warning (332126): Node "U_ALU|Add9~37|cout"
    Warning (332126): Node "U_ALU|Add9~25|cin"
    Warning (332126): Node "U_ALU|Add9~25|sumout"
    Warning (332126): Node "U_ALU|Mux13~0|datab"
    Warning (332126): Node "U_ALU|Mux13~0|combout"
    Warning (332126): Node "U_ALU|Mux13~5|datab"
    Warning (332126): Node "U_ALU|Add9~25|cout"
    Warning (332126): Node "U_ALU|Add9~21|cin"
    Warning (332126): Node "U_ALU|Add9~21|sumout"
    Warning (332126): Node "U_ALU|Mux12~0|datab"
    Warning (332126): Node "U_ALU|Mux12~0|combout"
    Warning (332126): Node "U_ALU|Mux12~5|datab"
    Warning (332126): Node "U_ALU|Add9~21|cout"
    Warning (332126): Node "U_ALU|Add9~17|cin"
    Warning (332126): Node "U_ALU|Add9~17|sumout"
    Warning (332126): Node "U_ALU|Mux11~7|datab"
    Warning (332126): Node "U_ALU|Mux11~7|combout"
    Warning (332126): Node "U_ALU|Mux11~12|datab"
    Warning (332126): Node "U_ALU|Add9~17|cout"
    Warning (332126): Node "U_ALU|Add9~29|cin"
    Warning (332126): Node "U_ALU|Add3~37|datad"
    Warning (332126): Node "U_ALU|Add3~37|sumout"
    Warning (332126): Node "U_ALU|Mux14~4|dataa"
    Warning (332126): Node "U_ALU|Add3~37|cout"
    Warning (332126): Node "U_ALU|Add3~25|cin"
    Warning (332126): Node "U_ALU|Add3~25|sumout"
    Warning (332126): Node "U_ALU|Mux13~4|dataa"
    Warning (332126): Node "U_ALU|Add3~25|cout"
    Warning (332126): Node "U_ALU|Add3~21|cin"
    Warning (332126): Node "U_ALU|Add3~21|sumout"
    Warning (332126): Node "U_ALU|Mux12~4|dataa"
    Warning (332126): Node "U_ALU|Mux12~4|combout"
    Warning (332126): Node "U_ALU|Mux12~5|datac"
    Warning (332126): Node "U_ALU|Add3~21|cout"
    Warning (332126): Node "U_ALU|Add3~17|cin"
    Warning (332126): Node "U_ALU|Add3~17|sumout"
    Warning (332126): Node "U_ALU|Mux11~11|dataa"
    Warning (332126): Node "U_ALU|Add3~17|cout"
    Warning (332126): Node "U_ALU|Add3~29|cin"
    Warning (332126): Node "U_ALU|Add0~37|datad"
    Warning (332126): Node "U_ALU|Add0~37|sumout"
    Warning (332126): Node "U_ALU|Mux14~2|datad"
    Warning (332126): Node "U_ALU|Add0~37|cout"
    Warning (332126): Node "U_ALU|Add0~25|cin"
    Warning (332126): Node "U_ALU|Add0~25|sumout"
    Warning (332126): Node "U_ALU|Mux13~2|datad"
    Warning (332126): Node "U_ALU|Add0~25|cout"
    Warning (332126): Node "U_ALU|Add0~21|cin"
    Warning (332126): Node "U_ALU|Add0~21|sumout"
    Warning (332126): Node "U_ALU|Mux12~2|datad"
    Warning (332126): Node "U_ALU|Mux12~2|combout"
    Warning (332126): Node "U_ALU|Mux12~4|datab"
    Warning (332126): Node "U_ALU|Add0~21|cout"
    Warning (332126): Node "U_ALU|Add0~17|cin"
    Warning (332126): Node "U_ALU|Add0~17|sumout"
    Warning (332126): Node "U_ALU|Mux11~9|dataa"
    Warning (332126): Node "U_ALU|Add0~17|cout"
    Warning (332126): Node "U_ALU|Add0~29|cin"
    Warning (332126): Node "U_ALU|Add6~37|datad"
    Warning (332126): Node "U_ALU|Add6~37|sumout"
    Warning (332126): Node "U_ALU|Mux14~2|datae"
    Warning (332126): Node "U_ALU|Add6~37|cout"
    Warning (332126): Node "U_ALU|Add6~25|cin"
    Warning (332126): Node "U_ALU|Add6~25|sumout"
    Warning (332126): Node "U_ALU|Mux13~2|datae"
    Warning (332126): Node "U_ALU|Add6~25|cout"
    Warning (332126): Node "U_ALU|Add6~21|cin"
    Warning (332126): Node "U_ALU|Add6~21|sumout"
    Warning (332126): Node "U_ALU|Mux12~2|datae"
    Warning (332126): Node "U_ALU|Add6~21|cout"
    Warning (332126): Node "U_ALU|Add6~17|cin"
    Warning (332126): Node "U_ALU|Add6~17|sumout"
    Warning (332126): Node "U_ALU|Mux11~9|datad"
    Warning (332126): Node "U_ALU|Add6~17|cout"
    Warning (332126): Node "U_ALU|Add6~29|cin"
    Warning (332126): Node "U_REGS|Mux528~4|dataa"
    Warning (332126): Node "U_REGS|Mux528~4|combout"
    Warning (332126): Node "U_REGS|Mux529~8|datac"
    Warning (332126): Node "U_REGS|Mux532~8|datac"
    Warning (332126): Node "U_REGS|Mux534~9|datac"
    Warning (332126): Node "U_REGS|Mux533~9|datac"
    Warning (332126): Node "U_REGS|Mux530~9|datac"
    Warning (332126): Node "U_ALU|Mux3~2|datac"
    Warning (332126): Node "U_REGS|Mux528~7|datac"
    Warning (332126): Node "U_REGS|Mux528~7|combout"
    Warning (332126): Node "U_ALU|Mux6~3|datac"
    Warning (332126): Node "U_ALU|Mux5~3|datac"
    Warning (332126): Node "U_ALU|Mux2~1|datac"
    Warning (332126): Node "U_ALU|Mux3~6|datad"
    Warning (332126): Node "U_REGS|Mux528~5|datac"
    Warning (332126): Node "U_REGS|Mux528~5|combout"
    Warning (332126): Node "U_REGS|Mux530~8|dataa"
    Warning (332126): Node "U_REGS|Mux534~8|dataa"
    Warning (332126): Node "U_REGS|Mux533~8|dataa"
    Warning (332126): Node "U_ALU|Mux2~4|dataa"
    Warning (332126): Node "U_ALU|Mux4~3|datab"
    Warning (332126): Node "U_REGS|Mux531~10|dataa"
    Warning (332126): Node "U_REGS|Mux528~16|dataa"
    Warning (332126): Node "U_REGS|Mux528~6|datac"
    Warning (332126): Node "U_REGS|Mux528~6|combout"
    Warning (332126): Node "U_REGS|Mux530~8|datab"
    Warning (332126): Node "U_REGS|Mux534~8|datab"
    Warning (332126): Node "U_REGS|Mux533~8|datab"
    Warning (332126): Node "U_ALU|Mux2~4|datab"
    Warning (332126): Node "U_ALU|Mux4~3|datac"
    Warning (332126): Node "U_REGS|Mux531~8|dataa"
    Warning (332126): Node "U_REGS|Mux531~10|datab"
    Warning (332126): Node "U_REGS|Mux528~16|datab"
    Warning (332126): Node "U_REGS|Mux535~8|datac"
    Warning (332126): Node "U_REGS|Mux535~8|combout"
    Warning (332126): Node "U_ALU|Mux6~1|dataf"
    Warning (332126): Node "U_ALU|Mux7~5|dataa"
    Warning (332126): Node "U_ALU|Mux7~1|datae"
    Warning (332126): Node "U_ALU|Mux7~3|datad"
    Warning (332126): Node "U_ALU|Mux7~3|combout"
    Warning (332126): Node "U_ALU|Mux7~4|datad"
    Warning (332126): Node "U_ALU|Add1~61|datad"
    Warning (332126): Node "U_ALU|Add6~61|datad"
    Warning (332126): Node "U_ALU|Add0~61|datad"
    Warning (332126): Node "U_ALU|Add9~61|datad"
    Warning (332126): Node "U_ALU|Add3~61|datad"
    Warning (332126): Node "U_ALU|Mux8~1|datad"
    Warning (332126): Node "U_REGS|Mux535~0|dataf"
    Warning (332126): Node "U_REGS|Mux535~0|combout"
    Warning (332126): Node "U_REGS|Mux535~8|datad"
    Warning (332126): Node "U_REGS|Mux535~1|datac"
    Warning (332126): Node "U_REGS|Mux535~1|combout"
    Warning (332126): Node "U_REGS|Mux535~2|datac"
    Warning (332126): Node "U_REGS|Mux535~2|combout"
    Warning (332126): Node "U_REGS|Mux535~8|datae"
    Warning (332126): Node "U_REGS|Mux528~1|datac"
    Warning (332126): Node "U_REGS|Mux528~1|combout"
    Warning (332126): Node "U_REGS|Mux529~2|datae"
    Warning (332126): Node "U_REGS|Mux532~2|datae"
    Warning (332126): Node "U_REGS|Mux534~6|datae"
    Warning (332126): Node "U_REGS|Mux533~6|datae"
    Warning (332126): Node "U_REGS|Mux530~1|datae"
    Warning (332126): Node "U_REGS|Mux531~1|datae"
    Warning (332126): Node "U_REGS|Mux531~8|datac"
    Warning (332126): Node "U_REGS|Mux531~9|datad"
    Warning (332126): Node "U_REGS|Mux531~9|combout"
    Warning (332126): Node "U_REGS|Mux531~8|datae"
    Warning (332126): Node "U_REGS|Mux528~9|datae"
    Warning (332126): Node "U_REGS|Mux535~2|datae"
    Warning (332126): Node "U_REGS|Mux535~7|dataf"
    Warning (332126): Node "U_REGS|Mux535~7|combout"
    Warning (332126): Node "U_REGS|Mux535~8|dataf"
    Warning (332126): Node "U_REGS|Mux536~4|datae"
    Warning (332126): Node "U_REGS|Mux536~4|combout"
    Warning (332126): Node "U_REGS|Mux536~8|datac"
    Warning (332126): Node "U_REGS|Mux536~8|combout"
    Warning (332126): Node "U_ALU|Mux9~1|datae"
    Warning (332126): Node "U_ALU|Mux7~1|dataf"
    Warning (332126): Node "U_ALU|Mux8~5|dataa"
    Warning (332126): Node "U_ALU|Add9~49|datad"
    Warning (332126): Node "U_ALU|Add3~49|datad"
    Warning (332126): Node "U_ALU|Add0~49|datad"
    Warning (332126): Node "U_ALU|Add6~49|datad"
    Warning (332126): Node "U_ALU|Mux8~1|datae"
    Warning (332126): Node "U_ALU|Mux8~3|datad"
    Warning (332126): Node "U_ALU|Mux8~3|combout"
    Warning (332126): Node "U_ALU|Mux8~4|datad"
    Warning (332126): Node "U_ALU|Add1~49|datad"
    Warning (332126): Node "U_REGS|Mux536~7|dataf"
    Warning (332126): Node "U_REGS|Mux536~7|combout"
    Warning (332126): Node "U_REGS|Mux536~8|datae"
    Warning (332126): Node "U_REGS|Mux540~4|dataf"
    Warning (332126): Node "U_REGS|Mux540~4|combout"
    Warning (332126): Node "U_REGS|Mux540~8|datac"
    Warning (332126): Node "U_REGS|Mux540~8|combout"
    Warning (332126): Node "U_ALU|Mux13~1|dataa"
    Warning (332126): Node "U_ALU|Mux11~8|datab"
    Warning (332126): Node "U_ALU|Mux12~5|dataa"
    Warning (332126): Node "U_ALU|Mux12~1|datab"
    Warning (332126): Node "U_ALU|Mux12~1|combout"
    Warning (332126): Node "U_ALU|Mux12~2|dataf"
    Warning (332126): Node "U_ALU|Mux12~3|datab"
    Warning (332126): Node "U_ALU|Mux12~3|combout"
    Warning (332126): Node "U_ALU|Mux12~4|datad"
    Warning (332126): Node "U_ALU|Add1~21|datad"
    Warning (332126): Node "U_ALU|Add9~21|datad"
    Warning (332126): Node "U_ALU|Add3~21|datad"
    Warning (332126): Node "U_ALU|Add0~21|datad"
    Warning (332126): Node "U_ALU|Add6~21|datad"
    Warning (332126): Node "U_REGS|Mux540~7|dataf"
    Warning (332126): Node "U_REGS|Mux540~7|combout"
    Warning (332126): Node "U_REGS|Mux540~8|datae"
    Warning (332126): Node "U_REGS|Mux539~6|datae"
    Warning (332126): Node "U_REGS|Mux539~6|combout"
    Warning (332126): Node "U_REGS|Mux539~8|datad"
    Warning (332126): Node "U_REGS|Mux539~8|combout"
    Warning (332126): Node "U_ALU|Mux10~1|dataa"
    Warning (332126): Node "U_ALU|Mux11~12|dataa"
    Warning (332126): Node "U_ALU|Mux11~8|dataa"
    Warning (332126): Node "U_ALU|Mux11~10|datab"
    Warning (332126): Node "U_ALU|Mux11~10|combout"
    Warning (332126): Node "U_ALU|Mux11~11|datad"
    Warning (332126): Node "U_ALU|Add1~17|datad"
    Warning (332126): Node "U_ALU|Mux12~1|dataa"
    Warning (332126): Node "U_ALU|Add9~17|datad"
    Warning (332126): Node "U_ALU|Add3~17|datad"
    Warning (332126): Node "U_ALU|Add0~17|datad"
    Warning (332126): Node "U_ALU|Add6~17|datad"
    Warning (332126): Node "U_REGS|Mux539~7|dataf"
    Warning (332126): Node "U_REGS|Mux539~7|combout"
    Warning (332126): Node "U_REGS|Mux539~8|datae"
    Warning (332126): Node "U_REGS|Mux543~0|datac"
    Warning (332126): Node "U_REGS|Mux543~0|combout"
    Warning (332126): Node "U_REGS|Mux538~13|dataa"
    Warning (332126): Node "U_ALU|Mux15~4|datad"
    Warning (332126): Node "U_ALU|Mux15~4|combout"
    Warning (332126): Node "U_ALU|Mux15~6|datab"
    Warning (332126): Node "U_ALU|Mux15~6|combout"
    Warning (332126): Node "U_ALU|Mux15~2|datad"
    Warning (332126): Node "U_ALU|Mux10~3|dataa"
    Warning (332126): Node "U_ALU|Mux13~3|dataa"
    Warning (332126): Node "U_ALU|Mux13~3|combout"
    Warning (332126): Node "U_ALU|Mux13~4|datad"
    Warning (332126): Node "U_REGS|Mux541~9|dataa"
    Warning (332126): Node "U_REGS|Mux541~9|combout"
    Warning (332126): Node "U_ALU|Mux14~1|dataa"
    Warning (332126): Node "U_ALU|Mux13~5|dataa"
    Warning (332126): Node "U_ALU|Mux13~1|datab"
    Warning (332126): Node "U_ALU|Add1~25|datad"
    Warning (332126): Node "U_ALU|Mux12~1|datac"
    Warning (332126): Node "U_ALU|Add9~25|datad"
    Warning (332126): Node "U_ALU|Add3~25|datad"
    Warning (332126): Node "U_ALU|Add0~25|datad"
    Warning (332126): Node "U_ALU|Add6~25|datad"
    Warning (332126): Node "U_REGS|Mux541~6|dataf"
    Warning (332126): Node "U_REGS|Mux541~6|combout"
    Warning (332126): Node "U_REGS|Mux541~8|datac"
    Warning (332126): Node "U_REGS|Mux541~8|combout"
    Warning (332126): Node "U_ALU|Mux13~3|datad"
    Warning (332126): Node "U_REGS|Mux541~9|datac"
    Warning (332126): Node "U_REGS|Mux541~7|dataf"
    Warning (332126): Node "U_REGS|Mux541~7|combout"
    Warning (332126): Node "U_REGS|Mux541~8|datad"
    Warning (332126): Node "U_REGS|Mux542~7|dataf"
    Warning (332126): Node "U_REGS|Mux542~7|combout"
    Warning (332126): Node "U_ALU|Mux0~8|datae"
    Warning (332126): Node "U_REGS|Mux542~8|datae"
    Warning (332126): Node "U_REGS|Mux538~0|datae"
    Warning (332126): Node "U_REGS|Mux538~0|combout"
    Warning (332126): Node "U_REGS|Mux537~6|datae"
    Warning (332126): Node "U_REGS|Mux537~6|combout"
    Warning (332126): Node "U_REGS|Mux537~8|datad"
    Warning (332126): Node "U_REGS|Mux538~5|datae"
    Warning (332126): Node "U_REGS|Mux538~5|combout"
    Warning (332126): Node "U_REGS|Mux538~13|datab"
    Warning (332126): Node "U_ALU|Mux10~3|datad"
    Warning (332126): Node "U_REGS|Mux536~6|datae"
    Warning (332126): Node "U_REGS|Mux536~6|combout"
    Warning (332126): Node "U_REGS|Mux536~8|datad"
    Warning (332126): Node "U_REGS|Mux540~6|datae"
    Warning (332126): Node "U_REGS|Mux540~6|combout"
    Warning (332126): Node "U_REGS|Mux540~8|datad"
    Warning (332126): Node "U_REGS|Mux539~1|datae"
    Warning (332126): Node "U_REGS|Mux539~1|combout"
    Warning (332126): Node "U_REGS|Mux539~8|dataa"
    Warning (332126): Node "U_REGS|Mux541~1|datae"
    Warning (332126): Node "U_REGS|Mux541~1|combout"
    Warning (332126): Node "U_ALU|Mux13~3|datac"
    Warning (332126): Node "U_REGS|Mux541~9|datab"
    Warning (332126): Node "U_REGS|Mux542~6|datae"
    Warning (332126): Node "U_REGS|Mux542~6|combout"
    Warning (332126): Node "U_ALU|Mux0~8|datad"
    Warning (332126): Node "U_REGS|Mux542~8|datad"
    Warning (332126): Node "U_REGS|Mux543~7|datae"
    Warning (332126): Node "U_REGS|Mux543~7|combout"
    Warning (332126): Node "U_REGS|Mux543~9|datad"
    Warning (332126): Node "U_REGS|Mux543~9|combout"
    Warning (332126): Node "U_ALU|Mux15~2|dataa"
    Warning (332126): Node "U_ALU|Mux0~5|dataa"
    Warning (332126): Node "U_ALU|Mux0~5|combout"
    Warning (332126): Node "U_ALU|Mux15~0|dataa"
    Warning (332126): Node "U_ALU|Mux15~5|dataa"
    Warning (332126): Node "U_ALU|Mux15~5|combout"
    Warning (332126): Node "U_ALU|Mux15~1|dataf"
    Warning (332126): Node "U_ALU|Mux15~1|combout"
    Warning (332126): Node "U_ALU|Mux15~2|datac"
    Warning (332126): Node "U_ALU|Mux14~1|datac"
    Warning (332126): Node "U_ALU|Add9~41|datad"
    Warning (332126): Node "U_ALU|Add9~41|sumout"
    Warning (332126): Node "U_ALU|Mux15~1|datab"
    Warning (332126): Node "U_ALU|Add9~41|cout"
    Warning (332126): Node "U_ALU|Add9~37|cin"
    Warning (332126): Node "U_ALU|Add0~41|datad"
    Warning (332126): Node "U_ALU|Add0~41|sumout"
    Warning (332126): Node "U_ALU|Mux0~5|datac"
    Warning (332126): Node "U_ALU|Add0~41|cout"
    Warning (332126): Node "U_ALU|Add0~37|cin"
    Warning (332126): Node "U_ALU|Add6~41|datad"
    Warning (332126): Node "U_ALU|Add6~41|sumout"
    Warning (332126): Node "U_ALU|Mux0~6|datac"
    Warning (332126): Node "U_ALU|Mux0~6|combout"
    Warning (332126): Node "U_ALU|Mux15~0|datab"
    Warning (332126): Node "U_ALU|Add6~41|cout"
    Warning (332126): Node "U_ALU|Add6~37|cin"
    Warning (332126): Node "U_ALU|Add3~41|datad"
    Warning (332126): Node "U_ALU|Add3~41|cout"
    Warning (332126): Node "U_ALU|Add3~37|cin"
    Warning (332126): Node "U_ALU|Add3~41|sumout"
    Warning (332126): Node "U_ALU|Mux0~6|datab"
    Warning (332126): Node "U_ALU|Mux15~6|datac"
    Warning (332126): Node "U_ALU|Add1~41|datad"
    Warning (332126): Node "U_ALU|Add1~41|cout"
    Warning (332126): Node "U_ALU|Add1~37|cin"
    Warning (332126): Node "U_ALU|Add1~41|sumout"
    Warning (332126): Node "U_ALU|Mux0~7|datab"
    Warning (332126): Node "U_ALU|Mux0~7|combout"
    Warning (332126): Node "U_ALU|Mux15~0|datac"
    Warning (332126): Node "U_ALU|Mux15~6|dataf"
    Warning (332126): Node "U_ALU|Mux15~4|dataf"
    Warning (332126): Node "U_REGS|Mux538~1|datae"
    Warning (332126): Node "U_REGS|Mux538~1|combout"
    Warning (332126): Node "U_REGS|Mux537~6|dataf"
    Warning (332126): Node "U_REGS|Mux538~5|dataf"
    Warning (332126): Node "U_REGS|Mux536~6|dataf"
    Warning (332126): Node "U_REGS|Mux540~6|dataf"
    Warning (332126): Node "U_REGS|Mux539~1|dataf"
    Warning (332126): Node "U_REGS|Mux541~1|dataf"
    Warning (332126): Node "U_REGS|Mux542~6|dataf"
    Warning (332126): Node "U_REGS|Mux543~7|dataf"
    Warning (332126): Node "U_REGS|Mux538~2|datac"
    Warning (332126): Node "U_REGS|Mux538~2|combout"
    Warning (332126): Node "U_REGS|Mux538~12|dataa"
    Warning (332126): Node "U_REGS|Mux537~8|dataa"
    Warning (332126): Node "U_REGS|Mux543~9|dataa"
    Warning (332126): Node "U_ALU|Mux0~8|dataa"
    Warning (332126): Node "U_REGS|Mux542~8|dataa"
    Warning (332126): Node "U_REGS|Mux536~8|dataa"
    Warning (332126): Node "U_REGS|Mux540~8|dataa"
    Warning (332126): Node "U_REGS|Mux539~8|datab"
    Warning (332126): Node "U_REGS|Mux541~8|dataa"
    Warning (332126): Node "U_ALU|Mux15~3|dataa"
    Warning (332126): Node "U_ALU|Mux15~3|combout"
    Warning (332126): Node "U_ALU|Mux15~6|datad"
    Warning (332126): Node "U_REGS|Mux543~5|datae"
    Warning (332126): Node "U_REGS|Mux543~5|combout"
    Warning (332126): Node "U_REGS|Mux543~9|datac"
    Warning (332126): Node "U_ALU|Mux15~3|datac"
    Warning (332126): Node "U_REGS|Mux543~8|dataf"
    Warning (332126): Node "U_REGS|Mux543~8|combout"
    Warning (332126): Node "U_ALU|Mux15~3|datad"
    Warning (332126): Node "U_REGS|Mux543~9|datae"
    Warning (332126): Node "U_REGS|Mux532~7|dataf"
    Warning (332126): Node "U_REGS|Mux532~7|combout"
    Warning (332126): Node "U_REGS|Mux532~8|dataf"
    Warning (332126): Node "U_REGS|Mux537~7|dataf"
    Warning (332126): Node "U_REGS|Mux537~7|combout"
    Warning (332126): Node "U_REGS|Mux537~8|datae"
    Warning (332126): Node "U_REGS|Mux533~7|dataf"
    Warning (332126): Node "U_REGS|Mux533~7|combout"
    Warning (332126): Node "U_REGS|Mux533~9|datae"
    Warning (332126): Node "U_REGS|Mux533~8|datae"
    Warning (332126): Node "U_REGS|Mux538~11|dataf"
    Warning (332126): Node "U_REGS|Mux538~11|combout"
    Warning (332126): Node "U_REGS|Mux538~12|datad"
    Warning (332126): Node "U_REGS|Mux534~7|dataf"
    Warning (332126): Node "U_REGS|Mux534~7|combout"
    Warning (332126): Node "U_REGS|Mux534~9|datae"
    Warning (332126): Node "U_REGS|Mux534~8|datae"
    Warning (332126): Node "U_REGS|Mux530~7|dataf"
    Warning (332126): Node "U_REGS|Mux530~7|combout"
    Warning (332126): Node "U_REGS|Mux530~9|datae"
    Warning (332126): Node "U_REGS|Mux530~8|datae"
Critical Warning (332081): Design contains combinational loop of 989 nodes. Estimating the delays through the loop.
Info (332143): No user constrained clock uncertainty found in the design. Calling "derive_clock_uncertainty"
Info (332123): Deriving Clock Uncertainty. Please refer to report_sdc in the Timing Analyzer to see clock uncertainties.
Info (332130): Timing requirements not specified -- quality metrics such as performance may be sacrificed to reduce compilation time.
Info (176235): Finished register packing
    Extra Info (176219): No registers were packed into other blocks
Info (11798): Fitter preparation operations ending: elapsed time is 00:00:14
Info (170189): Fitter placement preparation operations beginning
Info (14951): The Fitter is using Advanced Physical Optimization.
Info (170190): Fitter placement preparation operations ending: elapsed time is 00:02:09
Info (170191): Fitter placement operations beginning
Info (170137): Fitter placement was successful
Info (170192): Fitter placement operations ending: elapsed time is 00:00:57
Info (170193): Fitter routing operations beginning
Info (170195): Router estimated average interconnect usage is 12% of the available device resources
    Info (170196): Router estimated peak interconnect usage is 47% of the available device resources in the region that extends from location X45_Y23 to location X55_Y34
Info (170199): The Fitter performed an Auto Fit compilation.  Optimizations were skipped to reduce compilation time.
    Info (170201): Optimizations that may affect the design's routability were skipped
Info (170194): Fitter routing operations ending: elapsed time is 00:01:32
Info (11888): Total time spent on timing analysis during the Fitter is 30.58 seconds.
Info (334003): Started post-fitting delay annotation
Info (334004): Delay annotation completed successfully
Info (334003): Started post-fitting delay annotation
Info (334004): Delay annotation completed successfully
Info (11801): Fitter post-fit operations ending: elapsed time is 00:00:33
Info (144001): Generated suppressed messages file C:/Users/odrow/OneDrive/Dokumenty/quartus/CPU/output_files/CPU.fit.smsg
Info: Quartus Prime Fitter was successful. 0 errors, 996 warnings
    Info: Peak virtual memory: 7291 megabytes
    Info: Processing ended: Sun Jun  7 01:18:20 2026
    Info: Elapsed time: 00:09:09
    Info: Total CPU time (on all processors): 00:30:44


+----------------------------+
; Fitter Suppressed Messages ;
+----------------------------+
The suppressed messages can be found in C:/Users/odrow/OneDrive/Dokumenty/quartus/CPU/output_files/CPU.fit.smsg.


