Timing Analyzer report for CPU
Sun Jun  7 01:19:36 2026
Quartus Prime Version 24.1std.0 Build 1077 03/04/2025 SC Lite Edition


---------------------
; Table of Contents ;
---------------------
  1. Legal Notice
  2. Timing Analyzer Summary
  3. Parallel Compilation
  4. Clocks
  5. Slow 1100mV 85C Model Fmax Summary
  6. Timing Closure Recommendations
  7. Slow 1100mV 85C Model Setup Summary
  8. Slow 1100mV 85C Model Hold Summary
  9. Slow 1100mV 85C Model Recovery Summary
 10. Slow 1100mV 85C Model Removal Summary
 11. Slow 1100mV 85C Model Minimum Pulse Width Summary
 12. Slow 1100mV 85C Model Metastability Summary
 13. Slow 1100mV 0C Model Fmax Summary
 14. Slow 1100mV 0C Model Setup Summary
 15. Slow 1100mV 0C Model Hold Summary
 16. Slow 1100mV 0C Model Recovery Summary
 17. Slow 1100mV 0C Model Removal Summary
 18. Slow 1100mV 0C Model Minimum Pulse Width Summary
 19. Slow 1100mV 0C Model Metastability Summary
 20. Fast 1100mV 85C Model Setup Summary
 21. Fast 1100mV 85C Model Hold Summary
 22. Fast 1100mV 85C Model Recovery Summary
 23. Fast 1100mV 85C Model Removal Summary
 24. Fast 1100mV 85C Model Minimum Pulse Width Summary
 25. Fast 1100mV 85C Model Metastability Summary
 26. Fast 1100mV 0C Model Setup Summary
 27. Fast 1100mV 0C Model Hold Summary
 28. Fast 1100mV 0C Model Recovery Summary
 29. Fast 1100mV 0C Model Removal Summary
 30. Fast 1100mV 0C Model Minimum Pulse Width Summary
 31. Fast 1100mV 0C Model Metastability Summary
 32. Multicorner Timing Analysis Summary
 33. Board Trace Model Assignments
 34. Input Transition Times
 35. Signal Integrity Metrics (Slow 1100mv 0c Model)
 36. Signal Integrity Metrics (Slow 1100mv 85c Model)
 37. Signal Integrity Metrics (Fast 1100mv 0c Model)
 38. Signal Integrity Metrics (Fast 1100mv 85c Model)
 39. Setup Transfers
 40. Hold Transfers
 41. Report TCCS
 42. Report RSKM
 43. Unconstrained Paths Summary
 44. Clock Status Summary
 45. Unconstrained Input Ports
 46. Unconstrained Output Ports
 47. Unconstrained Input Ports
 48. Unconstrained Output Ports
 49. Timing Analyzer Messages



----------------
; Legal Notice ;
----------------
Copyright (C) 2025  Altera Corporation. All rights reserved.
Your use of Altera Corporation's design tools, logic functions 
and other software and tools, and any partner logic 
functions, and any output files from any of the foregoing 
(including device programming or simulation files), and any 
associated documentation or information are expressly subject 
to the terms and conditions of the Altera Program License 
Subscription Agreement, the Altera Quartus Prime License Agreement,
the Altera IP License Agreement, or other applicable license
agreement, including, without limitation, that your use is for
the sole purpose of programming logic devices manufactured by
Altera and sold by Altera or its authorized distributors.  Please
refer to the Altera Software License Subscription Agreements 
on the Quartus Prime software download page.



+---------------------------------------------------------------------------------+
; Timing Analyzer Summary                                                         ;
+-----------------------+---------------------------------------------------------+
; Quartus Prime Version ; Version 24.1std.0 Build 1077 03/04/2025 SC Lite Edition ;
; Timing Analyzer       ; Legacy Timing Analyzer                                  ;
; Revision Name         ; CPU                                                     ;
; Device Family         ; Cyclone V                                               ;
; Device Name           ; 5CGXFC7C7F23C8                                          ;
; Timing Models         ; Final                                                   ;
; Delay Model           ; Combined                                                ;
; Rise/Fall Delays      ; Enabled                                                 ;
+-----------------------+---------------------------------------------------------+


+------------------------------------------+
; Parallel Compilation                     ;
+----------------------------+-------------+
; Processors                 ; Number      ;
+----------------------------+-------------+
; Number detected on machine ; 12          ;
; Maximum allowed            ; 6           ;
;                            ;             ;
; Average used               ; 3.50        ;
; Maximum used               ; 6           ;
;                            ;             ;
; Usage by Processor         ; % Time Used ;
;     Processor 1            ; 100.0%      ;
;     Processor 2            ;  72.0%      ;
;     Processor 3            ;  72.0%      ;
;     Processor 4            ;  72.0%      ;
;     Processor 5            ;  17.2%      ;
;     Processor 6            ;  17.2%      ;
+----------------------------+-------------+


+------------------------------------------------------------------------------------------------------------------------------------------------------------------------------------+
; Clocks                                                                                                                                                                             ;
+------------+------+--------+------------+-------+-------+------------+-----------+-------------+-------+--------+-----------+------------+----------+--------+--------+------------+
; Clock Name ; Type ; Period ; Frequency  ; Rise  ; Fall  ; Duty Cycle ; Divide by ; Multiply by ; Phase ; Offset ; Edge List ; Edge Shift ; Inverted ; Master ; Source ; Targets    ;
+------------+------+--------+------------+-------+-------+------------+-----------+-------------+-------+--------+-----------+------------+----------+--------+--------+------------+
; KEY[0]     ; Base ; 1.000  ; 1000.0 MHz ; 0.000 ; 0.500 ;            ;           ;             ;       ;        ;           ;            ;          ;        ;        ; { KEY[0] } ;
+------------+------+--------+------------+-------+-------+------------+-----------+-------------+-------+--------+-----------+------------+----------+--------+--------+------------+


+-------------------------------------------------+
; Slow 1100mV 85C Model Fmax Summary              ;
+-----------+-----------------+------------+------+
; Fmax      ; Restricted Fmax ; Clock Name ; Note ;
+-----------+-----------------+------------+------+
; 41.96 MHz ; 41.96 MHz       ; KEY[0]     ;      ;
+-----------+-----------------+------------+------+
This panel reports FMAX for every clock in the design, regardless of the user-specified clock periods.  FMAX is only computed for paths where the source and destination registers or ports are driven by the same clock.  Paths of different clocks, including generated clocks, are ignored.  For paths between a clock and its inversion, FMAX is computed as if the rising and falling edges are scaled along with FMAX, such that the duty cycle (in terms of a percentage) is maintained. Altera recommends that you always use clock constraints and other slack reports for sign-off analysis.


----------------------------------
; Timing Closure Recommendations ;
----------------------------------
HTML report is unavailable in plain text report export.


+-------------------------------------+
; Slow 1100mV 85C Model Setup Summary ;
+--------+---------+------------------+
; Clock  ; Slack   ; End Point TNS    ;
+--------+---------+------------------+
; KEY[0] ; -22.830 ; -251230.360      ;
+--------+---------+------------------+


+------------------------------------+
; Slow 1100mV 85C Model Hold Summary ;
+--------+--------+------------------+
; Clock  ; Slack  ; End Point TNS    ;
+--------+--------+------------------+
; KEY[0] ; -0.032 ; -0.057           ;
+--------+--------+------------------+


------------------------------------------
; Slow 1100mV 85C Model Recovery Summary ;
------------------------------------------
No paths to report.


-----------------------------------------
; Slow 1100mV 85C Model Removal Summary ;
-----------------------------------------
No paths to report.


+---------------------------------------------------+
; Slow 1100mV 85C Model Minimum Pulse Width Summary ;
+--------+--------+---------------------------------+
; Clock  ; Slack  ; End Point TNS                   ;
+--------+--------+---------------------------------+
; KEY[0] ; -0.724 ; -22466.596                      ;
+--------+--------+---------------------------------+


-----------------------------------------------
; Slow 1100mV 85C Model Metastability Summary ;
-----------------------------------------------
No synchronizer chains to report.


+-------------------------------------------------+
; Slow 1100mV 0C Model Fmax Summary               ;
+-----------+-----------------+------------+------+
; Fmax      ; Restricted Fmax ; Clock Name ; Note ;
+-----------+-----------------+------------+------+
; 42.68 MHz ; 42.68 MHz       ; KEY[0]     ;      ;
+-----------+-----------------+------------+------+
This panel reports FMAX for every clock in the design, regardless of the user-specified clock periods.  FMAX is only computed for paths where the source and destination registers or ports are driven by the same clock.  Paths of different clocks, including generated clocks, are ignored.  For paths between a clock and its inversion, FMAX is computed as if the rising and falling edges are scaled along with FMAX, such that the duty cycle (in terms of a percentage) is maintained. Altera recommends that you always use clock constraints and other slack reports for sign-off analysis.


+------------------------------------+
; Slow 1100mV 0C Model Setup Summary ;
+--------+---------+-----------------+
; Clock  ; Slack   ; End Point TNS   ;
+--------+---------+-----------------+
; KEY[0] ; -22.428 ; -247391.423     ;
+--------+---------+-----------------+


+-----------------------------------+
; Slow 1100mV 0C Model Hold Summary ;
+--------+-------+------------------+
; Clock  ; Slack ; End Point TNS    ;
+--------+-------+------------------+
; KEY[0] ; 0.029 ; 0.000            ;
+--------+-------+------------------+


-----------------------------------------
; Slow 1100mV 0C Model Recovery Summary ;
-----------------------------------------
No paths to report.


----------------------------------------
; Slow 1100mV 0C Model Removal Summary ;
----------------------------------------
No paths to report.


+--------------------------------------------------+
; Slow 1100mV 0C Model Minimum Pulse Width Summary ;
+--------+--------+--------------------------------+
; Clock  ; Slack  ; End Point TNS                  ;
+--------+--------+--------------------------------+
; KEY[0] ; -0.724 ; -21214.576                     ;
+--------+--------+--------------------------------+


----------------------------------------------
; Slow 1100mV 0C Model Metastability Summary ;
----------------------------------------------
No synchronizer chains to report.


+-------------------------------------+
; Fast 1100mV 85C Model Setup Summary ;
+--------+---------+------------------+
; Clock  ; Slack   ; End Point TNS    ;
+--------+---------+------------------+
; KEY[0] ; -10.228 ; -118098.517      ;
+--------+---------+------------------+


+------------------------------------+
; Fast 1100mV 85C Model Hold Summary ;
+--------+-------+-------------------+
; Clock  ; Slack ; End Point TNS     ;
+--------+-------+-------------------+
; KEY[0] ; 0.100 ; 0.000             ;
+--------+-------+-------------------+


------------------------------------------
; Fast 1100mV 85C Model Recovery Summary ;
------------------------------------------
No paths to report.


-----------------------------------------
; Fast 1100mV 85C Model Removal Summary ;
-----------------------------------------
No paths to report.


+---------------------------------------------------+
; Fast 1100mV 85C Model Minimum Pulse Width Summary ;
+--------+--------+---------------------------------+
; Clock  ; Slack  ; End Point TNS                   ;
+--------+--------+---------------------------------+
; KEY[0] ; -0.062 ; -825.774                        ;
+--------+--------+---------------------------------+


-----------------------------------------------
; Fast 1100mV 85C Model Metastability Summary ;
-----------------------------------------------
No synchronizer chains to report.


+------------------------------------+
; Fast 1100mV 0C Model Setup Summary ;
+--------+--------+------------------+
; Clock  ; Slack  ; End Point TNS    ;
+--------+--------+------------------+
; KEY[0] ; -8.983 ; -102154.834      ;
+--------+--------+------------------+


+-----------------------------------+
; Fast 1100mV 0C Model Hold Summary ;
+--------+-------+------------------+
; Clock  ; Slack ; End Point TNS    ;
+--------+-------+------------------+
; KEY[0] ; 0.108 ; 0.000            ;
+--------+-------+------------------+


-----------------------------------------
; Fast 1100mV 0C Model Recovery Summary ;
-----------------------------------------
No paths to report.


----------------------------------------
; Fast 1100mV 0C Model Removal Summary ;
----------------------------------------
No paths to report.


+--------------------------------------------------+
; Fast 1100mV 0C Model Minimum Pulse Width Summary ;
+--------+--------+--------------------------------+
; Clock  ; Slack  ; End Point TNS                  ;
+--------+--------+--------------------------------+
; KEY[0] ; -0.087 ; -1231.215                      ;
+--------+--------+--------------------------------+


----------------------------------------------
; Fast 1100mV 0C Model Metastability Summary ;
----------------------------------------------
No synchronizer chains to report.


+------------------------------------------------------------------------------------+
; Multicorner Timing Analysis Summary                                                ;
+------------------+-------------+--------+----------+---------+---------------------+
; Clock            ; Setup       ; Hold   ; Recovery ; Removal ; Minimum Pulse Width ;
+------------------+-------------+--------+----------+---------+---------------------+
; Worst-case Slack ; -22.830     ; -0.032 ; N/A      ; N/A     ; -0.724              ;
;  KEY[0]          ; -22.830     ; -0.032 ; N/A      ; N/A     ; -0.724              ;
; Design-wide TNS  ; -251230.36  ; -0.057 ; 0.0      ; 0.0     ; -22466.596          ;
;  KEY[0]          ; -251230.360 ; -0.057 ; N/A      ; N/A     ; -22466.596          ;
+------------------+-------------+--------+----------+---------+---------------------+


+------------------------------------------------------------------------------------------------------------------------------------------------------------------------------------------------------------------------------------------------------------------------------------------------------------------------------------------------------------------------------------------------------------+
; Board Trace Model Assignments                                                                                                                                                                                                                                                                                                                                                                              ;
+---------+--------------+-------------------+-------------------------+-------------------------+---------------+---------------------+----------------+------------------+--------+------------------+------------------------+------------------------+--------------+---------------+-----------------+-------+---------------------+--------------------+---------------+-----------------+-------------+
; Pin     ; I/O Standard ; Near Tline Length ; Near Tline L per Length ; Near Tline C per Length ; Near Series R ; Near Differential R ; Near Pull-up R ; Near Pull-down R ; Near C ; Far Tline Length ; Far Tline L per Length ; Far Tline C per Length ; Far Series R ; Far Pull-up R ; Far Pull-down R ; Far C ; Termination Voltage ; Far Differential R ; EBD File Name ; EBD Signal Name ; EBD Far-end ;
+---------+--------------+-------------------+-------------------------+-------------------------+---------------+---------------------+----------------+------------------+--------+------------------+------------------------+------------------------+--------------+---------------+-----------------+-------+---------------------+--------------------+---------------+-----------------+-------------+
; LEDR[0] ; 2.5 V        ; 0 in              ; 0 H/in                  ; 0 F/in                  ; short         ; -                   ; open           ; open             ; open   ; 0 in             ; 0 H/in                 ; 0 F/in                 ; short        ; open          ; open            ; open  ; 0 V                 ; -                  ; n/a           ; n/a             ; n/a         ;
; LEDR[1] ; 2.5 V        ; 0 in              ; 0 H/in                  ; 0 F/in                  ; short         ; -                   ; open           ; open             ; open   ; 0 in             ; 0 H/in                 ; 0 F/in                 ; short        ; open          ; open            ; open  ; 0 V                 ; -                  ; n/a           ; n/a             ; n/a         ;
; LEDR[2] ; 2.5 V        ; 0 in              ; 0 H/in                  ; 0 F/in                  ; short         ; -                   ; open           ; open             ; open   ; 0 in             ; 0 H/in                 ; 0 F/in                 ; short        ; open          ; open            ; open  ; 0 V                 ; -                  ; n/a           ; n/a             ; n/a         ;
; LEDR[3] ; 2.5 V        ; 0 in              ; 0 H/in                  ; 0 F/in                  ; short         ; -                   ; open           ; open             ; open   ; 0 in             ; 0 H/in                 ; 0 F/in                 ; short        ; open          ; open            ; open  ; 0 V                 ; -                  ; n/a           ; n/a             ; n/a         ;
; LEDR[4] ; 2.5 V        ; 0 in              ; 0 H/in                  ; 0 F/in                  ; short         ; -                   ; open           ; open             ; open   ; 0 in             ; 0 H/in                 ; 0 F/in                 ; short        ; open          ; open            ; open  ; 0 V                 ; -                  ; n/a           ; n/a             ; n/a         ;
; LEDR[5] ; 2.5 V        ; 0 in              ; 0 H/in                  ; 0 F/in                  ; short         ; -                   ; open           ; open             ; open   ; 0 in             ; 0 H/in                 ; 0 F/in                 ; short        ; open          ; open            ; open  ; 0 V                 ; -                  ; n/a           ; n/a             ; n/a         ;
; LEDR[6] ; 2.5 V        ; 0 in              ; 0 H/in                  ; 0 F/in                  ; short         ; -                   ; open           ; open             ; open   ; 0 in             ; 0 H/in                 ; 0 F/in                 ; short        ; open          ; open            ; open  ; 0 V                 ; -                  ; n/a           ; n/a             ; n/a         ;
; LEDR[7] ; 2.5 V        ; 0 in              ; 0 H/in                  ; 0 F/in                  ; short         ; -                   ; open           ; open             ; open   ; 0 in             ; 0 H/in                 ; 0 F/in                 ; short        ; open          ; open            ; open  ; 0 V                 ; -                  ; n/a           ; n/a             ; n/a         ;
; LEDR[8] ; 2.5 V        ; 0 in              ; 0 H/in                  ; 0 F/in                  ; short         ; -                   ; open           ; open             ; open   ; 0 in             ; 0 H/in                 ; 0 F/in                 ; short        ; open          ; open            ; open  ; 0 V                 ; -                  ; n/a           ; n/a             ; n/a         ;
; LEDR[9] ; 2.5 V        ; 0 in              ; 0 H/in                  ; 0 F/in                  ; short         ; -                   ; open           ; open             ; open   ; 0 in             ; 0 H/in                 ; 0 F/in                 ; short        ; open          ; open            ; open  ; 0 V                 ; -                  ; n/a           ; n/a             ; n/a         ;
; HEX0[0] ; 2.5 V        ; 0 in              ; 0 H/in                  ; 0 F/in                  ; short         ; -                   ; open           ; open             ; open   ; 0 in             ; 0 H/in                 ; 0 F/in                 ; short        ; open          ; open            ; open  ; 0 V                 ; -                  ; n/a           ; n/a             ; n/a         ;
; HEX0[1] ; 2.5 V        ; 0 in              ; 0 H/in                  ; 0 F/in                  ; short         ; -                   ; open           ; open             ; open   ; 0 in             ; 0 H/in                 ; 0 F/in                 ; short        ; open          ; open            ; open  ; 0 V                 ; -                  ; n/a           ; n/a             ; n/a         ;
; HEX0[2] ; 2.5 V        ; 0 in              ; 0 H/in                  ; 0 F/in                  ; short         ; -                   ; open           ; open             ; open   ; 0 in             ; 0 H/in                 ; 0 F/in                 ; short        ; open          ; open            ; open  ; 0 V                 ; -                  ; n/a           ; n/a             ; n/a         ;
; HEX0[3] ; 2.5 V        ; 0 in              ; 0 H/in                  ; 0 F/in                  ; short         ; -                   ; open           ; open             ; open   ; 0 in             ; 0 H/in                 ; 0 F/in                 ; short        ; open          ; open            ; open  ; 0 V                 ; -                  ; n/a           ; n/a             ; n/a         ;
; HEX0[4] ; 2.5 V        ; 0 in              ; 0 H/in                  ; 0 F/in                  ; short         ; -                   ; open           ; open             ; open   ; 0 in             ; 0 H/in                 ; 0 F/in                 ; short        ; open          ; open            ; open  ; 0 V                 ; -                  ; n/a           ; n/a             ; n/a         ;
; HEX0[5] ; 2.5 V        ; 0 in              ; 0 H/in                  ; 0 F/in                  ; short         ; -                   ; open           ; open             ; open   ; 0 in             ; 0 H/in                 ; 0 F/in                 ; short        ; open          ; open            ; open  ; 0 V                 ; -                  ; n/a           ; n/a             ; n/a         ;
; HEX0[6] ; 2.5 V        ; 0 in              ; 0 H/in                  ; 0 F/in                  ; short         ; -                   ; open           ; open             ; open   ; 0 in             ; 0 H/in                 ; 0 F/in                 ; short        ; open          ; open            ; open  ; 0 V                 ; -                  ; n/a           ; n/a             ; n/a         ;
; HEX1[0] ; 2.5 V        ; 0 in              ; 0 H/in                  ; 0 F/in                  ; short         ; -                   ; open           ; open             ; open   ; 0 in             ; 0 H/in                 ; 0 F/in                 ; short        ; open          ; open            ; open  ; 0 V                 ; -                  ; n/a           ; n/a             ; n/a         ;
; HEX1[1] ; 2.5 V        ; 0 in              ; 0 H/in                  ; 0 F/in                  ; short         ; -                   ; open           ; open             ; open   ; 0 in             ; 0 H/in                 ; 0 F/in                 ; short        ; open          ; open            ; open  ; 0 V                 ; -                  ; n/a           ; n/a             ; n/a         ;
; HEX1[2] ; 2.5 V        ; 0 in              ; 0 H/in                  ; 0 F/in                  ; short         ; -                   ; open           ; open             ; open   ; 0 in             ; 0 H/in                 ; 0 F/in                 ; short        ; open          ; open            ; open  ; 0 V                 ; -                  ; n/a           ; n/a             ; n/a         ;
; HEX1[3] ; 2.5 V        ; 0 in              ; 0 H/in                  ; 0 F/in                  ; short         ; -                   ; open           ; open             ; open   ; 0 in             ; 0 H/in                 ; 0 F/in                 ; short        ; open          ; open            ; open  ; 0 V                 ; -                  ; n/a           ; n/a             ; n/a         ;
; HEX1[4] ; 2.5 V        ; 0 in              ; 0 H/in                  ; 0 F/in                  ; short         ; -                   ; open           ; open             ; open   ; 0 in             ; 0 H/in                 ; 0 F/in                 ; short        ; open          ; open            ; open  ; 0 V                 ; -                  ; n/a           ; n/a             ; n/a         ;
; HEX1[5] ; 2.5 V        ; 0 in              ; 0 H/in                  ; 0 F/in                  ; short         ; -                   ; open           ; open             ; open   ; 0 in             ; 0 H/in                 ; 0 F/in                 ; short        ; open          ; open            ; open  ; 0 V                 ; -                  ; n/a           ; n/a             ; n/a         ;
; HEX1[6] ; 2.5 V        ; 0 in              ; 0 H/in                  ; 0 F/in                  ; short         ; -                   ; open           ; open             ; open   ; 0 in             ; 0 H/in                 ; 0 F/in                 ; short        ; open          ; open            ; open  ; 0 V                 ; -                  ; n/a           ; n/a             ; n/a         ;
; HEX2[0] ; 2.5 V        ; 0 in              ; 0 H/in                  ; 0 F/in                  ; short         ; -                   ; open           ; open             ; open   ; 0 in             ; 0 H/in                 ; 0 F/in                 ; short        ; open          ; open            ; open  ; 0 V                 ; -                  ; n/a           ; n/a             ; n/a         ;
; HEX2[1] ; 2.5 V        ; 0 in              ; 0 H/in                  ; 0 F/in                  ; short         ; -                   ; open           ; open             ; open   ; 0 in             ; 0 H/in                 ; 0 F/in                 ; short        ; open          ; open            ; open  ; 0 V                 ; -                  ; n/a           ; n/a             ; n/a         ;
; HEX2[2] ; 2.5 V        ; 0 in              ; 0 H/in                  ; 0 F/in                  ; short         ; -                   ; open           ; open             ; open   ; 0 in             ; 0 H/in                 ; 0 F/in                 ; short        ; open          ; open            ; open  ; 0 V                 ; -                  ; n/a           ; n/a             ; n/a         ;
; HEX2[3] ; 2.5 V        ; 0 in              ; 0 H/in                  ; 0 F/in                  ; short         ; -                   ; open           ; open             ; open   ; 0 in             ; 0 H/in                 ; 0 F/in                 ; short        ; open          ; open            ; open  ; 0 V                 ; -                  ; n/a           ; n/a             ; n/a         ;
; HEX2[4] ; 2.5 V        ; 0 in              ; 0 H/in                  ; 0 F/in                  ; short         ; -                   ; open           ; open             ; open   ; 0 in             ; 0 H/in                 ; 0 F/in                 ; short        ; open          ; open            ; open  ; 0 V                 ; -                  ; n/a           ; n/a             ; n/a         ;
; HEX2[5] ; 2.5 V        ; 0 in              ; 0 H/in                  ; 0 F/in                  ; short         ; -                   ; open           ; open             ; open   ; 0 in             ; 0 H/in                 ; 0 F/in                 ; short        ; open          ; open            ; open  ; 0 V                 ; -                  ; n/a           ; n/a             ; n/a         ;
; HEX2[6] ; 2.5 V        ; 0 in              ; 0 H/in                  ; 0 F/in                  ; short         ; -                   ; open           ; open             ; open   ; 0 in             ; 0 H/in                 ; 0 F/in                 ; short        ; open          ; open            ; open  ; 0 V                 ; -                  ; n/a           ; n/a             ; n/a         ;
; HEX3[0] ; 2.5 V        ; 0 in              ; 0 H/in                  ; 0 F/in                  ; short         ; -                   ; open           ; open             ; open   ; 0 in             ; 0 H/in                 ; 0 F/in                 ; short        ; open          ; open            ; open  ; 0 V                 ; -                  ; n/a           ; n/a             ; n/a         ;
; HEX3[1] ; 2.5 V        ; 0 in              ; 0 H/in                  ; 0 F/in                  ; short         ; -                   ; open           ; open             ; open   ; 0 in             ; 0 H/in                 ; 0 F/in                 ; short        ; open          ; open            ; open  ; 0 V                 ; -                  ; n/a           ; n/a             ; n/a         ;
; HEX3[2] ; 2.5 V        ; 0 in              ; 0 H/in                  ; 0 F/in                  ; short         ; -                   ; open           ; open             ; open   ; 0 in             ; 0 H/in                 ; 0 F/in                 ; short        ; open          ; open            ; open  ; 0 V                 ; -                  ; n/a           ; n/a             ; n/a         ;
; HEX3[3] ; 2.5 V        ; 0 in              ; 0 H/in                  ; 0 F/in                  ; short         ; -                   ; open           ; open             ; open   ; 0 in             ; 0 H/in                 ; 0 F/in                 ; short        ; open          ; open            ; open  ; 0 V                 ; -                  ; n/a           ; n/a             ; n/a         ;
; HEX3[4] ; 2.5 V        ; 0 in              ; 0 H/in                  ; 0 F/in                  ; short         ; -                   ; open           ; open             ; open   ; 0 in             ; 0 H/in                 ; 0 F/in                 ; short        ; open          ; open            ; open  ; 0 V                 ; -                  ; n/a           ; n/a             ; n/a         ;
; HEX3[5] ; 2.5 V        ; 0 in              ; 0 H/in                  ; 0 F/in                  ; short         ; -                   ; open           ; open             ; open   ; 0 in             ; 0 H/in                 ; 0 F/in                 ; short        ; open          ; open            ; open  ; 0 V                 ; -                  ; n/a           ; n/a             ; n/a         ;
; HEX3[6] ; 2.5 V        ; 0 in              ; 0 H/in                  ; 0 F/in                  ; short         ; -                   ; open           ; open             ; open   ; 0 in             ; 0 H/in                 ; 0 F/in                 ; short        ; open          ; open            ; open  ; 0 V                 ; -                  ; n/a           ; n/a             ; n/a         ;
; HEX4[0] ; 2.5 V        ; 0 in              ; 0 H/in                  ; 0 F/in                  ; short         ; -                   ; open           ; open             ; open   ; 0 in             ; 0 H/in                 ; 0 F/in                 ; short        ; open          ; open            ; open  ; 0 V                 ; -                  ; n/a           ; n/a             ; n/a         ;
; HEX4[1] ; 2.5 V        ; 0 in              ; 0 H/in                  ; 0 F/in                  ; short         ; -                   ; open           ; open             ; open   ; 0 in             ; 0 H/in                 ; 0 F/in                 ; short        ; open          ; open            ; open  ; 0 V                 ; -                  ; n/a           ; n/a             ; n/a         ;
; HEX4[2] ; 2.5 V        ; 0 in              ; 0 H/in                  ; 0 F/in                  ; short         ; -                   ; open           ; open             ; open   ; 0 in             ; 0 H/in                 ; 0 F/in                 ; short        ; open          ; open            ; open  ; 0 V                 ; -                  ; n/a           ; n/a             ; n/a         ;
; HEX4[3] ; 2.5 V        ; 0 in              ; 0 H/in                  ; 0 F/in                  ; short         ; -                   ; open           ; open             ; open   ; 0 in             ; 0 H/in                 ; 0 F/in                 ; short        ; open          ; open            ; open  ; 0 V                 ; -                  ; n/a           ; n/a             ; n/a         ;
; HEX4[4] ; 2.5 V        ; 0 in              ; 0 H/in                  ; 0 F/in                  ; short         ; -                   ; open           ; open             ; open   ; 0 in             ; 0 H/in                 ; 0 F/in                 ; short        ; open          ; open            ; open  ; 0 V                 ; -                  ; n/a           ; n/a             ; n/a         ;
; HEX4[5] ; 2.5 V        ; 0 in              ; 0 H/in                  ; 0 F/in                  ; short         ; -                   ; open           ; open             ; open   ; 0 in             ; 0 H/in                 ; 0 F/in                 ; short        ; open          ; open            ; open  ; 0 V                 ; -                  ; n/a           ; n/a             ; n/a         ;
; HEX4[6] ; 2.5 V        ; 0 in              ; 0 H/in                  ; 0 F/in                  ; short         ; -                   ; open           ; open             ; open   ; 0 in             ; 0 H/in                 ; 0 F/in                 ; short        ; open          ; open            ; open  ; 0 V                 ; -                  ; n/a           ; n/a             ; n/a         ;
; HEX5[0] ; 2.5 V        ; 0 in              ; 0 H/in                  ; 0 F/in                  ; short         ; -                   ; open           ; open             ; open   ; 0 in             ; 0 H/in                 ; 0 F/in                 ; short        ; open          ; open            ; open  ; 0 V                 ; -                  ; n/a           ; n/a             ; n/a         ;
; HEX5[1] ; 2.5 V        ; 0 in              ; 0 H/in                  ; 0 F/in                  ; short         ; -                   ; open           ; open             ; open   ; 0 in             ; 0 H/in                 ; 0 F/in                 ; short        ; open          ; open            ; open  ; 0 V                 ; -                  ; n/a           ; n/a             ; n/a         ;
; HEX5[2] ; 2.5 V        ; 0 in              ; 0 H/in                  ; 0 F/in                  ; short         ; -                   ; open           ; open             ; open   ; 0 in             ; 0 H/in                 ; 0 F/in                 ; short        ; open          ; open            ; open  ; 0 V                 ; -                  ; n/a           ; n/a             ; n/a         ;
; HEX5[3] ; 2.5 V        ; 0 in              ; 0 H/in                  ; 0 F/in                  ; short         ; -                   ; open           ; open             ; open   ; 0 in             ; 0 H/in                 ; 0 F/in                 ; short        ; open          ; open            ; open  ; 0 V                 ; -                  ; n/a           ; n/a             ; n/a         ;
; HEX5[4] ; 2.5 V        ; 0 in              ; 0 H/in                  ; 0 F/in                  ; short         ; -                   ; open           ; open             ; open   ; 0 in             ; 0 H/in                 ; 0 F/in                 ; short        ; open          ; open            ; open  ; 0 V                 ; -                  ; n/a           ; n/a             ; n/a         ;
; HEX5[5] ; 2.5 V        ; 0 in              ; 0 H/in                  ; 0 F/in                  ; short         ; -                   ; open           ; open             ; open   ; 0 in             ; 0 H/in                 ; 0 F/in                 ; short        ; open          ; open            ; open  ; 0 V                 ; -                  ; n/a           ; n/a             ; n/a         ;
; HEX5[6] ; 2.5 V        ; 0 in              ; 0 H/in                  ; 0 F/in                  ; short         ; -                   ; open           ; open             ; open   ; 0 in             ; 0 H/in                 ; 0 F/in                 ; short        ; open          ; open            ; open  ; 0 V                 ; -                  ; n/a           ; n/a             ; n/a         ;
+---------+--------------+-------------------+-------------------------+-------------------------+---------------+---------------------+----------------+------------------+--------+------------------+------------------------+------------------------+--------------+---------------+-----------------+-------+---------------------+--------------------+---------------+-----------------+-------------+


+-----------------------------------------------------------+
; Input Transition Times                                    ;
+--------+--------------+-----------------+-----------------+
; Pin    ; I/O Standard ; 10-90 Rise Time ; 90-10 Fall Time ;
+--------+--------------+-----------------+-----------------+
; SW[2]  ; 2.5 V        ; 2000 ps         ; 2000 ps         ;
; SW[3]  ; 2.5 V        ; 2000 ps         ; 2000 ps         ;
; SW[4]  ; 2.5 V        ; 2000 ps         ; 2000 ps         ;
; SW[5]  ; 2.5 V        ; 2000 ps         ; 2000 ps         ;
; SW[6]  ; 2.5 V        ; 2000 ps         ; 2000 ps         ;
; SW[7]  ; 2.5 V        ; 2000 ps         ; 2000 ps         ;
; SW[8]  ; 2.5 V        ; 2000 ps         ; 2000 ps         ;
; SW[9]  ; 2.5 V        ; 2000 ps         ; 2000 ps         ;
; SW[0]  ; 2.5 V        ; 2000 ps         ; 2000 ps         ;
; SW[1]  ; 2.5 V        ; 2000 ps         ; 2000 ps         ;
; KEY[0] ; 2.5 V        ; 2000 ps         ; 2000 ps         ;
; KEY[1] ; 2.5 V        ; 2000 ps         ; 2000 ps         ;
+--------+--------------+-----------------+-----------------+


+--------------------------------------------------------------------------------------------------------------------------------------------------------------------------------------------------------------------------------------------------------------------------------------------------------------------------------------------------------------------------------------------------------------------------------------------------------------------------------------------------------------------------------------------------------------------------------------------------------------------------------------------------------------------------------------+
; Signal Integrity Metrics (Slow 1100mv 0c Model)                                                                                                                                                                                                                                                                                                                                                                                                                                                                                                                                                                                                                                      ;
+---------+--------------+---------------------+---------------------+------------------------------+------------------------------+---------------------+---------------------+--------------------------------------+--------------------------------------+-----------------------------+-----------------------------+----------------------------+----------------------------+-----------------------------+-----------------------------+--------------------+--------------------+-------------------------------------+-------------------------------------+----------------------------+----------------------------+---------------------------+---------------------------+
; Pin     ; I/O Standard ; Board Delay on Rise ; Board Delay on Fall ; Steady State Voh at FPGA Pin ; Steady State Vol at FPGA Pin ; Voh Max at FPGA Pin ; Vol Min at FPGA Pin ; Ringback Voltage on Rise at FPGA Pin ; Ringback Voltage on Fall at FPGA Pin ; 10-90 Rise Time at FPGA Pin ; 90-10 Fall Time at FPGA Pin ; Monotonic Rise at FPGA Pin ; Monotonic Fall at FPGA Pin ; Steady State Voh at Far-end ; Steady State Vol at Far-end ; Voh Max at Far-end ; Vol Min at Far-end ; Ringback Voltage on Rise at Far-end ; Ringback Voltage on Fall at Far-end ; 10-90 Rise Time at Far-end ; 90-10 Fall Time at Far-end ; Monotonic Rise at Far-end ; Monotonic Fall at Far-end ;
+---------+--------------+---------------------+---------------------+------------------------------+------------------------------+---------------------+---------------------+--------------------------------------+--------------------------------------+-----------------------------+-----------------------------+----------------------------+----------------------------+-----------------------------+-----------------------------+--------------------+--------------------+-------------------------------------+-------------------------------------+----------------------------+----------------------------+---------------------------+---------------------------+
; LEDR[0] ; 2.5 V        ; 0 s                 ; 0 s                 ; 2.32 V                       ; 6.86e-08 V                   ; 2.4 V               ; -0.0326 V           ; 0.227 V                              ; 0.16 V                               ; 4.73e-10 s                  ; 4.78e-10 s                  ; No                         ; Yes                        ; 2.32 V                      ; 6.86e-08 V                  ; 2.4 V              ; -0.0326 V          ; 0.227 V                             ; 0.16 V                              ; 4.73e-10 s                 ; 4.78e-10 s                 ; No                        ; Yes                       ;
; LEDR[1] ; 2.5 V        ; 0 s                 ; 0 s                 ; 2.32 V                       ; 6.72e-08 V                   ; 2.4 V               ; -0.0409 V           ; 0.192 V                              ; 0.125 V                              ; 4.59e-10 s                  ; 4.54e-10 s                  ; No                         ; Yes                        ; 2.32 V                      ; 6.72e-08 V                  ; 2.4 V              ; -0.0409 V          ; 0.192 V                             ; 0.125 V                             ; 4.59e-10 s                 ; 4.54e-10 s                 ; No                        ; Yes                       ;
; LEDR[2] ; 2.5 V        ; 0 s                 ; 0 s                 ; 2.32 V                       ; 6.72e-08 V                   ; 2.4 V               ; -0.041 V            ; 0.19 V                               ; 0.126 V                              ; 4.59e-10 s                  ; 4.54e-10 s                  ; No                         ; Yes                        ; 2.32 V                      ; 6.72e-08 V                  ; 2.4 V              ; -0.041 V           ; 0.19 V                              ; 0.126 V                             ; 4.59e-10 s                 ; 4.54e-10 s                 ; No                        ; Yes                       ;
; LEDR[3] ; 2.5 V        ; 0 s                 ; 0 s                 ; 2.32 V                       ; 5.91e-08 V                   ; 2.35 V              ; -0.0136 V           ; 0.17 V                               ; 0.118 V                              ; 4.69e-10 s                  ; 4.63e-10 s                  ; Yes                        ; Yes                        ; 2.32 V                      ; 5.91e-08 V                  ; 2.35 V             ; -0.0136 V          ; 0.17 V                              ; 0.118 V                             ; 4.69e-10 s                 ; 4.63e-10 s                 ; Yes                       ; Yes                       ;
; LEDR[4] ; 2.5 V        ; 0 s                 ; 0 s                 ; 2.32 V                       ; 6.72e-08 V                   ; 2.4 V               ; -0.041 V            ; 0.19 V                               ; 0.126 V                              ; 4.59e-10 s                  ; 4.54e-10 s                  ; No                         ; Yes                        ; 2.32 V                      ; 6.72e-08 V                  ; 2.4 V              ; -0.041 V           ; 0.19 V                              ; 0.126 V                             ; 4.59e-10 s                 ; 4.54e-10 s                 ; No                        ; Yes                       ;
; LEDR[5] ; 2.5 V        ; 0 s                 ; 0 s                 ; 2.32 V                       ; 5.91e-08 V                   ; 2.35 V              ; -0.0136 V           ; 0.17 V                               ; 0.118 V                              ; 4.69e-10 s                  ; 4.63e-10 s                  ; Yes                        ; Yes                        ; 2.32 V                      ; 5.91e-08 V                  ; 2.35 V             ; -0.0136 V          ; 0.17 V                              ; 0.118 V                             ; 4.69e-10 s                 ; 4.63e-10 s                 ; Yes                       ; Yes                       ;
; LEDR[6] ; 2.5 V        ; 0 s                 ; 0 s                 ; 2.32 V                       ; 6.72e-08 V                   ; 2.4 V               ; -0.0409 V           ; 0.192 V                              ; 0.125 V                              ; 4.59e-10 s                  ; 4.54e-10 s                  ; No                         ; Yes                        ; 2.32 V                      ; 6.72e-08 V                  ; 2.4 V              ; -0.0409 V          ; 0.192 V                             ; 0.125 V                             ; 4.59e-10 s                 ; 4.54e-10 s                 ; No                        ; Yes                       ;
; LEDR[7] ; 2.5 V        ; 0 s                 ; 0 s                 ; 2.32 V                       ; 6.72e-08 V                   ; 2.4 V               ; -0.0409 V           ; 0.192 V                              ; 0.125 V                              ; 4.59e-10 s                  ; 4.54e-10 s                  ; No                         ; Yes                        ; 2.32 V                      ; 6.72e-08 V                  ; 2.4 V              ; -0.0409 V          ; 0.192 V                             ; 0.125 V                             ; 4.59e-10 s                 ; 4.54e-10 s                 ; No                        ; Yes                       ;
; LEDR[8] ; 2.5 V        ; 0 s                 ; 0 s                 ; 2.32 V                       ; 5.91e-08 V                   ; 2.35 V              ; -0.0136 V           ; 0.17 V                               ; 0.118 V                              ; 4.69e-10 s                  ; 4.63e-10 s                  ; Yes                        ; Yes                        ; 2.32 V                      ; 5.91e-08 V                  ; 2.35 V             ; -0.0136 V          ; 0.17 V                              ; 0.118 V                             ; 4.69e-10 s                 ; 4.63e-10 s                 ; Yes                       ; Yes                       ;
; LEDR[9] ; 2.5 V        ; 0 s                 ; 0 s                 ; 2.32 V                       ; 6.86e-08 V                   ; 2.4 V               ; -0.0326 V           ; 0.227 V                              ; 0.16 V                               ; 4.73e-10 s                  ; 4.78e-10 s                  ; No                         ; Yes                        ; 2.32 V                      ; 6.86e-08 V                  ; 2.4 V              ; -0.0326 V          ; 0.227 V                             ; 0.16 V                              ; 4.73e-10 s                 ; 4.78e-10 s                 ; No                        ; Yes                       ;
; HEX0[0] ; 2.5 V        ; 0 s                 ; 0 s                 ; 2.32 V                       ; 6.72e-08 V                   ; 2.4 V               ; -0.0409 V           ; 0.192 V                              ; 0.125 V                              ; 4.59e-10 s                  ; 4.54e-10 s                  ; No                         ; Yes                        ; 2.32 V                      ; 6.72e-08 V                  ; 2.4 V              ; -0.0409 V          ; 0.192 V                             ; 0.125 V                             ; 4.59e-10 s                 ; 4.54e-10 s                 ; No                        ; Yes                       ;
; HEX0[1] ; 2.5 V        ; 0 s                 ; 0 s                 ; 2.32 V                       ; 5.91e-08 V                   ; 2.35 V              ; -0.0136 V           ; 0.17 V                               ; 0.118 V                              ; 4.69e-10 s                  ; 4.63e-10 s                  ; Yes                        ; Yes                        ; 2.32 V                      ; 5.91e-08 V                  ; 2.35 V             ; -0.0136 V          ; 0.17 V                              ; 0.118 V                             ; 4.69e-10 s                 ; 4.63e-10 s                 ; Yes                       ; Yes                       ;
; HEX0[2] ; 2.5 V        ; 0 s                 ; 0 s                 ; 2.32 V                       ; 6.72e-08 V                   ; 2.4 V               ; -0.0409 V           ; 0.192 V                              ; 0.125 V                              ; 4.59e-10 s                  ; 4.54e-10 s                  ; No                         ; Yes                        ; 2.32 V                      ; 6.72e-08 V                  ; 2.4 V              ; -0.0409 V          ; 0.192 V                             ; 0.125 V                             ; 4.59e-10 s                 ; 4.54e-10 s                 ; No                        ; Yes                       ;
; HEX0[3] ; 2.5 V        ; 0 s                 ; 0 s                 ; 2.32 V                       ; 6.72e-08 V                   ; 2.4 V               ; -0.041 V            ; 0.19 V                               ; 0.126 V                              ; 4.59e-10 s                  ; 4.54e-10 s                  ; No                         ; Yes                        ; 2.32 V                      ; 6.72e-08 V                  ; 2.4 V              ; -0.041 V           ; 0.19 V                              ; 0.126 V                             ; 4.59e-10 s                 ; 4.54e-10 s                 ; No                        ; Yes                       ;
; HEX0[4] ; 2.5 V        ; 0 s                 ; 0 s                 ; 2.32 V                       ; 6.86e-08 V                   ; 2.4 V               ; -0.0326 V           ; 0.227 V                              ; 0.16 V                               ; 4.73e-10 s                  ; 4.78e-10 s                  ; No                         ; Yes                        ; 2.32 V                      ; 6.86e-08 V                  ; 2.4 V              ; -0.0326 V          ; 0.227 V                             ; 0.16 V                              ; 4.73e-10 s                 ; 4.78e-10 s                 ; No                        ; Yes                       ;
; HEX0[5] ; 2.5 V        ; 0 s                 ; 0 s                 ; 2.32 V                       ; 6.86e-08 V                   ; 2.4 V               ; -0.0326 V           ; 0.227 V                              ; 0.16 V                               ; 4.73e-10 s                  ; 4.78e-10 s                  ; No                         ; Yes                        ; 2.32 V                      ; 6.86e-08 V                  ; 2.4 V              ; -0.0326 V          ; 0.227 V                             ; 0.16 V                              ; 4.73e-10 s                 ; 4.78e-10 s                 ; No                        ; Yes                       ;
; HEX0[6] ; 2.5 V        ; 0 s                 ; 0 s                 ; 2.32 V                       ; 6.86e-08 V                   ; 2.4 V               ; -0.0326 V           ; 0.227 V                              ; 0.16 V                               ; 4.73e-10 s                  ; 4.78e-10 s                  ; No                         ; Yes                        ; 2.32 V                      ; 6.86e-08 V                  ; 2.4 V              ; -0.0326 V          ; 0.227 V                             ; 0.16 V                              ; 4.73e-10 s                 ; 4.78e-10 s                 ; No                        ; Yes                       ;
; HEX1[0] ; 2.5 V        ; 0 s                 ; 0 s                 ; 2.32 V                       ; 6.72e-08 V                   ; 2.4 V               ; -0.0409 V           ; 0.192 V                              ; 0.125 V                              ; 4.59e-10 s                  ; 4.54e-10 s                  ; No                         ; Yes                        ; 2.32 V                      ; 6.72e-08 V                  ; 2.4 V              ; -0.0409 V          ; 0.192 V                             ; 0.125 V                             ; 4.59e-10 s                 ; 4.54e-10 s                 ; No                        ; Yes                       ;
; HEX1[1] ; 2.5 V        ; 0 s                 ; 0 s                 ; 2.32 V                       ; 6.86e-08 V                   ; 2.4 V               ; -0.0326 V           ; 0.227 V                              ; 0.16 V                               ; 4.73e-10 s                  ; 4.78e-10 s                  ; No                         ; Yes                        ; 2.32 V                      ; 6.86e-08 V                  ; 2.4 V              ; -0.0326 V          ; 0.227 V                             ; 0.16 V                              ; 4.73e-10 s                 ; 4.78e-10 s                 ; No                        ; Yes                       ;
; HEX1[2] ; 2.5 V        ; 0 s                 ; 0 s                 ; 2.32 V                       ; 6.72e-08 V                   ; 2.4 V               ; -0.041 V            ; 0.19 V                               ; 0.126 V                              ; 4.59e-10 s                  ; 4.54e-10 s                  ; No                         ; Yes                        ; 2.32 V                      ; 6.72e-08 V                  ; 2.4 V              ; -0.041 V           ; 0.19 V                              ; 0.126 V                             ; 4.59e-10 s                 ; 4.54e-10 s                 ; No                        ; Yes                       ;
; HEX1[3] ; 2.5 V        ; 0 s                 ; 0 s                 ; 2.32 V                       ; 6.72e-08 V                   ; 2.4 V               ; -0.041 V            ; 0.19 V                               ; 0.126 V                              ; 4.59e-10 s                  ; 4.54e-10 s                  ; No                         ; Yes                        ; 2.32 V                      ; 6.72e-08 V                  ; 2.4 V              ; -0.041 V           ; 0.19 V                              ; 0.126 V                             ; 4.59e-10 s                 ; 4.54e-10 s                 ; No                        ; Yes                       ;
; HEX1[4] ; 2.5 V        ; 0 s                 ; 0 s                 ; 2.32 V                       ; 5.91e-08 V                   ; 2.35 V              ; -0.0136 V           ; 0.17 V                               ; 0.118 V                              ; 4.69e-10 s                  ; 4.63e-10 s                  ; Yes                        ; Yes                        ; 2.32 V                      ; 5.91e-08 V                  ; 2.35 V             ; -0.0136 V          ; 0.17 V                              ; 0.118 V                             ; 4.69e-10 s                 ; 4.63e-10 s                 ; Yes                       ; Yes                       ;
; HEX1[5] ; 2.5 V        ; 0 s                 ; 0 s                 ; 2.32 V                       ; 5.91e-08 V                   ; 2.35 V              ; -0.0136 V           ; 0.17 V                               ; 0.118 V                              ; 4.69e-10 s                  ; 4.63e-10 s                  ; Yes                        ; Yes                        ; 2.32 V                      ; 5.91e-08 V                  ; 2.35 V             ; -0.0136 V          ; 0.17 V                              ; 0.118 V                             ; 4.69e-10 s                 ; 4.63e-10 s                 ; Yes                       ; Yes                       ;
; HEX1[6] ; 2.5 V        ; 0 s                 ; 0 s                 ; 2.32 V                       ; 6.72e-08 V                   ; 2.4 V               ; -0.041 V            ; 0.19 V                               ; 0.126 V                              ; 4.59e-10 s                  ; 4.54e-10 s                  ; No                         ; Yes                        ; 2.32 V                      ; 6.72e-08 V                  ; 2.4 V              ; -0.041 V           ; 0.19 V                              ; 0.126 V                             ; 4.59e-10 s                 ; 4.54e-10 s                 ; No                        ; Yes                       ;
; HEX2[0] ; 2.5 V        ; 0 s                 ; 0 s                 ; 2.32 V                       ; 6.86e-08 V                   ; 2.4 V               ; -0.0326 V           ; 0.227 V                              ; 0.16 V                               ; 4.73e-10 s                  ; 4.78e-10 s                  ; No                         ; Yes                        ; 2.32 V                      ; 6.86e-08 V                  ; 2.4 V              ; -0.0326 V          ; 0.227 V                             ; 0.16 V                              ; 4.73e-10 s                 ; 4.78e-10 s                 ; No                        ; Yes                       ;
; HEX2[1] ; 2.5 V        ; 0 s                 ; 0 s                 ; 2.32 V                       ; 6.72e-08 V                   ; 2.4 V               ; -0.0409 V           ; 0.192 V                              ; 0.125 V                              ; 4.59e-10 s                  ; 4.54e-10 s                  ; No                         ; Yes                        ; 2.32 V                      ; 6.72e-08 V                  ; 2.4 V              ; -0.0409 V          ; 0.192 V                             ; 0.125 V                             ; 4.59e-10 s                 ; 4.54e-10 s                 ; No                        ; Yes                       ;
; HEX2[2] ; 2.5 V        ; 0 s                 ; 0 s                 ; 2.32 V                       ; 5.91e-08 V                   ; 2.35 V              ; -0.0136 V           ; 0.17 V                               ; 0.118 V                              ; 4.69e-10 s                  ; 4.63e-10 s                  ; Yes                        ; Yes                        ; 2.32 V                      ; 5.91e-08 V                  ; 2.35 V             ; -0.0136 V          ; 0.17 V                              ; 0.118 V                             ; 4.69e-10 s                 ; 4.63e-10 s                 ; Yes                       ; Yes                       ;
; HEX2[3] ; 2.5 V        ; 0 s                 ; 0 s                 ; 2.32 V                       ; 6.72e-08 V                   ; 2.4 V               ; -0.0409 V           ; 0.192 V                              ; 0.125 V                              ; 4.59e-10 s                  ; 4.54e-10 s                  ; No                         ; Yes                        ; 2.32 V                      ; 6.72e-08 V                  ; 2.4 V              ; -0.0409 V          ; 0.192 V                             ; 0.125 V                             ; 4.59e-10 s                 ; 4.54e-10 s                 ; No                        ; Yes                       ;
; HEX2[4] ; 2.5 V        ; 0 s                 ; 0 s                 ; 2.32 V                       ; 6.86e-08 V                   ; 2.4 V               ; -0.0326 V           ; 0.227 V                              ; 0.16 V                               ; 4.73e-10 s                  ; 4.78e-10 s                  ; No                         ; Yes                        ; 2.32 V                      ; 6.86e-08 V                  ; 2.4 V              ; -0.0326 V          ; 0.227 V                             ; 0.16 V                              ; 4.73e-10 s                 ; 4.78e-10 s                 ; No                        ; Yes                       ;
; HEX2[5] ; 2.5 V        ; 0 s                 ; 0 s                 ; 2.32 V                       ; 6.86e-08 V                   ; 2.4 V               ; -0.0326 V           ; 0.227 V                              ; 0.16 V                               ; 4.73e-10 s                  ; 4.78e-10 s                  ; No                         ; Yes                        ; 2.32 V                      ; 6.86e-08 V                  ; 2.4 V              ; -0.0326 V          ; 0.227 V                             ; 0.16 V                              ; 4.73e-10 s                 ; 4.78e-10 s                 ; No                        ; Yes                       ;
; HEX2[6] ; 2.5 V        ; 0 s                 ; 0 s                 ; 2.32 V                       ; 6.72e-08 V                   ; 2.4 V               ; -0.0409 V           ; 0.192 V                              ; 0.125 V                              ; 4.59e-10 s                  ; 4.54e-10 s                  ; No                         ; Yes                        ; 2.32 V                      ; 6.72e-08 V                  ; 2.4 V              ; -0.0409 V          ; 0.192 V                             ; 0.125 V                             ; 4.59e-10 s                 ; 4.54e-10 s                 ; No                        ; Yes                       ;
; HEX3[0] ; 2.5 V        ; 0 s                 ; 0 s                 ; 2.32 V                       ; 5.91e-08 V                   ; 2.35 V              ; -0.0136 V           ; 0.17 V                               ; 0.118 V                              ; 4.69e-10 s                  ; 4.63e-10 s                  ; Yes                        ; Yes                        ; 2.32 V                      ; 5.91e-08 V                  ; 2.35 V             ; -0.0136 V          ; 0.17 V                              ; 0.118 V                             ; 4.69e-10 s                 ; 4.63e-10 s                 ; Yes                       ; Yes                       ;
; HEX3[1] ; 2.5 V        ; 0 s                 ; 0 s                 ; 2.32 V                       ; 6.86e-08 V                   ; 2.4 V               ; -0.0326 V           ; 0.227 V                              ; 0.16 V                               ; 4.73e-10 s                  ; 4.78e-10 s                  ; No                         ; Yes                        ; 2.32 V                      ; 6.86e-08 V                  ; 2.4 V              ; -0.0326 V          ; 0.227 V                             ; 0.16 V                              ; 4.73e-10 s                 ; 4.78e-10 s                 ; No                        ; Yes                       ;
; HEX3[2] ; 2.5 V        ; 0 s                 ; 0 s                 ; 2.32 V                       ; 6.72e-08 V                   ; 2.4 V               ; -0.0409 V           ; 0.192 V                              ; 0.125 V                              ; 4.59e-10 s                  ; 4.54e-10 s                  ; No                         ; Yes                        ; 2.32 V                      ; 6.72e-08 V                  ; 2.4 V              ; -0.0409 V          ; 0.192 V                             ; 0.125 V                             ; 4.59e-10 s                 ; 4.54e-10 s                 ; No                        ; Yes                       ;
; HEX3[3] ; 2.5 V        ; 0 s                 ; 0 s                 ; 2.32 V                       ; 5.91e-08 V                   ; 2.35 V              ; -0.0136 V           ; 0.17 V                               ; 0.118 V                              ; 4.69e-10 s                  ; 4.63e-10 s                  ; Yes                        ; Yes                        ; 2.32 V                      ; 5.91e-08 V                  ; 2.35 V             ; -0.0136 V          ; 0.17 V                              ; 0.118 V                             ; 4.69e-10 s                 ; 4.63e-10 s                 ; Yes                       ; Yes                       ;
; HEX3[4] ; 2.5 V        ; 0 s                 ; 0 s                 ; 2.32 V                       ; 6.72e-08 V                   ; 2.4 V               ; -0.0409 V           ; 0.192 V                              ; 0.125 V                              ; 4.59e-10 s                  ; 4.54e-10 s                  ; No                         ; Yes                        ; 2.32 V                      ; 6.72e-08 V                  ; 2.4 V              ; -0.0409 V          ; 0.192 V                             ; 0.125 V                             ; 4.59e-10 s                 ; 4.54e-10 s                 ; No                        ; Yes                       ;
; HEX3[5] ; 2.5 V        ; 0 s                 ; 0 s                 ; 2.32 V                       ; 5.91e-08 V                   ; 2.35 V              ; -0.0136 V           ; 0.17 V                               ; 0.118 V                              ; 4.69e-10 s                  ; 4.63e-10 s                  ; Yes                        ; Yes                        ; 2.32 V                      ; 5.91e-08 V                  ; 2.35 V             ; -0.0136 V          ; 0.17 V                              ; 0.118 V                             ; 4.69e-10 s                 ; 4.63e-10 s                 ; Yes                       ; Yes                       ;
; HEX3[6] ; 2.5 V        ; 0 s                 ; 0 s                 ; 2.32 V                       ; 6.86e-08 V                   ; 2.4 V               ; -0.0326 V           ; 0.227 V                              ; 0.16 V                               ; 4.73e-10 s                  ; 4.78e-10 s                  ; No                         ; Yes                        ; 2.32 V                      ; 6.86e-08 V                  ; 2.4 V              ; -0.0326 V          ; 0.227 V                             ; 0.16 V                              ; 4.73e-10 s                 ; 4.78e-10 s                 ; No                        ; Yes                       ;
; HEX4[0] ; 2.5 V        ; 0 s                 ; 0 s                 ; 2.32 V                       ; 6.86e-08 V                   ; 2.4 V               ; -0.0326 V           ; 0.227 V                              ; 0.16 V                               ; 4.73e-10 s                  ; 4.78e-10 s                  ; No                         ; Yes                        ; 2.32 V                      ; 6.86e-08 V                  ; 2.4 V              ; -0.0326 V          ; 0.227 V                             ; 0.16 V                              ; 4.73e-10 s                 ; 4.78e-10 s                 ; No                        ; Yes                       ;
; HEX4[1] ; 2.5 V        ; 0 s                 ; 0 s                 ; 2.32 V                       ; 6.72e-08 V                   ; 2.4 V               ; -0.0409 V           ; 0.192 V                              ; 0.125 V                              ; 4.59e-10 s                  ; 4.54e-10 s                  ; No                         ; Yes                        ; 2.32 V                      ; 6.72e-08 V                  ; 2.4 V              ; -0.0409 V          ; 0.192 V                             ; 0.125 V                             ; 4.59e-10 s                 ; 4.54e-10 s                 ; No                        ; Yes                       ;
; HEX4[2] ; 2.5 V        ; 0 s                 ; 0 s                 ; 2.32 V                       ; 6.72e-08 V                   ; 2.4 V               ; -0.041 V            ; 0.19 V                               ; 0.126 V                              ; 4.59e-10 s                  ; 4.54e-10 s                  ; No                         ; Yes                        ; 2.32 V                      ; 6.72e-08 V                  ; 2.4 V              ; -0.041 V           ; 0.19 V                              ; 0.126 V                             ; 4.59e-10 s                 ; 4.54e-10 s                 ; No                        ; Yes                       ;
; HEX4[3] ; 2.5 V        ; 0 s                 ; 0 s                 ; 2.32 V                       ; 6.72e-08 V                   ; 2.4 V               ; -0.0409 V           ; 0.192 V                              ; 0.125 V                              ; 4.59e-10 s                  ; 4.54e-10 s                  ; No                         ; Yes                        ; 2.32 V                      ; 6.72e-08 V                  ; 2.4 V              ; -0.0409 V          ; 0.192 V                             ; 0.125 V                             ; 4.59e-10 s                 ; 4.54e-10 s                 ; No                        ; Yes                       ;
; HEX4[4] ; 2.5 V        ; 0 s                 ; 0 s                 ; 2.32 V                       ; 5.91e-08 V                   ; 2.35 V              ; -0.0136 V           ; 0.17 V                               ; 0.118 V                              ; 4.69e-10 s                  ; 4.63e-10 s                  ; Yes                        ; Yes                        ; 2.32 V                      ; 5.91e-08 V                  ; 2.35 V             ; -0.0136 V          ; 0.17 V                              ; 0.118 V                             ; 4.69e-10 s                 ; 4.63e-10 s                 ; Yes                       ; Yes                       ;
; HEX4[5] ; 2.5 V        ; 0 s                 ; 0 s                 ; 2.32 V                       ; 5.91e-08 V                   ; 2.35 V              ; -0.0136 V           ; 0.17 V                               ; 0.118 V                              ; 4.69e-10 s                  ; 4.63e-10 s                  ; Yes                        ; Yes                        ; 2.32 V                      ; 5.91e-08 V                  ; 2.35 V             ; -0.0136 V          ; 0.17 V                              ; 0.118 V                             ; 4.69e-10 s                 ; 4.63e-10 s                 ; Yes                       ; Yes                       ;
; HEX4[6] ; 2.5 V        ; 0 s                 ; 0 s                 ; 2.32 V                       ; 6.86e-08 V                   ; 2.4 V               ; -0.0326 V           ; 0.227 V                              ; 0.16 V                               ; 4.73e-10 s                  ; 4.78e-10 s                  ; No                         ; Yes                        ; 2.32 V                      ; 6.86e-08 V                  ; 2.4 V              ; -0.0326 V          ; 0.227 V                             ; 0.16 V                              ; 4.73e-10 s                 ; 4.78e-10 s                 ; No                        ; Yes                       ;
; HEX5[0] ; 2.5 V        ; 0 s                 ; 0 s                 ; 2.32 V                       ; 5.91e-08 V                   ; 2.35 V              ; -0.0136 V           ; 0.17 V                               ; 0.118 V                              ; 4.69e-10 s                  ; 4.63e-10 s                  ; Yes                        ; Yes                        ; 2.32 V                      ; 5.91e-08 V                  ; 2.35 V             ; -0.0136 V          ; 0.17 V                              ; 0.118 V                             ; 4.69e-10 s                 ; 4.63e-10 s                 ; Yes                       ; Yes                       ;
; HEX5[1] ; 2.5 V        ; 0 s                 ; 0 s                 ; 2.32 V                       ; 6.72e-08 V                   ; 2.4 V               ; -0.041 V            ; 0.19 V                               ; 0.126 V                              ; 4.59e-10 s                  ; 4.54e-10 s                  ; No                         ; Yes                        ; 2.32 V                      ; 6.72e-08 V                  ; 2.4 V              ; -0.041 V           ; 0.19 V                              ; 0.126 V                             ; 4.59e-10 s                 ; 4.54e-10 s                 ; No                        ; Yes                       ;
; HEX5[2] ; 2.5 V        ; 0 s                 ; 0 s                 ; 2.32 V                       ; 6.72e-08 V                   ; 2.4 V               ; -0.041 V            ; 0.19 V                               ; 0.126 V                              ; 4.59e-10 s                  ; 4.54e-10 s                  ; No                         ; Yes                        ; 2.32 V                      ; 6.72e-08 V                  ; 2.4 V              ; -0.041 V           ; 0.19 V                              ; 0.126 V                             ; 4.59e-10 s                 ; 4.54e-10 s                 ; No                        ; Yes                       ;
; HEX5[3] ; 2.5 V        ; 0 s                 ; 0 s                 ; 2.32 V                       ; 6.86e-08 V                   ; 2.4 V               ; -0.0326 V           ; 0.227 V                              ; 0.16 V                               ; 4.73e-10 s                  ; 4.78e-10 s                  ; No                         ; Yes                        ; 2.32 V                      ; 6.86e-08 V                  ; 2.4 V              ; -0.0326 V          ; 0.227 V                             ; 0.16 V                              ; 4.73e-10 s                 ; 4.78e-10 s                 ; No                        ; Yes                       ;
; HEX5[4] ; 2.5 V        ; 0 s                 ; 0 s                 ; 2.32 V                       ; 6.72e-08 V                   ; 2.4 V               ; -0.041 V            ; 0.19 V                               ; 0.126 V                              ; 4.59e-10 s                  ; 4.54e-10 s                  ; No                         ; Yes                        ; 2.32 V                      ; 6.72e-08 V                  ; 2.4 V              ; -0.041 V           ; 0.19 V                              ; 0.126 V                             ; 4.59e-10 s                 ; 4.54e-10 s                 ; No                        ; Yes                       ;
; HEX5[5] ; 2.5 V        ; 0 s                 ; 0 s                 ; 2.32 V                       ; 5.91e-08 V                   ; 2.35 V              ; -0.0136 V           ; 0.17 V                               ; 0.118 V                              ; 4.69e-10 s                  ; 4.63e-10 s                  ; Yes                        ; Yes                        ; 2.32 V                      ; 5.91e-08 V                  ; 2.35 V             ; -0.0136 V          ; 0.17 V                              ; 0.118 V                             ; 4.69e-10 s                 ; 4.63e-10 s                 ; Yes                       ; Yes                       ;
; HEX5[6] ; 2.5 V        ; 0 s                 ; 0 s                 ; 2.32 V                       ; 6.86e-08 V                   ; 2.4 V               ; -0.0326 V           ; 0.227 V                              ; 0.16 V                               ; 4.73e-10 s                  ; 4.78e-10 s                  ; No                         ; Yes                        ; 2.32 V                      ; 6.86e-08 V                  ; 2.4 V              ; -0.0326 V          ; 0.227 V                             ; 0.16 V                              ; 4.73e-10 s                 ; 4.78e-10 s                 ; No                        ; Yes                       ;
+---------+--------------+---------------------+---------------------+------------------------------+------------------------------+---------------------+---------------------+--------------------------------------+--------------------------------------+-----------------------------+-----------------------------+----------------------------+----------------------------+-----------------------------+-----------------------------+--------------------+--------------------+-------------------------------------+-------------------------------------+----------------------------+----------------------------+---------------------------+---------------------------+


+--------------------------------------------------------------------------------------------------------------------------------------------------------------------------------------------------------------------------------------------------------------------------------------------------------------------------------------------------------------------------------------------------------------------------------------------------------------------------------------------------------------------------------------------------------------------------------------------------------------------------------------------------------------------------------------+
; Signal Integrity Metrics (Slow 1100mv 85c Model)                                                                                                                                                                                                                                                                                                                                                                                                                                                                                                                                                                                                                                     ;
+---------+--------------+---------------------+---------------------+------------------------------+------------------------------+---------------------+---------------------+--------------------------------------+--------------------------------------+-----------------------------+-----------------------------+----------------------------+----------------------------+-----------------------------+-----------------------------+--------------------+--------------------+-------------------------------------+-------------------------------------+----------------------------+----------------------------+---------------------------+---------------------------+
; Pin     ; I/O Standard ; Board Delay on Rise ; Board Delay on Fall ; Steady State Voh at FPGA Pin ; Steady State Vol at FPGA Pin ; Voh Max at FPGA Pin ; Vol Min at FPGA Pin ; Ringback Voltage on Rise at FPGA Pin ; Ringback Voltage on Fall at FPGA Pin ; 10-90 Rise Time at FPGA Pin ; 90-10 Fall Time at FPGA Pin ; Monotonic Rise at FPGA Pin ; Monotonic Fall at FPGA Pin ; Steady State Voh at Far-end ; Steady State Vol at Far-end ; Voh Max at Far-end ; Vol Min at Far-end ; Ringback Voltage on Rise at Far-end ; Ringback Voltage on Fall at Far-end ; 10-90 Rise Time at Far-end ; 90-10 Fall Time at Far-end ; Monotonic Rise at Far-end ; Monotonic Fall at Far-end ;
+---------+--------------+---------------------+---------------------+------------------------------+------------------------------+---------------------+---------------------+--------------------------------------+--------------------------------------+-----------------------------+-----------------------------+----------------------------+----------------------------+-----------------------------+-----------------------------+--------------------+--------------------+-------------------------------------+-------------------------------------+----------------------------+----------------------------+---------------------------+---------------------------+
; LEDR[0] ; 2.5 V        ; 0 s                 ; 0 s                 ; 2.32 V                       ; 1.05e-05 V                   ; 2.37 V              ; -0.0225 V           ; 0.277 V                              ; 0.104 V                              ; 5.22e-10 s                  ; 6.28e-10 s                  ; No                         ; Yes                        ; 2.32 V                      ; 1.05e-05 V                  ; 2.37 V             ; -0.0225 V          ; 0.277 V                             ; 0.104 V                             ; 5.22e-10 s                 ; 6.28e-10 s                 ; No                        ; Yes                       ;
; LEDR[1] ; 2.5 V        ; 0 s                 ; 0 s                 ; 2.32 V                       ; 1.04e-05 V                   ; 2.38 V              ; -0.027 V            ; 0.226 V                              ; 0.08 V                               ; 4.84e-10 s                  ; 5.18e-10 s                  ; No                         ; Yes                        ; 2.32 V                      ; 1.04e-05 V                  ; 2.38 V             ; -0.027 V           ; 0.226 V                             ; 0.08 V                              ; 4.84e-10 s                 ; 5.18e-10 s                 ; No                        ; Yes                       ;
; LEDR[2] ; 2.5 V        ; 0 s                 ; 0 s                 ; 2.32 V                       ; 1.04e-05 V                   ; 2.38 V              ; -0.0273 V           ; 0.226 V                              ; 0.08 V                               ; 4.84e-10 s                  ; 5.19e-10 s                  ; No                         ; Yes                        ; 2.32 V                      ; 1.04e-05 V                  ; 2.38 V             ; -0.0273 V          ; 0.226 V                             ; 0.08 V                              ; 4.84e-10 s                 ; 5.19e-10 s                 ; No                        ; Yes                       ;
; LEDR[3] ; 2.5 V        ; 0 s                 ; 0 s                 ; 2.32 V                       ; 9.38e-06 V                   ; 2.34 V              ; -0.00733 V          ; 0.234 V                              ; 0.071 V                              ; 5.36e-10 s                  ; 5.75e-10 s                  ; No                         ; Yes                        ; 2.32 V                      ; 9.38e-06 V                  ; 2.34 V             ; -0.00733 V         ; 0.234 V                             ; 0.071 V                             ; 5.36e-10 s                 ; 5.75e-10 s                 ; No                        ; Yes                       ;
; LEDR[4] ; 2.5 V        ; 0 s                 ; 0 s                 ; 2.32 V                       ; 1.04e-05 V                   ; 2.38 V              ; -0.0273 V           ; 0.226 V                              ; 0.08 V                               ; 4.84e-10 s                  ; 5.19e-10 s                  ; No                         ; Yes                        ; 2.32 V                      ; 1.04e-05 V                  ; 2.38 V             ; -0.0273 V          ; 0.226 V                             ; 0.08 V                              ; 4.84e-10 s                 ; 5.19e-10 s                 ; No                        ; Yes                       ;
; LEDR[5] ; 2.5 V        ; 0 s                 ; 0 s                 ; 2.32 V                       ; 9.38e-06 V                   ; 2.34 V              ; -0.00733 V          ; 0.234 V                              ; 0.071 V                              ; 5.36e-10 s                  ; 5.75e-10 s                  ; No                         ; Yes                        ; 2.32 V                      ; 9.38e-06 V                  ; 2.34 V             ; -0.00733 V         ; 0.234 V                             ; 0.071 V                             ; 5.36e-10 s                 ; 5.75e-10 s                 ; No                        ; Yes                       ;
; LEDR[6] ; 2.5 V        ; 0 s                 ; 0 s                 ; 2.32 V                       ; 1.04e-05 V                   ; 2.38 V              ; -0.027 V            ; 0.226 V                              ; 0.08 V                               ; 4.84e-10 s                  ; 5.18e-10 s                  ; No                         ; Yes                        ; 2.32 V                      ; 1.04e-05 V                  ; 2.38 V             ; -0.027 V           ; 0.226 V                             ; 0.08 V                              ; 4.84e-10 s                 ; 5.18e-10 s                 ; No                        ; Yes                       ;
; LEDR[7] ; 2.5 V        ; 0 s                 ; 0 s                 ; 2.32 V                       ; 1.04e-05 V                   ; 2.38 V              ; -0.027 V            ; 0.226 V                              ; 0.08 V                               ; 4.84e-10 s                  ; 5.18e-10 s                  ; No                         ; Yes                        ; 2.32 V                      ; 1.04e-05 V                  ; 2.38 V             ; -0.027 V           ; 0.226 V                             ; 0.08 V                              ; 4.84e-10 s                 ; 5.18e-10 s                 ; No                        ; Yes                       ;
; LEDR[8] ; 2.5 V        ; 0 s                 ; 0 s                 ; 2.32 V                       ; 9.38e-06 V                   ; 2.34 V              ; -0.00733 V          ; 0.234 V                              ; 0.071 V                              ; 5.36e-10 s                  ; 5.75e-10 s                  ; No                         ; Yes                        ; 2.32 V                      ; 9.38e-06 V                  ; 2.34 V             ; -0.00733 V         ; 0.234 V                             ; 0.071 V                             ; 5.36e-10 s                 ; 5.75e-10 s                 ; No                        ; Yes                       ;
; LEDR[9] ; 2.5 V        ; 0 s                 ; 0 s                 ; 2.32 V                       ; 1.05e-05 V                   ; 2.37 V              ; -0.0225 V           ; 0.277 V                              ; 0.104 V                              ; 5.22e-10 s                  ; 6.28e-10 s                  ; No                         ; Yes                        ; 2.32 V                      ; 1.05e-05 V                  ; 2.37 V             ; -0.0225 V          ; 0.277 V                             ; 0.104 V                             ; 5.22e-10 s                 ; 6.28e-10 s                 ; No                        ; Yes                       ;
; HEX0[0] ; 2.5 V        ; 0 s                 ; 0 s                 ; 2.32 V                       ; 1.04e-05 V                   ; 2.38 V              ; -0.027 V            ; 0.226 V                              ; 0.08 V                               ; 4.84e-10 s                  ; 5.18e-10 s                  ; No                         ; Yes                        ; 2.32 V                      ; 1.04e-05 V                  ; 2.38 V             ; -0.027 V           ; 0.226 V                             ; 0.08 V                              ; 4.84e-10 s                 ; 5.18e-10 s                 ; No                        ; Yes                       ;
; HEX0[1] ; 2.5 V        ; 0 s                 ; 0 s                 ; 2.32 V                       ; 9.38e-06 V                   ; 2.34 V              ; -0.00733 V          ; 0.234 V                              ; 0.071 V                              ; 5.36e-10 s                  ; 5.75e-10 s                  ; No                         ; Yes                        ; 2.32 V                      ; 9.38e-06 V                  ; 2.34 V             ; -0.00733 V         ; 0.234 V                             ; 0.071 V                             ; 5.36e-10 s                 ; 5.75e-10 s                 ; No                        ; Yes                       ;
; HEX0[2] ; 2.5 V        ; 0 s                 ; 0 s                 ; 2.32 V                       ; 1.04e-05 V                   ; 2.38 V              ; -0.027 V            ; 0.226 V                              ; 0.08 V                               ; 4.84e-10 s                  ; 5.18e-10 s                  ; No                         ; Yes                        ; 2.32 V                      ; 1.04e-05 V                  ; 2.38 V             ; -0.027 V           ; 0.226 V                             ; 0.08 V                              ; 4.84e-10 s                 ; 5.18e-10 s                 ; No                        ; Yes                       ;
; HEX0[3] ; 2.5 V        ; 0 s                 ; 0 s                 ; 2.32 V                       ; 1.04e-05 V                   ; 2.38 V              ; -0.0273 V           ; 0.226 V                              ; 0.08 V                               ; 4.84e-10 s                  ; 5.19e-10 s                  ; No                         ; Yes                        ; 2.32 V                      ; 1.04e-05 V                  ; 2.38 V             ; -0.0273 V          ; 0.226 V                             ; 0.08 V                              ; 4.84e-10 s                 ; 5.19e-10 s                 ; No                        ; Yes                       ;
; HEX0[4] ; 2.5 V        ; 0 s                 ; 0 s                 ; 2.32 V                       ; 1.05e-05 V                   ; 2.37 V              ; -0.0225 V           ; 0.277 V                              ; 0.104 V                              ; 5.22e-10 s                  ; 6.28e-10 s                  ; No                         ; Yes                        ; 2.32 V                      ; 1.05e-05 V                  ; 2.37 V             ; -0.0225 V          ; 0.277 V                             ; 0.104 V                             ; 5.22e-10 s                 ; 6.28e-10 s                 ; No                        ; Yes                       ;
; HEX0[5] ; 2.5 V        ; 0 s                 ; 0 s                 ; 2.32 V                       ; 1.05e-05 V                   ; 2.37 V              ; -0.0225 V           ; 0.277 V                              ; 0.104 V                              ; 5.22e-10 s                  ; 6.28e-10 s                  ; No                         ; Yes                        ; 2.32 V                      ; 1.05e-05 V                  ; 2.37 V             ; -0.0225 V          ; 0.277 V                             ; 0.104 V                             ; 5.22e-10 s                 ; 6.28e-10 s                 ; No                        ; Yes                       ;
; HEX0[6] ; 2.5 V        ; 0 s                 ; 0 s                 ; 2.32 V                       ; 1.05e-05 V                   ; 2.37 V              ; -0.0225 V           ; 0.277 V                              ; 0.104 V                              ; 5.22e-10 s                  ; 6.28e-10 s                  ; No                         ; Yes                        ; 2.32 V                      ; 1.05e-05 V                  ; 2.37 V             ; -0.0225 V          ; 0.277 V                             ; 0.104 V                             ; 5.22e-10 s                 ; 6.28e-10 s                 ; No                        ; Yes                       ;
; HEX1[0] ; 2.5 V        ; 0 s                 ; 0 s                 ; 2.32 V                       ; 1.04e-05 V                   ; 2.38 V              ; -0.027 V            ; 0.226 V                              ; 0.08 V                               ; 4.84e-10 s                  ; 5.18e-10 s                  ; No                         ; Yes                        ; 2.32 V                      ; 1.04e-05 V                  ; 2.38 V             ; -0.027 V           ; 0.226 V                             ; 0.08 V                              ; 4.84e-10 s                 ; 5.18e-10 s                 ; No                        ; Yes                       ;
; HEX1[1] ; 2.5 V        ; 0 s                 ; 0 s                 ; 2.32 V                       ; 1.05e-05 V                   ; 2.37 V              ; -0.0225 V           ; 0.277 V                              ; 0.104 V                              ; 5.22e-10 s                  ; 6.28e-10 s                  ; No                         ; Yes                        ; 2.32 V                      ; 1.05e-05 V                  ; 2.37 V             ; -0.0225 V          ; 0.277 V                             ; 0.104 V                             ; 5.22e-10 s                 ; 6.28e-10 s                 ; No                        ; Yes                       ;
; HEX1[2] ; 2.5 V        ; 0 s                 ; 0 s                 ; 2.32 V                       ; 1.04e-05 V                   ; 2.38 V              ; -0.0273 V           ; 0.226 V                              ; 0.08 V                               ; 4.84e-10 s                  ; 5.19e-10 s                  ; No                         ; Yes                        ; 2.32 V                      ; 1.04e-05 V                  ; 2.38 V             ; -0.0273 V          ; 0.226 V                             ; 0.08 V                              ; 4.84e-10 s                 ; 5.19e-10 s                 ; No                        ; Yes                       ;
; HEX1[3] ; 2.5 V        ; 0 s                 ; 0 s                 ; 2.32 V                       ; 1.04e-05 V                   ; 2.38 V              ; -0.0273 V           ; 0.226 V                              ; 0.08 V                               ; 4.84e-10 s                  ; 5.19e-10 s                  ; No                         ; Yes                        ; 2.32 V                      ; 1.04e-05 V                  ; 2.38 V             ; -0.0273 V          ; 0.226 V                             ; 0.08 V                              ; 4.84e-10 s                 ; 5.19e-10 s                 ; No                        ; Yes                       ;
; HEX1[4] ; 2.5 V        ; 0 s                 ; 0 s                 ; 2.32 V                       ; 9.38e-06 V                   ; 2.34 V              ; -0.00733 V          ; 0.234 V                              ; 0.071 V                              ; 5.36e-10 s                  ; 5.75e-10 s                  ; No                         ; Yes                        ; 2.32 V                      ; 9.38e-06 V                  ; 2.34 V             ; -0.00733 V         ; 0.234 V                             ; 0.071 V                             ; 5.36e-10 s                 ; 5.75e-10 s                 ; No                        ; Yes                       ;
; HEX1[5] ; 2.5 V        ; 0 s                 ; 0 s                 ; 2.32 V                       ; 9.38e-06 V                   ; 2.34 V              ; -0.00733 V          ; 0.234 V                              ; 0.071 V                              ; 5.36e-10 s                  ; 5.75e-10 s                  ; No                         ; Yes                        ; 2.32 V                      ; 9.38e-06 V                  ; 2.34 V             ; -0.00733 V         ; 0.234 V                             ; 0.071 V                             ; 5.36e-10 s                 ; 5.75e-10 s                 ; No                        ; Yes                       ;
; HEX1[6] ; 2.5 V        ; 0 s                 ; 0 s                 ; 2.32 V                       ; 1.04e-05 V                   ; 2.38 V              ; -0.0273 V           ; 0.226 V                              ; 0.08 V                               ; 4.84e-10 s                  ; 5.19e-10 s                  ; No                         ; Yes                        ; 2.32 V                      ; 1.04e-05 V                  ; 2.38 V             ; -0.0273 V          ; 0.226 V                             ; 0.08 V                              ; 4.84e-10 s                 ; 5.19e-10 s                 ; No                        ; Yes                       ;
; HEX2[0] ; 2.5 V        ; 0 s                 ; 0 s                 ; 2.32 V                       ; 1.05e-05 V                   ; 2.37 V              ; -0.0225 V           ; 0.277 V                              ; 0.104 V                              ; 5.22e-10 s                  ; 6.28e-10 s                  ; No                         ; Yes                        ; 2.32 V                      ; 1.05e-05 V                  ; 2.37 V             ; -0.0225 V          ; 0.277 V                             ; 0.104 V                             ; 5.22e-10 s                 ; 6.28e-10 s                 ; No                        ; Yes                       ;
; HEX2[1] ; 2.5 V        ; 0 s                 ; 0 s                 ; 2.32 V                       ; 1.04e-05 V                   ; 2.38 V              ; -0.027 V            ; 0.226 V                              ; 0.08 V                               ; 4.84e-10 s                  ; 5.18e-10 s                  ; No                         ; Yes                        ; 2.32 V                      ; 1.04e-05 V                  ; 2.38 V             ; -0.027 V           ; 0.226 V                             ; 0.08 V                              ; 4.84e-10 s                 ; 5.18e-10 s                 ; No                        ; Yes                       ;
; HEX2[2] ; 2.5 V        ; 0 s                 ; 0 s                 ; 2.32 V                       ; 9.38e-06 V                   ; 2.34 V              ; -0.00733 V          ; 0.234 V                              ; 0.071 V                              ; 5.36e-10 s                  ; 5.75e-10 s                  ; No                         ; Yes                        ; 2.32 V                      ; 9.38e-06 V                  ; 2.34 V             ; -0.00733 V         ; 0.234 V                             ; 0.071 V                             ; 5.36e-10 s                 ; 5.75e-10 s                 ; No                        ; Yes                       ;
; HEX2[3] ; 2.5 V        ; 0 s                 ; 0 s                 ; 2.32 V                       ; 1.04e-05 V                   ; 2.38 V              ; -0.027 V            ; 0.226 V                              ; 0.08 V                               ; 4.84e-10 s                  ; 5.18e-10 s                  ; No                         ; Yes                        ; 2.32 V                      ; 1.04e-05 V                  ; 2.38 V             ; -0.027 V           ; 0.226 V                             ; 0.08 V                              ; 4.84e-10 s                 ; 5.18e-10 s                 ; No                        ; Yes                       ;
; HEX2[4] ; 2.5 V        ; 0 s                 ; 0 s                 ; 2.32 V                       ; 1.05e-05 V                   ; 2.37 V              ; -0.0225 V           ; 0.277 V                              ; 0.104 V                              ; 5.22e-10 s                  ; 6.28e-10 s                  ; No                         ; Yes                        ; 2.32 V                      ; 1.05e-05 V                  ; 2.37 V             ; -0.0225 V          ; 0.277 V                             ; 0.104 V                             ; 5.22e-10 s                 ; 6.28e-10 s                 ; No                        ; Yes                       ;
; HEX2[5] ; 2.5 V        ; 0 s                 ; 0 s                 ; 2.32 V                       ; 1.05e-05 V                   ; 2.37 V              ; -0.0225 V           ; 0.277 V                              ; 0.104 V                              ; 5.22e-10 s                  ; 6.28e-10 s                  ; No                         ; Yes                        ; 2.32 V                      ; 1.05e-05 V                  ; 2.37 V             ; -0.0225 V          ; 0.277 V                             ; 0.104 V                             ; 5.22e-10 s                 ; 6.28e-10 s                 ; No                        ; Yes                       ;
; HEX2[6] ; 2.5 V        ; 0 s                 ; 0 s                 ; 2.32 V                       ; 1.04e-05 V                   ; 2.38 V              ; -0.027 V            ; 0.226 V                              ; 0.08 V                               ; 4.84e-10 s                  ; 5.18e-10 s                  ; No                         ; Yes                        ; 2.32 V                      ; 1.04e-05 V                  ; 2.38 V             ; -0.027 V           ; 0.226 V                             ; 0.08 V                              ; 4.84e-10 s                 ; 5.18e-10 s                 ; No                        ; Yes                       ;
; HEX3[0] ; 2.5 V        ; 0 s                 ; 0 s                 ; 2.32 V                       ; 9.38e-06 V                   ; 2.34 V              ; -0.00733 V          ; 0.234 V                              ; 0.071 V                              ; 5.36e-10 s                  ; 5.75e-10 s                  ; No                         ; Yes                        ; 2.32 V                      ; 9.38e-06 V                  ; 2.34 V             ; -0.00733 V         ; 0.234 V                             ; 0.071 V                             ; 5.36e-10 s                 ; 5.75e-10 s                 ; No                        ; Yes                       ;
; HEX3[1] ; 2.5 V        ; 0 s                 ; 0 s                 ; 2.32 V                       ; 1.05e-05 V                   ; 2.37 V              ; -0.0225 V           ; 0.277 V                              ; 0.104 V                              ; 5.22e-10 s                  ; 6.28e-10 s                  ; No                         ; Yes                        ; 2.32 V                      ; 1.05e-05 V                  ; 2.37 V             ; -0.0225 V          ; 0.277 V                             ; 0.104 V                             ; 5.22e-10 s                 ; 6.28e-10 s                 ; No                        ; Yes                       ;
; HEX3[2] ; 2.5 V        ; 0 s                 ; 0 s                 ; 2.32 V                       ; 1.04e-05 V                   ; 2.38 V              ; -0.027 V            ; 0.226 V                              ; 0.08 V                               ; 4.84e-10 s                  ; 5.18e-10 s                  ; No                         ; Yes                        ; 2.32 V                      ; 1.04e-05 V                  ; 2.38 V             ; -0.027 V           ; 0.226 V                             ; 0.08 V                              ; 4.84e-10 s                 ; 5.18e-10 s                 ; No                        ; Yes                       ;
; HEX3[3] ; 2.5 V        ; 0 s                 ; 0 s                 ; 2.32 V                       ; 9.38e-06 V                   ; 2.34 V              ; -0.00733 V          ; 0.234 V                              ; 0.071 V                              ; 5.36e-10 s                  ; 5.75e-10 s                  ; No                         ; Yes                        ; 2.32 V                      ; 9.38e-06 V                  ; 2.34 V             ; -0.00733 V         ; 0.234 V                             ; 0.071 V                             ; 5.36e-10 s                 ; 5.75e-10 s                 ; No                        ; Yes                       ;
; HEX3[4] ; 2.5 V        ; 0 s                 ; 0 s                 ; 2.32 V                       ; 1.04e-05 V                   ; 2.38 V              ; -0.027 V            ; 0.226 V                              ; 0.08 V                               ; 4.84e-10 s                  ; 5.18e-10 s                  ; No                         ; Yes                        ; 2.32 V                      ; 1.04e-05 V                  ; 2.38 V             ; -0.027 V           ; 0.226 V                             ; 0.08 V                              ; 4.84e-10 s                 ; 5.18e-10 s                 ; No                        ; Yes                       ;
; HEX3[5] ; 2.5 V        ; 0 s                 ; 0 s                 ; 2.32 V                       ; 9.38e-06 V                   ; 2.34 V              ; -0.00733 V          ; 0.234 V                              ; 0.071 V                              ; 5.36e-10 s                  ; 5.75e-10 s                  ; No                         ; Yes                        ; 2.32 V                      ; 9.38e-06 V                  ; 2.34 V             ; -0.00733 V         ; 0.234 V                             ; 0.071 V                             ; 5.36e-10 s                 ; 5.75e-10 s                 ; No                        ; Yes                       ;
; HEX3[6] ; 2.5 V        ; 0 s                 ; 0 s                 ; 2.32 V                       ; 1.05e-05 V                   ; 2.37 V              ; -0.0225 V           ; 0.277 V                              ; 0.104 V                              ; 5.22e-10 s                  ; 6.28e-10 s                  ; No                         ; Yes                        ; 2.32 V                      ; 1.05e-05 V                  ; 2.37 V             ; -0.0225 V          ; 0.277 V                             ; 0.104 V                             ; 5.22e-10 s                 ; 6.28e-10 s                 ; No                        ; Yes                       ;
; HEX4[0] ; 2.5 V        ; 0 s                 ; 0 s                 ; 2.32 V                       ; 1.05e-05 V                   ; 2.37 V              ; -0.0225 V           ; 0.277 V                              ; 0.104 V                              ; 5.22e-10 s                  ; 6.28e-10 s                  ; No                         ; Yes                        ; 2.32 V                      ; 1.05e-05 V                  ; 2.37 V             ; -0.0225 V          ; 0.277 V                             ; 0.104 V                             ; 5.22e-10 s                 ; 6.28e-10 s                 ; No                        ; Yes                       ;
; HEX4[1] ; 2.5 V        ; 0 s                 ; 0 s                 ; 2.32 V                       ; 1.04e-05 V                   ; 2.38 V              ; -0.027 V            ; 0.226 V                              ; 0.08 V                               ; 4.84e-10 s                  ; 5.18e-10 s                  ; No                         ; Yes                        ; 2.32 V                      ; 1.04e-05 V                  ; 2.38 V             ; -0.027 V           ; 0.226 V                             ; 0.08 V                              ; 4.84e-10 s                 ; 5.18e-10 s                 ; No                        ; Yes                       ;
; HEX4[2] ; 2.5 V        ; 0 s                 ; 0 s                 ; 2.32 V                       ; 1.04e-05 V                   ; 2.38 V              ; -0.0273 V           ; 0.226 V                              ; 0.08 V                               ; 4.84e-10 s                  ; 5.19e-10 s                  ; No                         ; Yes                        ; 2.32 V                      ; 1.04e-05 V                  ; 2.38 V             ; -0.0273 V          ; 0.226 V                             ; 0.08 V                              ; 4.84e-10 s                 ; 5.19e-10 s                 ; No                        ; Yes                       ;
; HEX4[3] ; 2.5 V        ; 0 s                 ; 0 s                 ; 2.32 V                       ; 1.04e-05 V                   ; 2.38 V              ; -0.027 V            ; 0.226 V                              ; 0.08 V                               ; 4.84e-10 s                  ; 5.18e-10 s                  ; No                         ; Yes                        ; 2.32 V                      ; 1.04e-05 V                  ; 2.38 V             ; -0.027 V           ; 0.226 V                             ; 0.08 V                              ; 4.84e-10 s                 ; 5.18e-10 s                 ; No                        ; Yes                       ;
; HEX4[4] ; 2.5 V        ; 0 s                 ; 0 s                 ; 2.32 V                       ; 9.38e-06 V                   ; 2.34 V              ; -0.00733 V          ; 0.234 V                              ; 0.071 V                              ; 5.36e-10 s                  ; 5.75e-10 s                  ; No                         ; Yes                        ; 2.32 V                      ; 9.38e-06 V                  ; 2.34 V             ; -0.00733 V         ; 0.234 V                             ; 0.071 V                             ; 5.36e-10 s                 ; 5.75e-10 s                 ; No                        ; Yes                       ;
; HEX4[5] ; 2.5 V        ; 0 s                 ; 0 s                 ; 2.32 V                       ; 9.38e-06 V                   ; 2.34 V              ; -0.00733 V          ; 0.234 V                              ; 0.071 V                              ; 5.36e-10 s                  ; 5.75e-10 s                  ; No                         ; Yes                        ; 2.32 V                      ; 9.38e-06 V                  ; 2.34 V             ; -0.00733 V         ; 0.234 V                             ; 0.071 V                             ; 5.36e-10 s                 ; 5.75e-10 s                 ; No                        ; Yes                       ;
; HEX4[6] ; 2.5 V        ; 0 s                 ; 0 s                 ; 2.32 V                       ; 1.05e-05 V                   ; 2.37 V              ; -0.0225 V           ; 0.277 V                              ; 0.104 V                              ; 5.22e-10 s                  ; 6.28e-10 s                  ; No                         ; Yes                        ; 2.32 V                      ; 1.05e-05 V                  ; 2.37 V             ; -0.0225 V          ; 0.277 V                             ; 0.104 V                             ; 5.22e-10 s                 ; 6.28e-10 s                 ; No                        ; Yes                       ;
; HEX5[0] ; 2.5 V        ; 0 s                 ; 0 s                 ; 2.32 V                       ; 9.38e-06 V                   ; 2.34 V              ; -0.00733 V          ; 0.234 V                              ; 0.071 V                              ; 5.36e-10 s                  ; 5.75e-10 s                  ; No                         ; Yes                        ; 2.32 V                      ; 9.38e-06 V                  ; 2.34 V             ; -0.00733 V         ; 0.234 V                             ; 0.071 V                             ; 5.36e-10 s                 ; 5.75e-10 s                 ; No                        ; Yes                       ;
; HEX5[1] ; 2.5 V        ; 0 s                 ; 0 s                 ; 2.32 V                       ; 1.04e-05 V                   ; 2.38 V              ; -0.0273 V           ; 0.226 V                              ; 0.08 V                               ; 4.84e-10 s                  ; 5.19e-10 s                  ; No                         ; Yes                        ; 2.32 V                      ; 1.04e-05 V                  ; 2.38 V             ; -0.0273 V          ; 0.226 V                             ; 0.08 V                              ; 4.84e-10 s                 ; 5.19e-10 s                 ; No                        ; Yes                       ;
; HEX5[2] ; 2.5 V        ; 0 s                 ; 0 s                 ; 2.32 V                       ; 1.04e-05 V                   ; 2.38 V              ; -0.0273 V           ; 0.226 V                              ; 0.08 V                               ; 4.84e-10 s                  ; 5.19e-10 s                  ; No                         ; Yes                        ; 2.32 V                      ; 1.04e-05 V                  ; 2.38 V             ; -0.0273 V          ; 0.226 V                             ; 0.08 V                              ; 4.84e-10 s                 ; 5.19e-10 s                 ; No                        ; Yes                       ;
; HEX5[3] ; 2.5 V        ; 0 s                 ; 0 s                 ; 2.32 V                       ; 1.05e-05 V                   ; 2.37 V              ; -0.0225 V           ; 0.277 V                              ; 0.104 V                              ; 5.22e-10 s                  ; 6.28e-10 s                  ; No                         ; Yes                        ; 2.32 V                      ; 1.05e-05 V                  ; 2.37 V             ; -0.0225 V          ; 0.277 V                             ; 0.104 V                             ; 5.22e-10 s                 ; 6.28e-10 s                 ; No                        ; Yes                       ;
; HEX5[4] ; 2.5 V        ; 0 s                 ; 0 s                 ; 2.32 V                       ; 1.04e-05 V                   ; 2.38 V              ; -0.0273 V           ; 0.226 V                              ; 0.08 V                               ; 4.84e-10 s                  ; 5.19e-10 s                  ; No                         ; Yes                        ; 2.32 V                      ; 1.04e-05 V                  ; 2.38 V             ; -0.0273 V          ; 0.226 V                             ; 0.08 V                              ; 4.84e-10 s                 ; 5.19e-10 s                 ; No                        ; Yes                       ;
; HEX5[5] ; 2.5 V        ; 0 s                 ; 0 s                 ; 2.32 V                       ; 9.38e-06 V                   ; 2.34 V              ; -0.00733 V          ; 0.234 V                              ; 0.071 V                              ; 5.36e-10 s                  ; 5.75e-10 s                  ; No                         ; Yes                        ; 2.32 V                      ; 9.38e-06 V                  ; 2.34 V             ; -0.00733 V         ; 0.234 V                             ; 0.071 V                             ; 5.36e-10 s                 ; 5.75e-10 s                 ; No                        ; Yes                       ;
; HEX5[6] ; 2.5 V        ; 0 s                 ; 0 s                 ; 2.32 V                       ; 1.05e-05 V                   ; 2.37 V              ; -0.0225 V           ; 0.277 V                              ; 0.104 V                              ; 5.22e-10 s                  ; 6.28e-10 s                  ; No                         ; Yes                        ; 2.32 V                      ; 1.05e-05 V                  ; 2.37 V             ; -0.0225 V          ; 0.277 V                             ; 0.104 V                             ; 5.22e-10 s                 ; 6.28e-10 s                 ; No                        ; Yes                       ;
+---------+--------------+---------------------+---------------------+------------------------------+------------------------------+---------------------+---------------------+--------------------------------------+--------------------------------------+-----------------------------+-----------------------------+----------------------------+----------------------------+-----------------------------+-----------------------------+--------------------+--------------------+-------------------------------------+-------------------------------------+----------------------------+----------------------------+---------------------------+---------------------------+


+--------------------------------------------------------------------------------------------------------------------------------------------------------------------------------------------------------------------------------------------------------------------------------------------------------------------------------------------------------------------------------------------------------------------------------------------------------------------------------------------------------------------------------------------------------------------------------------------------------------------------------------------------------------------------------------+
; Signal Integrity Metrics (Fast 1100mv 0c Model)                                                                                                                                                                                                                                                                                                                                                                                                                                                                                                                                                                                                                                      ;
+---------+--------------+---------------------+---------------------+------------------------------+------------------------------+---------------------+---------------------+--------------------------------------+--------------------------------------+-----------------------------+-----------------------------+----------------------------+----------------------------+-----------------------------+-----------------------------+--------------------+--------------------+-------------------------------------+-------------------------------------+----------------------------+----------------------------+---------------------------+---------------------------+
; Pin     ; I/O Standard ; Board Delay on Rise ; Board Delay on Fall ; Steady State Voh at FPGA Pin ; Steady State Vol at FPGA Pin ; Voh Max at FPGA Pin ; Vol Min at FPGA Pin ; Ringback Voltage on Rise at FPGA Pin ; Ringback Voltage on Fall at FPGA Pin ; 10-90 Rise Time at FPGA Pin ; 90-10 Fall Time at FPGA Pin ; Monotonic Rise at FPGA Pin ; Monotonic Fall at FPGA Pin ; Steady State Voh at Far-end ; Steady State Vol at Far-end ; Voh Max at Far-end ; Vol Min at Far-end ; Ringback Voltage on Rise at Far-end ; Ringback Voltage on Fall at Far-end ; 10-90 Rise Time at Far-end ; 90-10 Fall Time at Far-end ; Monotonic Rise at Far-end ; Monotonic Fall at Far-end ;
+---------+--------------+---------------------+---------------------+------------------------------+------------------------------+---------------------+---------------------+--------------------------------------+--------------------------------------+-----------------------------+-----------------------------+----------------------------+----------------------------+-----------------------------+-----------------------------+--------------------+--------------------+-------------------------------------+-------------------------------------+----------------------------+----------------------------+---------------------------+---------------------------+
; LEDR[0] ; 2.5 V        ; 0 s                 ; 0 s                 ; 2.75 V                       ; 4.25e-06 V                   ; 2.9 V               ; -0.107 V            ; 0.378 V                              ; 0.16 V                               ; 2.87e-10 s                  ; 4.28e-10 s                  ; No                         ; No                         ; 2.75 V                      ; 4.25e-06 V                  ; 2.9 V              ; -0.107 V           ; 0.378 V                             ; 0.16 V                              ; 2.87e-10 s                 ; 4.28e-10 s                 ; No                        ; No                        ;
; LEDR[1] ; 2.5 V        ; 0 s                 ; 0 s                 ; 2.75 V                       ; 4.14e-06 V                   ; 2.91 V              ; -0.121 V            ; 0.326 V                              ; 0.297 V                              ; 2.74e-10 s                  ; 2.8e-10 s                   ; No                         ; No                         ; 2.75 V                      ; 4.14e-06 V                  ; 2.91 V             ; -0.121 V           ; 0.326 V                             ; 0.297 V                             ; 2.74e-10 s                 ; 2.8e-10 s                  ; No                        ; No                        ;
; LEDR[2] ; 2.5 V        ; 0 s                 ; 0 s                 ; 2.75 V                       ; 4.14e-06 V                   ; 2.91 V              ; -0.119 V            ; 0.326 V                              ; 0.298 V                              ; 2.74e-10 s                  ; 2.8e-10 s                   ; No                         ; No                         ; 2.75 V                      ; 4.14e-06 V                  ; 2.91 V             ; -0.119 V           ; 0.326 V                             ; 0.298 V                             ; 2.74e-10 s                 ; 2.8e-10 s                  ; No                        ; No                        ;
; LEDR[3] ; 2.5 V        ; 0 s                 ; 0 s                 ; 2.75 V                       ; 3.54e-06 V                   ; 2.81 V              ; -0.0578 V           ; 0.303 V                              ; 0.28 V                               ; 2.93e-10 s                  ; 3.01e-10 s                  ; No                         ; No                         ; 2.75 V                      ; 3.54e-06 V                  ; 2.81 V             ; -0.0578 V          ; 0.303 V                             ; 0.28 V                              ; 2.93e-10 s                 ; 3.01e-10 s                 ; No                        ; No                        ;
; LEDR[4] ; 2.5 V        ; 0 s                 ; 0 s                 ; 2.75 V                       ; 4.14e-06 V                   ; 2.91 V              ; -0.119 V            ; 0.326 V                              ; 0.298 V                              ; 2.74e-10 s                  ; 2.8e-10 s                   ; No                         ; No                         ; 2.75 V                      ; 4.14e-06 V                  ; 2.91 V             ; -0.119 V           ; 0.326 V                             ; 0.298 V                             ; 2.74e-10 s                 ; 2.8e-10 s                  ; No                        ; No                        ;
; LEDR[5] ; 2.5 V        ; 0 s                 ; 0 s                 ; 2.75 V                       ; 3.54e-06 V                   ; 2.81 V              ; -0.0578 V           ; 0.303 V                              ; 0.28 V                               ; 2.93e-10 s                  ; 3.01e-10 s                  ; No                         ; No                         ; 2.75 V                      ; 3.54e-06 V                  ; 2.81 V             ; -0.0578 V          ; 0.303 V                             ; 0.28 V                              ; 2.93e-10 s                 ; 3.01e-10 s                 ; No                        ; No                        ;
; LEDR[6] ; 2.5 V        ; 0 s                 ; 0 s                 ; 2.75 V                       ; 4.14e-06 V                   ; 2.91 V              ; -0.121 V            ; 0.326 V                              ; 0.297 V                              ; 2.74e-10 s                  ; 2.8e-10 s                   ; No                         ; No                         ; 2.75 V                      ; 4.14e-06 V                  ; 2.91 V             ; -0.121 V           ; 0.326 V                             ; 0.297 V                             ; 2.74e-10 s                 ; 2.8e-10 s                  ; No                        ; No                        ;
; LEDR[7] ; 2.5 V        ; 0 s                 ; 0 s                 ; 2.75 V                       ; 4.14e-06 V                   ; 2.91 V              ; -0.121 V            ; 0.326 V                              ; 0.297 V                              ; 2.74e-10 s                  ; 2.8e-10 s                   ; No                         ; No                         ; 2.75 V                      ; 4.14e-06 V                  ; 2.91 V             ; -0.121 V           ; 0.326 V                             ; 0.297 V                             ; 2.74e-10 s                 ; 2.8e-10 s                  ; No                        ; No                        ;
; LEDR[8] ; 2.5 V        ; 0 s                 ; 0 s                 ; 2.75 V                       ; 3.54e-06 V                   ; 2.81 V              ; -0.0578 V           ; 0.303 V                              ; 0.28 V                               ; 2.93e-10 s                  ; 3.01e-10 s                  ; No                         ; No                         ; 2.75 V                      ; 3.54e-06 V                  ; 2.81 V             ; -0.0578 V          ; 0.303 V                             ; 0.28 V                              ; 2.93e-10 s                 ; 3.01e-10 s                 ; No                        ; No                        ;
; LEDR[9] ; 2.5 V        ; 0 s                 ; 0 s                 ; 2.75 V                       ; 4.25e-06 V                   ; 2.9 V               ; -0.107 V            ; 0.378 V                              ; 0.16 V                               ; 2.87e-10 s                  ; 4.28e-10 s                  ; No                         ; No                         ; 2.75 V                      ; 4.25e-06 V                  ; 2.9 V              ; -0.107 V           ; 0.378 V                             ; 0.16 V                              ; 2.87e-10 s                 ; 4.28e-10 s                 ; No                        ; No                        ;
; HEX0[0] ; 2.5 V        ; 0 s                 ; 0 s                 ; 2.75 V                       ; 4.14e-06 V                   ; 2.91 V              ; -0.121 V            ; 0.326 V                              ; 0.297 V                              ; 2.74e-10 s                  ; 2.8e-10 s                   ; No                         ; No                         ; 2.75 V                      ; 4.14e-06 V                  ; 2.91 V             ; -0.121 V           ; 0.326 V                             ; 0.297 V                             ; 2.74e-10 s                 ; 2.8e-10 s                  ; No                        ; No                        ;
; HEX0[1] ; 2.5 V        ; 0 s                 ; 0 s                 ; 2.75 V                       ; 3.54e-06 V                   ; 2.81 V              ; -0.0578 V           ; 0.303 V                              ; 0.28 V                               ; 2.93e-10 s                  ; 3.01e-10 s                  ; No                         ; No                         ; 2.75 V                      ; 3.54e-06 V                  ; 2.81 V             ; -0.0578 V          ; 0.303 V                             ; 0.28 V                              ; 2.93e-10 s                 ; 3.01e-10 s                 ; No                        ; No                        ;
; HEX0[2] ; 2.5 V        ; 0 s                 ; 0 s                 ; 2.75 V                       ; 4.14e-06 V                   ; 2.91 V              ; -0.121 V            ; 0.326 V                              ; 0.297 V                              ; 2.74e-10 s                  ; 2.8e-10 s                   ; No                         ; No                         ; 2.75 V                      ; 4.14e-06 V                  ; 2.91 V             ; -0.121 V           ; 0.326 V                             ; 0.297 V                             ; 2.74e-10 s                 ; 2.8e-10 s                  ; No                        ; No                        ;
; HEX0[3] ; 2.5 V        ; 0 s                 ; 0 s                 ; 2.75 V                       ; 4.14e-06 V                   ; 2.91 V              ; -0.119 V            ; 0.326 V                              ; 0.298 V                              ; 2.74e-10 s                  ; 2.8e-10 s                   ; No                         ; No                         ; 2.75 V                      ; 4.14e-06 V                  ; 2.91 V             ; -0.119 V           ; 0.326 V                             ; 0.298 V                             ; 2.74e-10 s                 ; 2.8e-10 s                  ; No                        ; No                        ;
; HEX0[4] ; 2.5 V        ; 0 s                 ; 0 s                 ; 2.75 V                       ; 4.25e-06 V                   ; 2.9 V               ; -0.107 V            ; 0.378 V                              ; 0.16 V                               ; 2.87e-10 s                  ; 4.28e-10 s                  ; No                         ; No                         ; 2.75 V                      ; 4.25e-06 V                  ; 2.9 V              ; -0.107 V           ; 0.378 V                             ; 0.16 V                              ; 2.87e-10 s                 ; 4.28e-10 s                 ; No                        ; No                        ;
; HEX0[5] ; 2.5 V        ; 0 s                 ; 0 s                 ; 2.75 V                       ; 4.25e-06 V                   ; 2.9 V               ; -0.107 V            ; 0.378 V                              ; 0.16 V                               ; 2.87e-10 s                  ; 4.28e-10 s                  ; No                         ; No                         ; 2.75 V                      ; 4.25e-06 V                  ; 2.9 V              ; -0.107 V           ; 0.378 V                             ; 0.16 V                              ; 2.87e-10 s                 ; 4.28e-10 s                 ; No                        ; No                        ;
; HEX0[6] ; 2.5 V        ; 0 s                 ; 0 s                 ; 2.75 V                       ; 4.25e-06 V                   ; 2.9 V               ; -0.107 V            ; 0.378 V                              ; 0.16 V                               ; 2.87e-10 s                  ; 4.28e-10 s                  ; No                         ; No                         ; 2.75 V                      ; 4.25e-06 V                  ; 2.9 V              ; -0.107 V           ; 0.378 V                             ; 0.16 V                              ; 2.87e-10 s                 ; 4.28e-10 s                 ; No                        ; No                        ;
; HEX1[0] ; 2.5 V        ; 0 s                 ; 0 s                 ; 2.75 V                       ; 4.14e-06 V                   ; 2.91 V              ; -0.121 V            ; 0.326 V                              ; 0.297 V                              ; 2.74e-10 s                  ; 2.8e-10 s                   ; No                         ; No                         ; 2.75 V                      ; 4.14e-06 V                  ; 2.91 V             ; -0.121 V           ; 0.326 V                             ; 0.297 V                             ; 2.74e-10 s                 ; 2.8e-10 s                  ; No                        ; No                        ;
; HEX1[1] ; 2.5 V        ; 0 s                 ; 0 s                 ; 2.75 V                       ; 4.25e-06 V                   ; 2.9 V               ; -0.107 V            ; 0.378 V                              ; 0.16 V                               ; 2.87e-10 s                  ; 4.28e-10 s                  ; No                         ; No                         ; 2.75 V                      ; 4.25e-06 V                  ; 2.9 V              ; -0.107 V           ; 0.378 V                             ; 0.16 V                              ; 2.87e-10 s                 ; 4.28e-10 s                 ; No                        ; No                        ;
; HEX1[2] ; 2.5 V        ; 0 s                 ; 0 s                 ; 2.75 V                       ; 4.14e-06 V                   ; 2.91 V              ; -0.119 V            ; 0.326 V                              ; 0.298 V                              ; 2.74e-10 s                  ; 2.8e-10 s                   ; No                         ; No                         ; 2.75 V                      ; 4.14e-06 V                  ; 2.91 V             ; -0.119 V           ; 0.326 V                             ; 0.298 V                             ; 2.74e-10 s                 ; 2.8e-10 s                  ; No                        ; No                        ;
; HEX1[3] ; 2.5 V        ; 0 s                 ; 0 s                 ; 2.75 V                       ; 4.14e-06 V                   ; 2.91 V              ; -0.119 V            ; 0.326 V                              ; 0.298 V                              ; 2.74e-10 s                  ; 2.8e-10 s                   ; No                         ; No                         ; 2.75 V                      ; 4.14e-06 V                  ; 2.91 V             ; -0.119 V           ; 0.326 V                             ; 0.298 V                             ; 2.74e-10 s                 ; 2.8e-10 s                  ; No                        ; No                        ;
; HEX1[4] ; 2.5 V        ; 0 s                 ; 0 s                 ; 2.75 V                       ; 3.54e-06 V                   ; 2.81 V              ; -0.0578 V           ; 0.303 V                              ; 0.28 V                               ; 2.93e-10 s                  ; 3.01e-10 s                  ; No                         ; No                         ; 2.75 V                      ; 3.54e-06 V                  ; 2.81 V             ; -0.0578 V          ; 0.303 V                             ; 0.28 V                              ; 2.93e-10 s                 ; 3.01e-10 s                 ; No                        ; No                        ;
; HEX1[5] ; 2.5 V        ; 0 s                 ; 0 s                 ; 2.75 V                       ; 3.54e-06 V                   ; 2.81 V              ; -0.0578 V           ; 0.303 V                              ; 0.28 V                               ; 2.93e-10 s                  ; 3.01e-10 s                  ; No                         ; No                         ; 2.75 V                      ; 3.54e-06 V                  ; 2.81 V             ; -0.0578 V          ; 0.303 V                             ; 0.28 V                              ; 2.93e-10 s                 ; 3.01e-10 s                 ; No                        ; No                        ;
; HEX1[6] ; 2.5 V        ; 0 s                 ; 0 s                 ; 2.75 V                       ; 4.14e-06 V                   ; 2.91 V              ; -0.119 V            ; 0.326 V                              ; 0.298 V                              ; 2.74e-10 s                  ; 2.8e-10 s                   ; No                         ; No                         ; 2.75 V                      ; 4.14e-06 V                  ; 2.91 V             ; -0.119 V           ; 0.326 V                             ; 0.298 V                             ; 2.74e-10 s                 ; 2.8e-10 s                  ; No                        ; No                        ;
; HEX2[0] ; 2.5 V        ; 0 s                 ; 0 s                 ; 2.75 V                       ; 4.25e-06 V                   ; 2.9 V               ; -0.107 V            ; 0.378 V                              ; 0.16 V                               ; 2.87e-10 s                  ; 4.28e-10 s                  ; No                         ; No                         ; 2.75 V                      ; 4.25e-06 V                  ; 2.9 V              ; -0.107 V           ; 0.378 V                             ; 0.16 V                              ; 2.87e-10 s                 ; 4.28e-10 s                 ; No                        ; No                        ;
; HEX2[1] ; 2.5 V        ; 0 s                 ; 0 s                 ; 2.75 V                       ; 4.14e-06 V                   ; 2.91 V              ; -0.121 V            ; 0.326 V                              ; 0.297 V                              ; 2.74e-10 s                  ; 2.8e-10 s                   ; No                         ; No                         ; 2.75 V                      ; 4.14e-06 V                  ; 2.91 V             ; -0.121 V           ; 0.326 V                             ; 0.297 V                             ; 2.74e-10 s                 ; 2.8e-10 s                  ; No                        ; No                        ;
; HEX2[2] ; 2.5 V        ; 0 s                 ; 0 s                 ; 2.75 V                       ; 3.54e-06 V                   ; 2.81 V              ; -0.0578 V           ; 0.303 V                              ; 0.28 V                               ; 2.93e-10 s                  ; 3.01e-10 s                  ; No                         ; No                         ; 2.75 V                      ; 3.54e-06 V                  ; 2.81 V             ; -0.0578 V          ; 0.303 V                             ; 0.28 V                              ; 2.93e-10 s                 ; 3.01e-10 s                 ; No                        ; No                        ;
; HEX2[3] ; 2.5 V        ; 0 s                 ; 0 s                 ; 2.75 V                       ; 4.14e-06 V                   ; 2.91 V              ; -0.121 V            ; 0.326 V                              ; 0.297 V                              ; 2.74e-10 s                  ; 2.8e-10 s                   ; No                         ; No                         ; 2.75 V                      ; 4.14e-06 V                  ; 2.91 V             ; -0.121 V           ; 0.326 V                             ; 0.297 V                             ; 2.74e-10 s                 ; 2.8e-10 s                  ; No                        ; No                        ;
; HEX2[4] ; 2.5 V        ; 0 s                 ; 0 s                 ; 2.75 V                       ; 4.25e-06 V                   ; 2.9 V               ; -0.107 V            ; 0.378 V                              ; 0.16 V                               ; 2.87e-10 s                  ; 4.28e-10 s                  ; No                         ; No                         ; 2.75 V                      ; 4.25e-06 V                  ; 2.9 V              ; -0.107 V           ; 0.378 V                             ; 0.16 V                              ; 2.87e-10 s                 ; 4.28e-10 s                 ; No                        ; No                        ;
; HEX2[5] ; 2.5 V        ; 0 s                 ; 0 s                 ; 2.75 V                       ; 4.25e-06 V                   ; 2.9 V               ; -0.107 V            ; 0.378 V                              ; 0.16 V                               ; 2.87e-10 s                  ; 4.28e-10 s                  ; No                         ; No                         ; 2.75 V                      ; 4.25e-06 V                  ; 2.9 V              ; -0.107 V           ; 0.378 V                             ; 0.16 V                              ; 2.87e-10 s                 ; 4.28e-10 s                 ; No                        ; No                        ;
; HEX2[6] ; 2.5 V        ; 0 s                 ; 0 s                 ; 2.75 V                       ; 4.14e-06 V                   ; 2.91 V              ; -0.121 V            ; 0.326 V                              ; 0.297 V                              ; 2.74e-10 s                  ; 2.8e-10 s                   ; No                         ; No                         ; 2.75 V                      ; 4.14e-06 V                  ; 2.91 V             ; -0.121 V           ; 0.326 V                             ; 0.297 V                             ; 2.74e-10 s                 ; 2.8e-10 s                  ; No                        ; No                        ;
; HEX3[0] ; 2.5 V        ; 0 s                 ; 0 s                 ; 2.75 V                       ; 3.54e-06 V                   ; 2.81 V              ; -0.0578 V           ; 0.303 V                              ; 0.28 V                               ; 2.93e-10 s                  ; 3.01e-10 s                  ; No                         ; No                         ; 2.75 V                      ; 3.54e-06 V                  ; 2.81 V             ; -0.0578 V          ; 0.303 V                             ; 0.28 V                              ; 2.93e-10 s                 ; 3.01e-10 s                 ; No                        ; No                        ;
; HEX3[1] ; 2.5 V        ; 0 s                 ; 0 s                 ; 2.75 V                       ; 4.25e-06 V                   ; 2.9 V               ; -0.107 V            ; 0.378 V                              ; 0.16 V                               ; 2.87e-10 s                  ; 4.28e-10 s                  ; No                         ; No                         ; 2.75 V                      ; 4.25e-06 V                  ; 2.9 V              ; -0.107 V           ; 0.378 V                             ; 0.16 V                              ; 2.87e-10 s                 ; 4.28e-10 s                 ; No                        ; No                        ;
; HEX3[2] ; 2.5 V        ; 0 s                 ; 0 s                 ; 2.75 V                       ; 4.14e-06 V                   ; 2.91 V              ; -0.121 V            ; 0.326 V                              ; 0.297 V                              ; 2.74e-10 s                  ; 2.8e-10 s                   ; No                         ; No                         ; 2.75 V                      ; 4.14e-06 V                  ; 2.91 V             ; -0.121 V           ; 0.326 V                             ; 0.297 V                             ; 2.74e-10 s                 ; 2.8e-10 s                  ; No                        ; No                        ;
; HEX3[3] ; 2.5 V        ; 0 s                 ; 0 s                 ; 2.75 V                       ; 3.54e-06 V                   ; 2.81 V              ; -0.0578 V           ; 0.303 V                              ; 0.28 V                               ; 2.93e-10 s                  ; 3.01e-10 s                  ; No                         ; No                         ; 2.75 V                      ; 3.54e-06 V                  ; 2.81 V             ; -0.0578 V          ; 0.303 V                             ; 0.28 V                              ; 2.93e-10 s                 ; 3.01e-10 s                 ; No                        ; No                        ;
; HEX3[4] ; 2.5 V        ; 0 s                 ; 0 s                 ; 2.75 V                       ; 4.14e-06 V                   ; 2.91 V              ; -0.121 V            ; 0.326 V                              ; 0.297 V                              ; 2.74e-10 s                  ; 2.8e-10 s                   ; No                         ; No                         ; 2.75 V                      ; 4.14e-06 V                  ; 2.91 V             ; -0.121 V           ; 0.326 V                             ; 0.297 V                             ; 2.74e-10 s                 ; 2.8e-10 s                  ; No                        ; No                        ;
; HEX3[5] ; 2.5 V        ; 0 s                 ; 0 s                 ; 2.75 V                       ; 3.54e-06 V                   ; 2.81 V              ; -0.0578 V           ; 0.303 V                              ; 0.28 V                               ; 2.93e-10 s                  ; 3.01e-10 s                  ; No                         ; No                         ; 2.75 V                      ; 3.54e-06 V                  ; 2.81 V             ; -0.0578 V          ; 0.303 V                             ; 0.28 V                              ; 2.93e-10 s                 ; 3.01e-10 s                 ; No                        ; No                        ;
; HEX3[6] ; 2.5 V        ; 0 s                 ; 0 s                 ; 2.75 V                       ; 4.25e-06 V                   ; 2.9 V               ; -0.107 V            ; 0.378 V                              ; 0.16 V                               ; 2.87e-10 s                  ; 4.28e-10 s                  ; No                         ; No                         ; 2.75 V                      ; 4.25e-06 V                  ; 2.9 V              ; -0.107 V           ; 0.378 V                             ; 0.16 V                              ; 2.87e-10 s                 ; 4.28e-10 s                 ; No                        ; No                        ;
; HEX4[0] ; 2.5 V        ; 0 s                 ; 0 s                 ; 2.75 V                       ; 4.25e-06 V                   ; 2.9 V               ; -0.107 V            ; 0.378 V                              ; 0.16 V                               ; 2.87e-10 s                  ; 4.28e-10 s                  ; No                         ; No                         ; 2.75 V                      ; 4.25e-06 V                  ; 2.9 V              ; -0.107 V           ; 0.378 V                             ; 0.16 V                              ; 2.87e-10 s                 ; 4.28e-10 s                 ; No                        ; No                        ;
; HEX4[1] ; 2.5 V        ; 0 s                 ; 0 s                 ; 2.75 V                       ; 4.14e-06 V                   ; 2.91 V              ; -0.121 V            ; 0.326 V                              ; 0.297 V                              ; 2.74e-10 s                  ; 2.8e-10 s                   ; No                         ; No                         ; 2.75 V                      ; 4.14e-06 V                  ; 2.91 V             ; -0.121 V           ; 0.326 V                             ; 0.297 V                             ; 2.74e-10 s                 ; 2.8e-10 s                  ; No                        ; No                        ;
; HEX4[2] ; 2.5 V        ; 0 s                 ; 0 s                 ; 2.75 V                       ; 4.14e-06 V                   ; 2.91 V              ; -0.119 V            ; 0.326 V                              ; 0.298 V                              ; 2.74e-10 s                  ; 2.8e-10 s                   ; No                         ; No                         ; 2.75 V                      ; 4.14e-06 V                  ; 2.91 V             ; -0.119 V           ; 0.326 V                             ; 0.298 V                             ; 2.74e-10 s                 ; 2.8e-10 s                  ; No                        ; No                        ;
; HEX4[3] ; 2.5 V        ; 0 s                 ; 0 s                 ; 2.75 V                       ; 4.14e-06 V                   ; 2.91 V              ; -0.121 V            ; 0.326 V                              ; 0.297 V                              ; 2.74e-10 s                  ; 2.8e-10 s                   ; No                         ; No                         ; 2.75 V                      ; 4.14e-06 V                  ; 2.91 V             ; -0.121 V           ; 0.326 V                             ; 0.297 V                             ; 2.74e-10 s                 ; 2.8e-10 s                  ; No                        ; No                        ;
; HEX4[4] ; 2.5 V        ; 0 s                 ; 0 s                 ; 2.75 V                       ; 3.54e-06 V                   ; 2.81 V              ; -0.0578 V           ; 0.303 V                              ; 0.28 V                               ; 2.93e-10 s                  ; 3.01e-10 s                  ; No                         ; No                         ; 2.75 V                      ; 3.54e-06 V                  ; 2.81 V             ; -0.0578 V          ; 0.303 V                             ; 0.28 V                              ; 2.93e-10 s                 ; 3.01e-10 s                 ; No                        ; No                        ;
; HEX4[5] ; 2.5 V        ; 0 s                 ; 0 s                 ; 2.75 V                       ; 3.54e-06 V                   ; 2.81 V              ; -0.0578 V           ; 0.303 V                              ; 0.28 V                               ; 2.93e-10 s                  ; 3.01e-10 s                  ; No                         ; No                         ; 2.75 V                      ; 3.54e-06 V                  ; 2.81 V             ; -0.0578 V          ; 0.303 V                             ; 0.28 V                              ; 2.93e-10 s                 ; 3.01e-10 s                 ; No                        ; No                        ;
; HEX4[6] ; 2.5 V        ; 0 s                 ; 0 s                 ; 2.75 V                       ; 4.25e-06 V                   ; 2.9 V               ; -0.107 V            ; 0.378 V                              ; 0.16 V                               ; 2.87e-10 s                  ; 4.28e-10 s                  ; No                         ; No                         ; 2.75 V                      ; 4.25e-06 V                  ; 2.9 V              ; -0.107 V           ; 0.378 V                             ; 0.16 V                              ; 2.87e-10 s                 ; 4.28e-10 s                 ; No                        ; No                        ;
; HEX5[0] ; 2.5 V        ; 0 s                 ; 0 s                 ; 2.75 V                       ; 3.54e-06 V                   ; 2.81 V              ; -0.0578 V           ; 0.303 V                              ; 0.28 V                               ; 2.93e-10 s                  ; 3.01e-10 s                  ; No                         ; No                         ; 2.75 V                      ; 3.54e-06 V                  ; 2.81 V             ; -0.0578 V          ; 0.303 V                             ; 0.28 V                              ; 2.93e-10 s                 ; 3.01e-10 s                 ; No                        ; No                        ;
; HEX5[1] ; 2.5 V        ; 0 s                 ; 0 s                 ; 2.75 V                       ; 4.14e-06 V                   ; 2.91 V              ; -0.119 V            ; 0.326 V                              ; 0.298 V                              ; 2.74e-10 s                  ; 2.8e-10 s                   ; No                         ; No                         ; 2.75 V                      ; 4.14e-06 V                  ; 2.91 V             ; -0.119 V           ; 0.326 V                             ; 0.298 V                             ; 2.74e-10 s                 ; 2.8e-10 s                  ; No                        ; No                        ;
; HEX5[2] ; 2.5 V        ; 0 s                 ; 0 s                 ; 2.75 V                       ; 4.14e-06 V                   ; 2.91 V              ; -0.119 V            ; 0.326 V                              ; 0.298 V                              ; 2.74e-10 s                  ; 2.8e-10 s                   ; No                         ; No                         ; 2.75 V                      ; 4.14e-06 V                  ; 2.91 V             ; -0.119 V           ; 0.326 V                             ; 0.298 V                             ; 2.74e-10 s                 ; 2.8e-10 s                  ; No                        ; No                        ;
; HEX5[3] ; 2.5 V        ; 0 s                 ; 0 s                 ; 2.75 V                       ; 4.25e-06 V                   ; 2.9 V               ; -0.107 V            ; 0.378 V                              ; 0.16 V                               ; 2.87e-10 s                  ; 4.28e-10 s                  ; No                         ; No                         ; 2.75 V                      ; 4.25e-06 V                  ; 2.9 V              ; -0.107 V           ; 0.378 V                             ; 0.16 V                              ; 2.87e-10 s                 ; 4.28e-10 s                 ; No                        ; No                        ;
; HEX5[4] ; 2.5 V        ; 0 s                 ; 0 s                 ; 2.75 V                       ; 4.14e-06 V                   ; 2.91 V              ; -0.119 V            ; 0.326 V                              ; 0.298 V                              ; 2.74e-10 s                  ; 2.8e-10 s                   ; No                         ; No                         ; 2.75 V                      ; 4.14e-06 V                  ; 2.91 V             ; -0.119 V           ; 0.326 V                             ; 0.298 V                             ; 2.74e-10 s                 ; 2.8e-10 s                  ; No                        ; No                        ;
; HEX5[5] ; 2.5 V        ; 0 s                 ; 0 s                 ; 2.75 V                       ; 3.54e-06 V                   ; 2.81 V              ; -0.0578 V           ; 0.303 V                              ; 0.28 V                               ; 2.93e-10 s                  ; 3.01e-10 s                  ; No                         ; No                         ; 2.75 V                      ; 3.54e-06 V                  ; 2.81 V             ; -0.0578 V          ; 0.303 V                             ; 0.28 V                              ; 2.93e-10 s                 ; 3.01e-10 s                 ; No                        ; No                        ;
; HEX5[6] ; 2.5 V        ; 0 s                 ; 0 s                 ; 2.75 V                       ; 4.25e-06 V                   ; 2.9 V               ; -0.107 V            ; 0.378 V                              ; 0.16 V                               ; 2.87e-10 s                  ; 4.28e-10 s                  ; No                         ; No                         ; 2.75 V                      ; 4.25e-06 V                  ; 2.9 V              ; -0.107 V           ; 0.378 V                             ; 0.16 V                              ; 2.87e-10 s                 ; 4.28e-10 s                 ; No                        ; No                        ;
+---------+--------------+---------------------+---------------------+------------------------------+------------------------------+---------------------+---------------------+--------------------------------------+--------------------------------------+-----------------------------+-----------------------------+----------------------------+----------------------------+-----------------------------+-----------------------------+--------------------+--------------------+-------------------------------------+-------------------------------------+----------------------------+----------------------------+---------------------------+---------------------------+


+--------------------------------------------------------------------------------------------------------------------------------------------------------------------------------------------------------------------------------------------------------------------------------------------------------------------------------------------------------------------------------------------------------------------------------------------------------------------------------------------------------------------------------------------------------------------------------------------------------------------------------------------------------------------------------------+
; Signal Integrity Metrics (Fast 1100mv 85c Model)                                                                                                                                                                                                                                                                                                                                                                                                                                                                                                                                                                                                                                     ;
+---------+--------------+---------------------+---------------------+------------------------------+------------------------------+---------------------+---------------------+--------------------------------------+--------------------------------------+-----------------------------+-----------------------------+----------------------------+----------------------------+-----------------------------+-----------------------------+--------------------+--------------------+-------------------------------------+-------------------------------------+----------------------------+----------------------------+---------------------------+---------------------------+
; Pin     ; I/O Standard ; Board Delay on Rise ; Board Delay on Fall ; Steady State Voh at FPGA Pin ; Steady State Vol at FPGA Pin ; Voh Max at FPGA Pin ; Vol Min at FPGA Pin ; Ringback Voltage on Rise at FPGA Pin ; Ringback Voltage on Fall at FPGA Pin ; 10-90 Rise Time at FPGA Pin ; 90-10 Fall Time at FPGA Pin ; Monotonic Rise at FPGA Pin ; Monotonic Fall at FPGA Pin ; Steady State Voh at Far-end ; Steady State Vol at Far-end ; Voh Max at Far-end ; Vol Min at Far-end ; Ringback Voltage on Rise at Far-end ; Ringback Voltage on Fall at Far-end ; 10-90 Rise Time at Far-end ; 90-10 Fall Time at Far-end ; Monotonic Rise at Far-end ; Monotonic Fall at Far-end ;
+---------+--------------+---------------------+---------------------+------------------------------+------------------------------+---------------------+---------------------+--------------------------------------+--------------------------------------+-----------------------------+-----------------------------+----------------------------+----------------------------+-----------------------------+-----------------------------+--------------------+--------------------+-------------------------------------+-------------------------------------+----------------------------+----------------------------+---------------------------+---------------------------+
; LEDR[0] ; 2.5 V        ; 0 s                 ; 0 s                 ; 2.75 V                       ; 0.000247 V                   ; 2.85 V              ; -0.0711 V           ; 0.204 V                              ; 0.181 V                              ; 4.55e-10 s                  ; 4.49e-10 s                  ; No                         ; No                         ; 2.75 V                      ; 0.000247 V                  ; 2.85 V             ; -0.0711 V          ; 0.204 V                             ; 0.181 V                             ; 4.55e-10 s                 ; 4.49e-10 s                 ; No                        ; No                        ;
; LEDR[1] ; 2.5 V        ; 0 s                 ; 0 s                 ; 2.75 V                       ; 0.000242 V                   ; 2.86 V              ; -0.0814 V           ; 0.36 V                               ; 0.156 V                              ; 3e-10 s                     ; 4.34e-10 s                  ; No                         ; No                         ; 2.75 V                      ; 0.000242 V                  ; 2.86 V             ; -0.0814 V          ; 0.36 V                              ; 0.156 V                             ; 3e-10 s                    ; 4.34e-10 s                 ; No                        ; No                        ;
; LEDR[2] ; 2.5 V        ; 0 s                 ; 0 s                 ; 2.75 V                       ; 0.000242 V                   ; 2.86 V              ; -0.0805 V           ; 0.358 V                              ; 0.156 V                              ; 3.01e-10 s                  ; 4.34e-10 s                  ; No                         ; No                         ; 2.75 V                      ; 0.000242 V                  ; 2.86 V             ; -0.0805 V          ; 0.358 V                             ; 0.156 V                             ; 3.01e-10 s                 ; 4.34e-10 s                 ; No                        ; No                        ;
; LEDR[3] ; 2.5 V        ; 0 s                 ; 0 s                 ; 2.75 V                       ; 0.000213 V                   ; 2.79 V              ; -0.0324 V           ; 0.139 V                              ; 0.119 V                              ; 4.42e-10 s                  ; 4.33e-10 s                  ; No                         ; Yes                        ; 2.75 V                      ; 0.000213 V                  ; 2.79 V             ; -0.0324 V          ; 0.139 V                             ; 0.119 V                             ; 4.42e-10 s                 ; 4.33e-10 s                 ; No                        ; Yes                       ;
; LEDR[4] ; 2.5 V        ; 0 s                 ; 0 s                 ; 2.75 V                       ; 0.000242 V                   ; 2.86 V              ; -0.0805 V           ; 0.358 V                              ; 0.156 V                              ; 3.01e-10 s                  ; 4.34e-10 s                  ; No                         ; No                         ; 2.75 V                      ; 0.000242 V                  ; 2.86 V             ; -0.0805 V          ; 0.358 V                             ; 0.156 V                             ; 3.01e-10 s                 ; 4.34e-10 s                 ; No                        ; No                        ;
; LEDR[5] ; 2.5 V        ; 0 s                 ; 0 s                 ; 2.75 V                       ; 0.000213 V                   ; 2.79 V              ; -0.0324 V           ; 0.139 V                              ; 0.119 V                              ; 4.42e-10 s                  ; 4.33e-10 s                  ; No                         ; Yes                        ; 2.75 V                      ; 0.000213 V                  ; 2.79 V             ; -0.0324 V          ; 0.139 V                             ; 0.119 V                             ; 4.42e-10 s                 ; 4.33e-10 s                 ; No                        ; Yes                       ;
; LEDR[6] ; 2.5 V        ; 0 s                 ; 0 s                 ; 2.75 V                       ; 0.000242 V                   ; 2.86 V              ; -0.0814 V           ; 0.36 V                               ; 0.156 V                              ; 3e-10 s                     ; 4.34e-10 s                  ; No                         ; No                         ; 2.75 V                      ; 0.000242 V                  ; 2.86 V             ; -0.0814 V          ; 0.36 V                              ; 0.156 V                             ; 3e-10 s                    ; 4.34e-10 s                 ; No                        ; No                        ;
; LEDR[7] ; 2.5 V        ; 0 s                 ; 0 s                 ; 2.75 V                       ; 0.000242 V                   ; 2.86 V              ; -0.0814 V           ; 0.36 V                               ; 0.156 V                              ; 3e-10 s                     ; 4.34e-10 s                  ; No                         ; No                         ; 2.75 V                      ; 0.000242 V                  ; 2.86 V             ; -0.0814 V          ; 0.36 V                              ; 0.156 V                             ; 3e-10 s                    ; 4.34e-10 s                 ; No                        ; No                        ;
; LEDR[8] ; 2.5 V        ; 0 s                 ; 0 s                 ; 2.75 V                       ; 0.000213 V                   ; 2.79 V              ; -0.0324 V           ; 0.139 V                              ; 0.119 V                              ; 4.42e-10 s                  ; 4.33e-10 s                  ; No                         ; Yes                        ; 2.75 V                      ; 0.000213 V                  ; 2.79 V             ; -0.0324 V          ; 0.139 V                             ; 0.119 V                             ; 4.42e-10 s                 ; 4.33e-10 s                 ; No                        ; Yes                       ;
; LEDR[9] ; 2.5 V        ; 0 s                 ; 0 s                 ; 2.75 V                       ; 0.000247 V                   ; 2.85 V              ; -0.0711 V           ; 0.204 V                              ; 0.181 V                              ; 4.55e-10 s                  ; 4.49e-10 s                  ; No                         ; No                         ; 2.75 V                      ; 0.000247 V                  ; 2.85 V             ; -0.0711 V          ; 0.204 V                             ; 0.181 V                             ; 4.55e-10 s                 ; 4.49e-10 s                 ; No                        ; No                        ;
; HEX0[0] ; 2.5 V        ; 0 s                 ; 0 s                 ; 2.75 V                       ; 0.000242 V                   ; 2.86 V              ; -0.0814 V           ; 0.36 V                               ; 0.156 V                              ; 3e-10 s                     ; 4.34e-10 s                  ; No                         ; No                         ; 2.75 V                      ; 0.000242 V                  ; 2.86 V             ; -0.0814 V          ; 0.36 V                              ; 0.156 V                             ; 3e-10 s                    ; 4.34e-10 s                 ; No                        ; No                        ;
; HEX0[1] ; 2.5 V        ; 0 s                 ; 0 s                 ; 2.75 V                       ; 0.000213 V                   ; 2.79 V              ; -0.0324 V           ; 0.139 V                              ; 0.119 V                              ; 4.42e-10 s                  ; 4.33e-10 s                  ; No                         ; Yes                        ; 2.75 V                      ; 0.000213 V                  ; 2.79 V             ; -0.0324 V          ; 0.139 V                             ; 0.119 V                             ; 4.42e-10 s                 ; 4.33e-10 s                 ; No                        ; Yes                       ;
; HEX0[2] ; 2.5 V        ; 0 s                 ; 0 s                 ; 2.75 V                       ; 0.000242 V                   ; 2.86 V              ; -0.0814 V           ; 0.36 V                               ; 0.156 V                              ; 3e-10 s                     ; 4.34e-10 s                  ; No                         ; No                         ; 2.75 V                      ; 0.000242 V                  ; 2.86 V             ; -0.0814 V          ; 0.36 V                              ; 0.156 V                             ; 3e-10 s                    ; 4.34e-10 s                 ; No                        ; No                        ;
; HEX0[3] ; 2.5 V        ; 0 s                 ; 0 s                 ; 2.75 V                       ; 0.000242 V                   ; 2.86 V              ; -0.0805 V           ; 0.358 V                              ; 0.156 V                              ; 3.01e-10 s                  ; 4.34e-10 s                  ; No                         ; No                         ; 2.75 V                      ; 0.000242 V                  ; 2.86 V             ; -0.0805 V          ; 0.358 V                             ; 0.156 V                             ; 3.01e-10 s                 ; 4.34e-10 s                 ; No                        ; No                        ;
; HEX0[4] ; 2.5 V        ; 0 s                 ; 0 s                 ; 2.75 V                       ; 0.000247 V                   ; 2.85 V              ; -0.0711 V           ; 0.204 V                              ; 0.181 V                              ; 4.55e-10 s                  ; 4.49e-10 s                  ; No                         ; No                         ; 2.75 V                      ; 0.000247 V                  ; 2.85 V             ; -0.0711 V          ; 0.204 V                             ; 0.181 V                             ; 4.55e-10 s                 ; 4.49e-10 s                 ; No                        ; No                        ;
; HEX0[5] ; 2.5 V        ; 0 s                 ; 0 s                 ; 2.75 V                       ; 0.000247 V                   ; 2.85 V              ; -0.0711 V           ; 0.204 V                              ; 0.181 V                              ; 4.55e-10 s                  ; 4.49e-10 s                  ; No                         ; No                         ; 2.75 V                      ; 0.000247 V                  ; 2.85 V             ; -0.0711 V          ; 0.204 V                             ; 0.181 V                             ; 4.55e-10 s                 ; 4.49e-10 s                 ; No                        ; No                        ;
; HEX0[6] ; 2.5 V        ; 0 s                 ; 0 s                 ; 2.75 V                       ; 0.000247 V                   ; 2.85 V              ; -0.0711 V           ; 0.204 V                              ; 0.181 V                              ; 4.55e-10 s                  ; 4.49e-10 s                  ; No                         ; No                         ; 2.75 V                      ; 0.000247 V                  ; 2.85 V             ; -0.0711 V          ; 0.204 V                             ; 0.181 V                             ; 4.55e-10 s                 ; 4.49e-10 s                 ; No                        ; No                        ;
; HEX1[0] ; 2.5 V        ; 0 s                 ; 0 s                 ; 2.75 V                       ; 0.000242 V                   ; 2.86 V              ; -0.0814 V           ; 0.36 V                               ; 0.156 V                              ; 3e-10 s                     ; 4.34e-10 s                  ; No                         ; No                         ; 2.75 V                      ; 0.000242 V                  ; 2.86 V             ; -0.0814 V          ; 0.36 V                              ; 0.156 V                             ; 3e-10 s                    ; 4.34e-10 s                 ; No                        ; No                        ;
; HEX1[1] ; 2.5 V        ; 0 s                 ; 0 s                 ; 2.75 V                       ; 0.000247 V                   ; 2.85 V              ; -0.0711 V           ; 0.204 V                              ; 0.181 V                              ; 4.55e-10 s                  ; 4.49e-10 s                  ; No                         ; No                         ; 2.75 V                      ; 0.000247 V                  ; 2.85 V             ; -0.0711 V          ; 0.204 V                             ; 0.181 V                             ; 4.55e-10 s                 ; 4.49e-10 s                 ; No                        ; No                        ;
; HEX1[2] ; 2.5 V        ; 0 s                 ; 0 s                 ; 2.75 V                       ; 0.000242 V                   ; 2.86 V              ; -0.0805 V           ; 0.358 V                              ; 0.156 V                              ; 3.01e-10 s                  ; 4.34e-10 s                  ; No                         ; No                         ; 2.75 V                      ; 0.000242 V                  ; 2.86 V             ; -0.0805 V          ; 0.358 V                             ; 0.156 V                             ; 3.01e-10 s                 ; 4.34e-10 s                 ; No                        ; No                        ;
; HEX1[3] ; 2.5 V        ; 0 s                 ; 0 s                 ; 2.75 V                       ; 0.000242 V                   ; 2.86 V              ; -0.0805 V           ; 0.358 V                              ; 0.156 V                              ; 3.01e-10 s                  ; 4.34e-10 s                  ; No                         ; No                         ; 2.75 V                      ; 0.000242 V                  ; 2.86 V             ; -0.0805 V          ; 0.358 V                             ; 0.156 V                             ; 3.01e-10 s                 ; 4.34e-10 s                 ; No                        ; No                        ;
; HEX1[4] ; 2.5 V        ; 0 s                 ; 0 s                 ; 2.75 V                       ; 0.000213 V                   ; 2.79 V              ; -0.0324 V           ; 0.139 V                              ; 0.119 V                              ; 4.42e-10 s                  ; 4.33e-10 s                  ; No                         ; Yes                        ; 2.75 V                      ; 0.000213 V                  ; 2.79 V             ; -0.0324 V          ; 0.139 V                             ; 0.119 V                             ; 4.42e-10 s                 ; 4.33e-10 s                 ; No                        ; Yes                       ;
; HEX1[5] ; 2.5 V        ; 0 s                 ; 0 s                 ; 2.75 V                       ; 0.000213 V                   ; 2.79 V              ; -0.0324 V           ; 0.139 V                              ; 0.119 V                              ; 4.42e-10 s                  ; 4.33e-10 s                  ; No                         ; Yes                        ; 2.75 V                      ; 0.000213 V                  ; 2.79 V             ; -0.0324 V          ; 0.139 V                             ; 0.119 V                             ; 4.42e-10 s                 ; 4.33e-10 s                 ; No                        ; Yes                       ;
; HEX1[6] ; 2.5 V        ; 0 s                 ; 0 s                 ; 2.75 V                       ; 0.000242 V                   ; 2.86 V              ; -0.0805 V           ; 0.358 V                              ; 0.156 V                              ; 3.01e-10 s                  ; 4.34e-10 s                  ; No                         ; No                         ; 2.75 V                      ; 0.000242 V                  ; 2.86 V             ; -0.0805 V          ; 0.358 V                             ; 0.156 V                             ; 3.01e-10 s                 ; 4.34e-10 s                 ; No                        ; No                        ;
; HEX2[0] ; 2.5 V        ; 0 s                 ; 0 s                 ; 2.75 V                       ; 0.000247 V                   ; 2.85 V              ; -0.0711 V           ; 0.204 V                              ; 0.181 V                              ; 4.55e-10 s                  ; 4.49e-10 s                  ; No                         ; No                         ; 2.75 V                      ; 0.000247 V                  ; 2.85 V             ; -0.0711 V          ; 0.204 V                             ; 0.181 V                             ; 4.55e-10 s                 ; 4.49e-10 s                 ; No                        ; No                        ;
; HEX2[1] ; 2.5 V        ; 0 s                 ; 0 s                 ; 2.75 V                       ; 0.000242 V                   ; 2.86 V              ; -0.0814 V           ; 0.36 V                               ; 0.156 V                              ; 3e-10 s                     ; 4.34e-10 s                  ; No                         ; No                         ; 2.75 V                      ; 0.000242 V                  ; 2.86 V             ; -0.0814 V          ; 0.36 V                              ; 0.156 V                             ; 3e-10 s                    ; 4.34e-10 s                 ; No                        ; No                        ;
; HEX2[2] ; 2.5 V        ; 0 s                 ; 0 s                 ; 2.75 V                       ; 0.000213 V                   ; 2.79 V              ; -0.0324 V           ; 0.139 V                              ; 0.119 V                              ; 4.42e-10 s                  ; 4.33e-10 s                  ; No                         ; Yes                        ; 2.75 V                      ; 0.000213 V                  ; 2.79 V             ; -0.0324 V          ; 0.139 V                             ; 0.119 V                             ; 4.42e-10 s                 ; 4.33e-10 s                 ; No                        ; Yes                       ;
; HEX2[3] ; 2.5 V        ; 0 s                 ; 0 s                 ; 2.75 V                       ; 0.000242 V                   ; 2.86 V              ; -0.0814 V           ; 0.36 V                               ; 0.156 V                              ; 3e-10 s                     ; 4.34e-10 s                  ; No                         ; No                         ; 2.75 V                      ; 0.000242 V                  ; 2.86 V             ; -0.0814 V          ; 0.36 V                              ; 0.156 V                             ; 3e-10 s                    ; 4.34e-10 s                 ; No                        ; No                        ;
; HEX2[4] ; 2.5 V        ; 0 s                 ; 0 s                 ; 2.75 V                       ; 0.000247 V                   ; 2.85 V              ; -0.0711 V           ; 0.204 V                              ; 0.181 V                              ; 4.55e-10 s                  ; 4.49e-10 s                  ; No                         ; No                         ; 2.75 V                      ; 0.000247 V                  ; 2.85 V             ; -0.0711 V          ; 0.204 V                             ; 0.181 V                             ; 4.55e-10 s                 ; 4.49e-10 s                 ; No                        ; No                        ;
; HEX2[5] ; 2.5 V        ; 0 s                 ; 0 s                 ; 2.75 V                       ; 0.000247 V                   ; 2.85 V              ; -0.0711 V           ; 0.204 V                              ; 0.181 V                              ; 4.55e-10 s                  ; 4.49e-10 s                  ; No                         ; No                         ; 2.75 V                      ; 0.000247 V                  ; 2.85 V             ; -0.0711 V          ; 0.204 V                             ; 0.181 V                             ; 4.55e-10 s                 ; 4.49e-10 s                 ; No                        ; No                        ;
; HEX2[6] ; 2.5 V        ; 0 s                 ; 0 s                 ; 2.75 V                       ; 0.000242 V                   ; 2.86 V              ; -0.0814 V           ; 0.36 V                               ; 0.156 V                              ; 3e-10 s                     ; 4.34e-10 s                  ; No                         ; No                         ; 2.75 V                      ; 0.000242 V                  ; 2.86 V             ; -0.0814 V          ; 0.36 V                              ; 0.156 V                             ; 3e-10 s                    ; 4.34e-10 s                 ; No                        ; No                        ;
; HEX3[0] ; 2.5 V        ; 0 s                 ; 0 s                 ; 2.75 V                       ; 0.000213 V                   ; 2.79 V              ; -0.0324 V           ; 0.139 V                              ; 0.119 V                              ; 4.42e-10 s                  ; 4.33e-10 s                  ; No                         ; Yes                        ; 2.75 V                      ; 0.000213 V                  ; 2.79 V             ; -0.0324 V          ; 0.139 V                             ; 0.119 V                             ; 4.42e-10 s                 ; 4.33e-10 s                 ; No                        ; Yes                       ;
; HEX3[1] ; 2.5 V        ; 0 s                 ; 0 s                 ; 2.75 V                       ; 0.000247 V                   ; 2.85 V              ; -0.0711 V           ; 0.204 V                              ; 0.181 V                              ; 4.55e-10 s                  ; 4.49e-10 s                  ; No                         ; No                         ; 2.75 V                      ; 0.000247 V                  ; 2.85 V             ; -0.0711 V          ; 0.204 V                             ; 0.181 V                             ; 4.55e-10 s                 ; 4.49e-10 s                 ; No                        ; No                        ;
; HEX3[2] ; 2.5 V        ; 0 s                 ; 0 s                 ; 2.75 V                       ; 0.000242 V                   ; 2.86 V              ; -0.0814 V           ; 0.36 V                               ; 0.156 V                              ; 3e-10 s                     ; 4.34e-10 s                  ; No                         ; No                         ; 2.75 V                      ; 0.000242 V                  ; 2.86 V             ; -0.0814 V          ; 0.36 V                              ; 0.156 V                             ; 3e-10 s                    ; 4.34e-10 s                 ; No                        ; No                        ;
; HEX3[3] ; 2.5 V        ; 0 s                 ; 0 s                 ; 2.75 V                       ; 0.000213 V                   ; 2.79 V              ; -0.0324 V           ; 0.139 V                              ; 0.119 V                              ; 4.42e-10 s                  ; 4.33e-10 s                  ; No                         ; Yes                        ; 2.75 V                      ; 0.000213 V                  ; 2.79 V             ; -0.0324 V          ; 0.139 V                             ; 0.119 V                             ; 4.42e-10 s                 ; 4.33e-10 s                 ; No                        ; Yes                       ;
; HEX3[4] ; 2.5 V        ; 0 s                 ; 0 s                 ; 2.75 V                       ; 0.000242 V                   ; 2.86 V              ; -0.0814 V           ; 0.36 V                               ; 0.156 V                              ; 3e-10 s                     ; 4.34e-10 s                  ; No                         ; No                         ; 2.75 V                      ; 0.000242 V                  ; 2.86 V             ; -0.0814 V          ; 0.36 V                              ; 0.156 V                             ; 3e-10 s                    ; 4.34e-10 s                 ; No                        ; No                        ;
; HEX3[5] ; 2.5 V        ; 0 s                 ; 0 s                 ; 2.75 V                       ; 0.000213 V                   ; 2.79 V              ; -0.0324 V           ; 0.139 V                              ; 0.119 V                              ; 4.42e-10 s                  ; 4.33e-10 s                  ; No                         ; Yes                        ; 2.75 V                      ; 0.000213 V                  ; 2.79 V             ; -0.0324 V          ; 0.139 V                             ; 0.119 V                             ; 4.42e-10 s                 ; 4.33e-10 s                 ; No                        ; Yes                       ;
; HEX3[6] ; 2.5 V        ; 0 s                 ; 0 s                 ; 2.75 V                       ; 0.000247 V                   ; 2.85 V              ; -0.0711 V           ; 0.204 V                              ; 0.181 V                              ; 4.55e-10 s                  ; 4.49e-10 s                  ; No                         ; No                         ; 2.75 V                      ; 0.000247 V                  ; 2.85 V             ; -0.0711 V          ; 0.204 V                             ; 0.181 V                             ; 4.55e-10 s                 ; 4.49e-10 s                 ; No                        ; No                        ;
; HEX4[0] ; 2.5 V        ; 0 s                 ; 0 s                 ; 2.75 V                       ; 0.000247 V                   ; 2.85 V              ; -0.0711 V           ; 0.204 V                              ; 0.181 V                              ; 4.55e-10 s                  ; 4.49e-10 s                  ; No                         ; No                         ; 2.75 V                      ; 0.000247 V                  ; 2.85 V             ; -0.0711 V          ; 0.204 V                             ; 0.181 V                             ; 4.55e-10 s                 ; 4.49e-10 s                 ; No                        ; No                        ;
; HEX4[1] ; 2.5 V        ; 0 s                 ; 0 s                 ; 2.75 V                       ; 0.000242 V                   ; 2.86 V              ; -0.0814 V           ; 0.36 V                               ; 0.156 V                              ; 3e-10 s                     ; 4.34e-10 s                  ; No                         ; No                         ; 2.75 V                      ; 0.000242 V                  ; 2.86 V             ; -0.0814 V          ; 0.36 V                              ; 0.156 V                             ; 3e-10 s                    ; 4.34e-10 s                 ; No                        ; No                        ;
; HEX4[2] ; 2.5 V        ; 0 s                 ; 0 s                 ; 2.75 V                       ; 0.000242 V                   ; 2.86 V              ; -0.0805 V           ; 0.358 V                              ; 0.156 V                              ; 3.01e-10 s                  ; 4.34e-10 s                  ; No                         ; No                         ; 2.75 V                      ; 0.000242 V                  ; 2.86 V             ; -0.0805 V          ; 0.358 V                             ; 0.156 V                             ; 3.01e-10 s                 ; 4.34e-10 s                 ; No                        ; No                        ;
; HEX4[3] ; 2.5 V        ; 0 s                 ; 0 s                 ; 2.75 V                       ; 0.000242 V                   ; 2.86 V              ; -0.0814 V           ; 0.36 V                               ; 0.156 V                              ; 3e-10 s                     ; 4.34e-10 s                  ; No                         ; No                         ; 2.75 V                      ; 0.000242 V                  ; 2.86 V             ; -0.0814 V          ; 0.36 V                              ; 0.156 V                             ; 3e-10 s                    ; 4.34e-10 s                 ; No                        ; No                        ;
; HEX4[4] ; 2.5 V        ; 0 s                 ; 0 s                 ; 2.75 V                       ; 0.000213 V                   ; 2.79 V              ; -0.0324 V           ; 0.139 V                              ; 0.119 V                              ; 4.42e-10 s                  ; 4.33e-10 s                  ; No                         ; Yes                        ; 2.75 V                      ; 0.000213 V                  ; 2.79 V             ; -0.0324 V          ; 0.139 V                             ; 0.119 V                             ; 4.42e-10 s                 ; 4.33e-10 s                 ; No                        ; Yes                       ;
; HEX4[5] ; 2.5 V        ; 0 s                 ; 0 s                 ; 2.75 V                       ; 0.000213 V                   ; 2.79 V              ; -0.0324 V           ; 0.139 V                              ; 0.119 V                              ; 4.42e-10 s                  ; 4.33e-10 s                  ; No                         ; Yes                        ; 2.75 V                      ; 0.000213 V                  ; 2.79 V             ; -0.0324 V          ; 0.139 V                             ; 0.119 V                             ; 4.42e-10 s                 ; 4.33e-10 s                 ; No                        ; Yes                       ;
; HEX4[6] ; 2.5 V        ; 0 s                 ; 0 s                 ; 2.75 V                       ; 0.000247 V                   ; 2.85 V              ; -0.0711 V           ; 0.204 V                              ; 0.181 V                              ; 4.55e-10 s                  ; 4.49e-10 s                  ; No                         ; No                         ; 2.75 V                      ; 0.000247 V                  ; 2.85 V             ; -0.0711 V          ; 0.204 V                             ; 0.181 V                             ; 4.55e-10 s                 ; 4.49e-10 s                 ; No                        ; No                        ;
; HEX5[0] ; 2.5 V        ; 0 s                 ; 0 s                 ; 2.75 V                       ; 0.000213 V                   ; 2.79 V              ; -0.0324 V           ; 0.139 V                              ; 0.119 V                              ; 4.42e-10 s                  ; 4.33e-10 s                  ; No                         ; Yes                        ; 2.75 V                      ; 0.000213 V                  ; 2.79 V             ; -0.0324 V          ; 0.139 V                             ; 0.119 V                             ; 4.42e-10 s                 ; 4.33e-10 s                 ; No                        ; Yes                       ;
; HEX5[1] ; 2.5 V        ; 0 s                 ; 0 s                 ; 2.75 V                       ; 0.000242 V                   ; 2.86 V              ; -0.0805 V           ; 0.358 V                              ; 0.156 V                              ; 3.01e-10 s                  ; 4.34e-10 s                  ; No                         ; No                         ; 2.75 V                      ; 0.000242 V                  ; 2.86 V             ; -0.0805 V          ; 0.358 V                             ; 0.156 V                             ; 3.01e-10 s                 ; 4.34e-10 s                 ; No                        ; No                        ;
; HEX5[2] ; 2.5 V        ; 0 s                 ; 0 s                 ; 2.75 V                       ; 0.000242 V                   ; 2.86 V              ; -0.0805 V           ; 0.358 V                              ; 0.156 V                              ; 3.01e-10 s                  ; 4.34e-10 s                  ; No                         ; No                         ; 2.75 V                      ; 0.000242 V                  ; 2.86 V             ; -0.0805 V          ; 0.358 V                             ; 0.156 V                             ; 3.01e-10 s                 ; 4.34e-10 s                 ; No                        ; No                        ;
; HEX5[3] ; 2.5 V        ; 0 s                 ; 0 s                 ; 2.75 V                       ; 0.000247 V                   ; 2.85 V              ; -0.0711 V           ; 0.204 V                              ; 0.181 V                              ; 4.55e-10 s                  ; 4.49e-10 s                  ; No                         ; No                         ; 2.75 V                      ; 0.000247 V                  ; 2.85 V             ; -0.0711 V          ; 0.204 V                             ; 0.181 V                             ; 4.55e-10 s                 ; 4.49e-10 s                 ; No                        ; No                        ;
; HEX5[4] ; 2.5 V        ; 0 s                 ; 0 s                 ; 2.75 V                       ; 0.000242 V                   ; 2.86 V              ; -0.0805 V           ; 0.358 V                              ; 0.156 V                              ; 3.01e-10 s                  ; 4.34e-10 s                  ; No                         ; No                         ; 2.75 V                      ; 0.000242 V                  ; 2.86 V             ; -0.0805 V          ; 0.358 V                             ; 0.156 V                             ; 3.01e-10 s                 ; 4.34e-10 s                 ; No                        ; No                        ;
; HEX5[5] ; 2.5 V        ; 0 s                 ; 0 s                 ; 2.75 V                       ; 0.000213 V                   ; 2.79 V              ; -0.0324 V           ; 0.139 V                              ; 0.119 V                              ; 4.42e-10 s                  ; 4.33e-10 s                  ; No                         ; Yes                        ; 2.75 V                      ; 0.000213 V                  ; 2.79 V             ; -0.0324 V          ; 0.139 V                             ; 0.119 V                             ; 4.42e-10 s                 ; 4.33e-10 s                 ; No                        ; Yes                       ;
; HEX5[6] ; 2.5 V        ; 0 s                 ; 0 s                 ; 2.75 V                       ; 0.000247 V                   ; 2.85 V              ; -0.0711 V           ; 0.204 V                              ; 0.181 V                              ; 4.55e-10 s                  ; 4.49e-10 s                  ; No                         ; No                         ; 2.75 V                      ; 0.000247 V                  ; 2.85 V             ; -0.0711 V          ; 0.204 V                             ; 0.181 V                             ; 4.55e-10 s                 ; 4.49e-10 s                 ; No                        ; No                        ;
+---------+--------------+---------------------+---------------------+------------------------------+------------------------------+---------------------+---------------------+--------------------------------------+--------------------------------------+-----------------------------+-----------------------------+----------------------------+----------------------------+-----------------------------+-----------------------------+--------------------+--------------------+-------------------------------------+-------------------------------------+----------------------------+----------------------------+---------------------------+---------------------------+


+--------------------------------------------------------------------+
; Setup Transfers                                                    ;
+------------+----------+----------+----------+----------+-----------+
; From Clock ; To Clock ; RR Paths ; FR Paths ; RF Paths ; FF Paths  ;
+------------+----------+----------+----------+----------+-----------+
; KEY[0]     ; KEY[0]   ; 0        ; 0        ; 0        ; 179059027 ;
+------------+----------+----------+----------+----------+-----------+
Entries labeled "false path" only account for clock-to-clock false paths and not path-based false paths. As a result, actual path counts may be lower than reported.


+--------------------------------------------------------------------+
; Hold Transfers                                                     ;
+------------+----------+----------+----------+----------+-----------+
; From Clock ; To Clock ; RR Paths ; FR Paths ; RF Paths ; FF Paths  ;
+------------+----------+----------+----------+----------+-----------+
; KEY[0]     ; KEY[0]   ; 0        ; 0        ; 0        ; 179059027 ;
+------------+----------+----------+----------+----------+-----------+
Entries labeled "false path" only account for clock-to-clock false paths and not path-based false paths. As a result, actual path counts may be lower than reported.


---------------
; Report TCCS ;
---------------
No dedicated SERDES Transmitter circuitry present in device or used in design


---------------
; Report RSKM ;
---------------
No non-DPA dedicated SERDES Receiver circuitry present in device or used in design


+------------------------------------------------+
; Unconstrained Paths Summary                    ;
+---------------------------------+-------+------+
; Property                        ; Setup ; Hold ;
+---------------------------------+-------+------+
; Illegal Clocks                  ; 0     ; 0    ;
; Unconstrained Clocks            ; 0     ; 0    ;
; Unconstrained Input Ports       ; 3     ; 3    ;
; Unconstrained Input Port Paths  ; 597   ; 597  ;
; Unconstrained Output Ports      ; 52    ; 52   ;
; Unconstrained Output Port Paths ; 6351  ; 6351 ;
+---------------------------------+-------+------+


+--------------------------------------+
; Clock Status Summary                 ;
+--------+--------+------+-------------+
; Target ; Clock  ; Type ; Status      ;
+--------+--------+------+-------------+
; KEY[0] ; KEY[0] ; Base ; Constrained ;
+--------+--------+------+-------------+


+---------------------------------------------------------------------------------------------------+
; Unconstrained Input Ports                                                                         ;
+------------+--------------------------------------------------------------------------------------+
; Input Port ; Comment                                                                              ;
+------------+--------------------------------------------------------------------------------------+
; KEY[1]     ; No input delay, min/max delays, false-path exceptions, or max skew assignments found ;
; SW[0]      ; No input delay, min/max delays, false-path exceptions, or max skew assignments found ;
; SW[1]      ; No input delay, min/max delays, false-path exceptions, or max skew assignments found ;
+------------+--------------------------------------------------------------------------------------+


+-----------------------------------------------------------------------------------------------------+
; Unconstrained Output Ports                                                                          ;
+-------------+---------------------------------------------------------------------------------------+
; Output Port ; Comment                                                                               ;
+-------------+---------------------------------------------------------------------------------------+
; HEX0[0]     ; No output delay, min/max delays, false-path exceptions, or max skew assignments found ;
; HEX0[1]     ; No output delay, min/max delays, false-path exceptions, or max skew assignments found ;
; HEX0[2]     ; No output delay, min/max delays, false-path exceptions, or max skew assignments found ;
; HEX0[3]     ; No output delay, min/max delays, false-path exceptions, or max skew assignments found ;
; HEX0[4]     ; No output delay, min/max delays, false-path exceptions, or max skew assignments found ;
; HEX0[5]     ; No output delay, min/max delays, false-path exceptions, or max skew assignments found ;
; HEX0[6]     ; No output delay, min/max delays, false-path exceptions, or max skew assignments found ;
; HEX1[0]     ; No output delay, min/max delays, false-path exceptions, or max skew assignments found ;
; HEX1[1]     ; No output delay, min/max delays, false-path exceptions, or max skew assignments found ;
; HEX1[2]     ; No output delay, min/max delays, false-path exceptions, or max skew assignments found ;
; HEX1[3]     ; No output delay, min/max delays, false-path exceptions, or max skew assignments found ;
; HEX1[4]     ; No output delay, min/max delays, false-path exceptions, or max skew assignments found ;
; HEX1[5]     ; No output delay, min/max delays, false-path exceptions, or max skew assignments found ;
; HEX1[6]     ; No output delay, min/max delays, false-path exceptions, or max skew assignments found ;
; HEX2[0]     ; No output delay, min/max delays, false-path exceptions, or max skew assignments found ;
; HEX2[1]     ; No output delay, min/max delays, false-path exceptions, or max skew assignments found ;
; HEX2[2]     ; No output delay, min/max delays, false-path exceptions, or max skew assignments found ;
; HEX2[3]     ; No output delay, min/max delays, false-path exceptions, or max skew assignments found ;
; HEX2[4]     ; No output delay, min/max delays, false-path exceptions, or max skew assignments found ;
; HEX2[5]     ; No output delay, min/max delays, false-path exceptions, or max skew assignments found ;
; HEX2[6]     ; No output delay, min/max delays, false-path exceptions, or max skew assignments found ;
; HEX3[0]     ; No output delay, min/max delays, false-path exceptions, or max skew assignments found ;
; HEX3[1]     ; No output delay, min/max delays, false-path exceptions, or max skew assignments found ;
; HEX3[2]     ; No output delay, min/max delays, false-path exceptions, or max skew assignments found ;
; HEX3[3]     ; No output delay, min/max delays, false-path exceptions, or max skew assignments found ;
; HEX3[4]     ; No output delay, min/max delays, false-path exceptions, or max skew assignments found ;
; HEX3[5]     ; No output delay, min/max delays, false-path exceptions, or max skew assignments found ;
; HEX3[6]     ; No output delay, min/max delays, false-path exceptions, or max skew assignments found ;
; HEX4[0]     ; No output delay, min/max delays, false-path exceptions, or max skew assignments found ;
; HEX4[1]     ; No output delay, min/max delays, false-path exceptions, or max skew assignments found ;
; HEX4[2]     ; No output delay, min/max delays, false-path exceptions, or max skew assignments found ;
; HEX4[3]     ; No output delay, min/max delays, false-path exceptions, or max skew assignments found ;
; HEX4[4]     ; No output delay, min/max delays, false-path exceptions, or max skew assignments found ;
; HEX4[5]     ; No output delay, min/max delays, false-path exceptions, or max skew assignments found ;
; HEX4[6]     ; No output delay, min/max delays, false-path exceptions, or max skew assignments found ;
; HEX5[0]     ; No output delay, min/max delays, false-path exceptions, or max skew assignments found ;
; HEX5[1]     ; No output delay, min/max delays, false-path exceptions, or max skew assignments found ;
; HEX5[2]     ; No output delay, min/max delays, false-path exceptions, or max skew assignments found ;
; HEX5[3]     ; No output delay, min/max delays, false-path exceptions, or max skew assignments found ;
; HEX5[4]     ; No output delay, min/max delays, false-path exceptions, or max skew assignments found ;
; HEX5[5]     ; No output delay, min/max delays, false-path exceptions, or max skew assignments found ;
; HEX5[6]     ; No output delay, min/max delays, false-path exceptions, or max skew assignments found ;
; LEDR[0]     ; No output delay, min/max delays, false-path exceptions, or max skew assignments found ;
; LEDR[1]     ; No output delay, min/max delays, false-path exceptions, or max skew assignments found ;
; LEDR[2]     ; No output delay, min/max delays, false-path exceptions, or max skew assignments found ;
; LEDR[3]     ; No output delay, min/max delays, false-path exceptions, or max skew assignments found ;
; LEDR[4]     ; No output delay, min/max delays, false-path exceptions, or max skew assignments found ;
; LEDR[5]     ; No output delay, min/max delays, false-path exceptions, or max skew assignments found ;
; LEDR[6]     ; No output delay, min/max delays, false-path exceptions, or max skew assignments found ;
; LEDR[7]     ; No output delay, min/max delays, false-path exceptions, or max skew assignments found ;
; LEDR[8]     ; No output delay, min/max delays, false-path exceptions, or max skew assignments found ;
; LEDR[9]     ; No output delay, min/max delays, false-path exceptions, or max skew assignments found ;
+-------------+---------------------------------------------------------------------------------------+


+---------------------------------------------------------------------------------------------------+
; Unconstrained Input Ports                                                                         ;
+------------+--------------------------------------------------------------------------------------+
; Input Port ; Comment                                                                              ;
+------------+--------------------------------------------------------------------------------------+
; KEY[1]     ; No input delay, min/max delays, false-path exceptions, or max skew assignments found ;
; SW[0]      ; No input delay, min/max delays, false-path exceptions, or max skew assignments found ;
; SW[1]      ; No input delay, min/max delays, false-path exceptions, or max skew assignments found ;
+------------+--------------------------------------------------------------------------------------+


+-----------------------------------------------------------------------------------------------------+
; Unconstrained Output Ports                                                                          ;
+-------------+---------------------------------------------------------------------------------------+
; Output Port ; Comment                                                                               ;
+-------------+---------------------------------------------------------------------------------------+
; HEX0[0]     ; No output delay, min/max delays, false-path exceptions, or max skew assignments found ;
; HEX0[1]     ; No output delay, min/max delays, false-path exceptions, or max skew assignments found ;
; HEX0[2]     ; No output delay, min/max delays, false-path exceptions, or max skew assignments found ;
; HEX0[3]     ; No output delay, min/max delays, false-path exceptions, or max skew assignments found ;
; HEX0[4]     ; No output delay, min/max delays, false-path exceptions, or max skew assignments found ;
; HEX0[5]     ; No output delay, min/max delays, false-path exceptions, or max skew assignments found ;
; HEX0[6]     ; No output delay, min/max delays, false-path exceptions, or max skew assignments found ;
; HEX1[0]     ; No output delay, min/max delays, false-path exceptions, or max skew assignments found ;
; HEX1[1]     ; No output delay, min/max delays, false-path exceptions, or max skew assignments found ;
; HEX1[2]     ; No output delay, min/max delays, false-path exceptions, or max skew assignments found ;
; HEX1[3]     ; No output delay, min/max delays, false-path exceptions, or max skew assignments found ;
; HEX1[4]     ; No output delay, min/max delays, false-path exceptions, or max skew assignments found ;
; HEX1[5]     ; No output delay, min/max delays, false-path exceptions, or max skew assignments found ;
; HEX1[6]     ; No output delay, min/max delays, false-path exceptions, or max skew assignments found ;
; HEX2[0]     ; No output delay, min/max delays, false-path exceptions, or max skew assignments found ;
; HEX2[1]     ; No output delay, min/max delays, false-path exceptions, or max skew assignments found ;
; HEX2[2]     ; No output delay, min/max delays, false-path exceptions, or max skew assignments found ;
; HEX2[3]     ; No output delay, min/max delays, false-path exceptions, or max skew assignments found ;
; HEX2[4]     ; No output delay, min/max delays, false-path exceptions, or max skew assignments found ;
; HEX2[5]     ; No output delay, min/max delays, false-path exceptions, or max skew assignments found ;
; HEX2[6]     ; No output delay, min/max delays, false-path exceptions, or max skew assignments found ;
; HEX3[0]     ; No output delay, min/max delays, false-path exceptions, or max skew assignments found ;
; HEX3[1]     ; No output delay, min/max delays, false-path exceptions, or max skew assignments found ;
; HEX3[2]     ; No output delay, min/max delays, false-path exceptions, or max skew assignments found ;
; HEX3[3]     ; No output delay, min/max delays, false-path exceptions, or max skew assignments found ;
; HEX3[4]     ; No output delay, min/max delays, false-path exceptions, or max skew assignments found ;
; HEX3[5]     ; No output delay, min/max delays, false-path exceptions, or max skew assignments found ;
; HEX3[6]     ; No output delay, min/max delays, false-path exceptions, or max skew assignments found ;
; HEX4[0]     ; No output delay, min/max delays, false-path exceptions, or max skew assignments found ;
; HEX4[1]     ; No output delay, min/max delays, false-path exceptions, or max skew assignments found ;
; HEX4[2]     ; No output delay, min/max delays, false-path exceptions, or max skew assignments found ;
; HEX4[3]     ; No output delay, min/max delays, false-path exceptions, or max skew assignments found ;
; HEX4[4]     ; No output delay, min/max delays, false-path exceptions, or max skew assignments found ;
; HEX4[5]     ; No output delay, min/max delays, false-path exceptions, or max skew assignments found ;
; HEX4[6]     ; No output delay, min/max delays, false-path exceptions, or max skew assignments found ;
; HEX5[0]     ; No output delay, min/max delays, false-path exceptions, or max skew assignments found ;
; HEX5[1]     ; No output delay, min/max delays, false-path exceptions, or max skew assignments found ;
; HEX5[2]     ; No output delay, min/max delays, false-path exceptions, or max skew assignments found ;
; HEX5[3]     ; No output delay, min/max delays, false-path exceptions, or max skew assignments found ;
; HEX5[4]     ; No output delay, min/max delays, false-path exceptions, or max skew assignments found ;
; HEX5[5]     ; No output delay, min/max delays, false-path exceptions, or max skew assignments found ;
; HEX5[6]     ; No output delay, min/max delays, false-path exceptions, or max skew assignments found ;
; LEDR[0]     ; No output delay, min/max delays, false-path exceptions, or max skew assignments found ;
; LEDR[1]     ; No output delay, min/max delays, false-path exceptions, or max skew assignments found ;
; LEDR[2]     ; No output delay, min/max delays, false-path exceptions, or max skew assignments found ;
; LEDR[3]     ; No output delay, min/max delays, false-path exceptions, or max skew assignments found ;
; LEDR[4]     ; No output delay, min/max delays, false-path exceptions, or max skew assignments found ;
; LEDR[5]     ; No output delay, min/max delays, false-path exceptions, or max skew assignments found ;
; LEDR[6]     ; No output delay, min/max delays, false-path exceptions, or max skew assignments found ;
; LEDR[7]     ; No output delay, min/max delays, false-path exceptions, or max skew assignments found ;
; LEDR[8]     ; No output delay, min/max delays, false-path exceptions, or max skew assignments found ;
; LEDR[9]     ; No output delay, min/max delays, false-path exceptions, or max skew assignments found ;
+-------------+---------------------------------------------------------------------------------------+


+--------------------------+
; Timing Analyzer Messages ;
+--------------------------+
Info: *******************************************************************
Info: Running Quartus Prime Timing Analyzer
    Info: Version 24.1std.0 Build 1077 03/04/2025 SC Lite Edition
    Info: Processing started: Sun Jun  7 01:18:40 2026
Info: Command: quartus_sta CPU -c CPU
Info: qsta_default_script.tcl version: #1
Warning (18236): Number of processors has not been specified which may cause overloading on shared machines.  Set the global assignment NUM_PARALLEL_PROCESSORS in your QSF to an appropriate value for best performance.
Info (20030): Parallel compilation is enabled and will use 6 of the 6 processors detected
Info (21077): Low junction temperature is 0 degrees C
Info (21077): High junction temperature is 85 degrees C
Critical Warning (332012): Synopsys Design Constraints File file not found: 'CPU.sdc'. A Synopsys Design Constraints File is required by the Timing Analyzer to get proper timing constraints. Without it, the Compiler will not properly optimize the design.
Info (332142): No user constrained base clocks found in the design. Calling "derive_clocks -period 1.0"
Info (332105): Deriving Clocks
    Info (332105): create_clock -period 1.000 -name KEY[0] KEY[0]
Warning (332125): Found combinational loop of 989 nodes File: C:/Users/odrow/OneDrive/Dokumenty/quartus/CPU/alu.vhd Line: 50
    Warning (332126): Node "U_ALU|Mux0~4|combout"
    Warning (332126): Node "U_CONTROL|Selector11~2|datae"
    Warning (332126): Node "U_CONTROL|Selector11~2|combout"
    Warning (332126): Node "U_REGS|Mux528~1|datae"
    Warning (332126): Node "U_REGS|Mux528~1|combout"
    Warning (332126): Node "U_REGS|Mux531~9|datad"
    Warning (332126): Node "U_REGS|Mux531~9|combout"
    Warning (332126): Node "U_REGS|Mux531~8|datab"
    Warning (332126): Node "U_REGS|Mux531~8|combout"
    Warning (332126): Node "U_ALU|Mux3~1|dataa"
    Warning (332126): Node "U_ALU|Mux3~1|combout"
    Warning (332126): Node "U_ALU|Mux3~3|dataa"
    Warning (332126): Node "U_ALU|Mux3~3|combout"
    Warning (332126): Node "U_ALU|Equal1~6|datac"
    Warning (332126): Node "U_ALU|Equal1~6|combout"
    Warning (332126): Node "U_ALU|Equal1~4|datad"
    Warning (332126): Node "U_ALU|Equal1~4|combout"
    Warning (332126): Node "U_CONTROL|Selector11~2|datab"
    Warning (332126): Node "U_ALU|Add0~1|datac"
    Warning (332126): Node "U_ALU|Add0~1|sumout"
    Warning (332126): Node "U_ALU|Mux3~5|dataf"
    Warning (332126): Node "U_ALU|Mux3~5|combout"
    Warning (332126): Node "U_ALU|Mux3~1|datae"
    Warning (332126): Node "U_ALU|Add0~1|cout"
    Warning (332126): Node "U_ALU|Add0~5|cin"
    Warning (332126): Node "U_ALU|Add0~5|cout"
    Warning (332126): Node "U_ALU|Add0~9|cin"
    Warning (332126): Node "U_ALU|Add0~9|cout"
    Warning (332126): Node "U_ALU|Add0~13|cin"
    Warning (332126): Node "U_ALU|Add0~13|sumout"
    Warning (332126): Node "U_ALU|Mux0~9|datad"
    Warning (332126): Node "U_ALU|Mux0~9|combout"
    Warning (332126): Node "U_ALU|Mux0~1|dataf"
    Warning (332126): Node "U_ALU|Mux0~1|combout"
    Warning (332126): Node "U_ALU|Mux0~4|datac"
    Warning (332126): Node "U_ALU|Add0~9|sumout"
    Warning (332126): Node "U_ALU|Mux1~2|datae"
    Warning (332126): Node "U_ALU|Mux1~2|combout"
    Warning (332126): Node "U_ALU|Mux1~4|dataf"
    Warning (332126): Node "U_ALU|Mux1~4|combout"
    Warning (332126): Node "U_ALU|Mux1~5|dataf"
    Warning (332126): Node "U_ALU|Mux1~5|combout"
    Warning (332126): Node "U_CONTROL|Selector11~2|datad"
    Warning (332126): Node "U_ALU|Add0~5|sumout"
    Warning (332126): Node "U_ALU|Mux2~5|dataf"
    Warning (332126): Node "U_ALU|Mux2~5|combout"
    Warning (332126): Node "U_ALU|Mux2~6|datac"
    Warning (332126): Node "U_ALU|Mux2~6|combout"
    Warning (332126): Node "U_ALU|Mux2~2|datad"
    Warning (332126): Node "U_ALU|Mux2~2|combout"
    Warning (332126): Node "U_ALU|Mux2~3|datae"
    Warning (332126): Node "U_ALU|Mux2~3|combout"
    Warning (332126): Node "U_ALU|Equal1~4|datab"
    Warning (332126): Node "U_ALU|Add6~1|datac"
    Warning (332126): Node "U_ALU|Add6~1|sumout"
    Warning (332126): Node "U_ALU|Mux3~1|dataf"
    Warning (332126): Node "U_ALU|Add6~1|cout"
    Warning (332126): Node "U_ALU|Add6~5|cin"
    Warning (332126): Node "U_ALU|Add6~5|cout"
    Warning (332126): Node "U_ALU|Add6~9|cin"
    Warning (332126): Node "U_ALU|Add6~9|cout"
    Warning (332126): Node "U_ALU|Add6~13|cin"
    Warning (332126): Node "U_ALU|Add6~13|sumout"
    Warning (332126): Node "U_ALU|Mux0~1|datac"
    Warning (332126): Node "U_ALU|Add6~9|sumout"
    Warning (332126): Node "U_ALU|Mux1~2|datac"
    Warning (332126): Node "U_ALU|Add6~5|sumout"
    Warning (332126): Node "U_ALU|Mux2~6|dataf"
    Warning (332126): Node "U_ALU|Add3~1|datad"
    Warning (332126): Node "U_ALU|Add3~1|sumout"
    Warning (332126): Node "U_ALU|Mux3~3|datae"
    Warning (332126): Node "U_ALU|Add3~1|cout"
    Warning (332126): Node "U_ALU|Add3~5|cin"
    Warning (332126): Node "U_ALU|Add3~5|cout"
    Warning (332126): Node "U_ALU|Add3~9|cin"
    Warning (332126): Node "U_ALU|Add3~9|cout"
    Warning (332126): Node "U_ALU|Add3~13|cin"
    Warning (332126): Node "U_ALU|Add3~13|sumout"
    Warning (332126): Node "U_ALU|Mux0~1|datad"
    Warning (332126): Node "U_ALU|Mux0~3|datac"
    Warning (332126): Node "U_ALU|Mux0~3|combout"
    Warning (332126): Node "U_ALU|Mux0~4|datae"
    Warning (332126): Node "U_ALU|Add3~9|sumout"
    Warning (332126): Node "U_ALU|Mux1~4|datac"
    Warning (332126): Node "U_ALU|Add3~5|sumout"
    Warning (332126): Node "U_ALU|Mux2~2|datac"
    Warning (332126): Node "U_ALU|Add1~1|datad"
    Warning (332126): Node "U_ALU|Add1~1|sumout"
    Warning (332126): Node "U_ALU|Equal1~6|dataf"
    Warning (332126): Node "U_ALU|Add1~1|cout"
    Warning (332126): Node "U_ALU|Add1~5|cin"
    Warning (332126): Node "U_ALU|Add1~5|cout"
    Warning (332126): Node "U_ALU|Add1~9|cin"
    Warning (332126): Node "U_ALU|Add1~9|cout"
    Warning (332126): Node "U_ALU|Add1~13|cin"
    Warning (332126): Node "U_ALU|Add1~13|sumout"
    Warning (332126): Node "U_ALU|Mux0~10|dataf"
    Warning (332126): Node "U_ALU|Mux0~10|combout"
    Warning (332126): Node "U_ALU|Mux0~1|datae"
    Warning (332126): Node "U_ALU|Mux0~3|dataf"
    Warning (332126): Node "U_ALU|Add1~9|sumout"
    Warning (332126): Node "U_ALU|Mux1~5|datae"
    Warning (332126): Node "U_ALU|Add1~5|sumout"
    Warning (332126): Node "U_ALU|Mux2~3|dataf"
    Warning (332126): Node "U_ALU|Add9~1|datad"
    Warning (332126): Node "U_ALU|Add9~1|sumout"
    Warning (332126): Node "U_ALU|Mux3~0|dataf"
    Warning (332126): Node "U_ALU|Mux3~0|combout"
    Warning (332126): Node "U_ALU|Equal1~6|datad"
    Warning (332126): Node "U_ALU|Add9~1|cout"
    Warning (332126): Node "U_ALU|Add9~5|cin"
    Warning (332126): Node "U_ALU|Add9~5|cout"
    Warning (332126): Node "U_ALU|Add9~9|cin"
    Warning (332126): Node "U_ALU|Add9~9|cout"
    Warning (332126): Node "U_ALU|Add9~13|cin"
    Warning (332126): Node "U_ALU|Add9~13|sumout"
    Warning (332126): Node "U_ALU|Mux0~2|datac"
    Warning (332126): Node "U_ALU|Mux0~2|combout"
    Warning (332126): Node "U_ALU|Mux0~4|datad"
    Warning (332126): Node "U_ALU|Add9~9|sumout"
    Warning (332126): Node "U_ALU|Mux1~0|datac"
    Warning (332126): Node "U_ALU|Mux1~0|combout"
    Warning (332126): Node "U_ALU|Mux1~5|datab"
    Warning (332126): Node "U_ALU|Add9~5|sumout"
    Warning (332126): Node "U_ALU|Mux2~0|datac"
    Warning (332126): Node "U_ALU|Mux2~0|combout"
    Warning (332126): Node "U_ALU|Mux2~3|dataa"
    Warning (332126): Node "U_REGS|Mux528~9|datac"
    Warning (332126): Node "U_REGS|Mux528~9|combout"
    Warning (332126): Node "U_REGS|Mux528~16|datae"
    Warning (332126): Node "U_REGS|Mux528~16|combout"
    Warning (332126): Node "U_ALU|Add6~13|datad"
    Warning (332126): Node "U_ALU|Add0~13|datac"
    Warning (332126): Node "U_ALU|Mux0~9|dataf"
    Warning (332126): Node "U_ALU|Mux0~12|datad"
    Warning (332126): Node "U_ALU|Mux0~12|combout"
    Warning (332126): Node "U_ALU|Mux0~2|dataa"
    Warning (332126): Node "U_ALU|Add9~13|datac"
    Warning (332126): Node "U_ALU|Mux0~11|datad"
    Warning (332126): Node "U_ALU|Mux0~11|combout"
    Warning (332126): Node "U_ALU|Mux0~3|datab"
    Warning (332126): Node "U_ALU|Add3~13|datad"
    Warning (332126): Node "U_ALU|Add1~13|datad"
    Warning (332126): Node "U_ALU|Mux1~1|datac"
    Warning (332126): Node "U_ALU|Mux1~1|combout"
    Warning (332126): Node "U_ALU|Mux1~2|dataf"
    Warning (332126): Node "U_ALU|Mux0~4|dataf"
    Warning (332126): Node "U_REGS|Mux529~2|datad"
    Warning (332126): Node "U_REGS|Mux529~2|combout"
    Warning (332126): Node "U_REGS|Mux529~8|datad"
    Warning (332126): Node "U_REGS|Mux529~8|combout"
    Warning (332126): Node "U_ALU|Mux0~9|datae"
    Warning (332126): Node "U_ALU|Mux2~5|datae"
    Warning (332126): Node "U_ALU|Add9~9|datac"
    Warning (332126): Node "U_ALU|Mux1~5|datac"
    Warning (332126): Node "U_ALU|Add1~9|datac"
    Warning (332126): Node "U_ALU|Add3~9|datad"
    Warning (332126): Node "U_ALU|Mux1~3|datae"
    Warning (332126): Node "U_ALU|Mux1~3|combout"
    Warning (332126): Node "U_ALU|Mux1~4|datae"
    Warning (332126): Node "U_ALU|Add6~9|datac"
    Warning (332126): Node "U_ALU|Add0~9|datad"
    Warning (332126): Node "U_ALU|Mux1~1|dataf"
    Warning (332126): Node "U_REGS|Mux530~1|datac"
    Warning (332126): Node "U_REGS|Mux530~1|combout"
    Warning (332126): Node "U_REGS|Mux530~9|datad"
    Warning (332126): Node "U_REGS|Mux530~9|combout"
    Warning (332126): Node "U_ALU|Mux2~1|dataa"
    Warning (332126): Node "U_ALU|Mux2~1|combout"
    Warning (332126): Node "U_ALU|Mux2~2|datae"
    Warning (332126): Node "U_REGS|Mux530~8|datad"
    Warning (332126): Node "U_REGS|Mux530~8|combout"
    Warning (332126): Node "U_ALU|Mux2~3|datac"
    Warning (332126): Node "U_ALU|Mux2~6|datae"
    Warning (332126): Node "U_ALU|Add1~5|dataa"
    Warning (332126): Node "U_ALU|Add9~5|datad"
    Warning (332126): Node "U_ALU|Add3~5|datac"
    Warning (332126): Node "U_ALU|Add6~5|datad"
    Warning (332126): Node "U_ALU|Add0~5|datad"
    Warning (332126): Node "U_ALU|Mux1~1|datae"
    Warning (332126): Node "U_ALU|Mux3~5|datae"
    Warning (332126): Node "U_REGS|Mux535~2|dataa"
    Warning (332126): Node "U_REGS|Mux535~2|combout"
    Warning (332126): Node "U_REGS|Mux535~8|dataa"
    Warning (332126): Node "U_REGS|Mux535~8|combout"
    Warning (332126): Node "U_ALU|Mux7~5|datac"
    Warning (332126): Node "U_ALU|Mux7~5|combout"
    Warning (332126): Node "U_ALU|Equal1~2|datac"
    Warning (332126): Node "U_ALU|Equal1~2|combout"
    Warning (332126): Node "U_CONTROL|Selector11~2|dataf"
    Warning (332126): Node "U_ALU|Mux7~1|datac"
    Warning (332126): Node "U_ALU|Mux7~1|combout"
    Warning (332126): Node "U_ALU|Mux7~2|datae"
    Warning (332126): Node "U_ALU|Mux7~2|combout"
    Warning (332126): Node "U_ALU|Mux7~4|datae"
    Warning (332126): Node "U_ALU|Mux7~4|combout"
    Warning (332126): Node "U_ALU|Mux7~5|datad"
    Warning (332126): Node "U_ALU|Mux7~3|datad"
    Warning (332126): Node "U_ALU|Mux7~3|combout"
    Warning (332126): Node "U_ALU|Mux7~4|dataf"
    Warning (332126): Node "U_ALU|Add1~61|datab"
    Warning (332126): Node "U_ALU|Add1~61|sumout"
    Warning (332126): Node "U_ALU|Mux7~5|dataf"
    Warning (332126): Node "U_ALU|Add1~61|cout"
    Warning (332126): Node "U_ALU|Add1~53|cin"
    Warning (332126): Node "U_ALU|Add1~53|cout"
    Warning (332126): Node "U_ALU|Add1~57|cin"
    Warning (332126): Node "U_ALU|Add1~57|cout"
    Warning (332126): Node "U_ALU|Add1~33|cin"
    Warning (332126): Node "U_ALU|Add1~33|cout"
    Warning (332126): Node "U_ALU|Add1~1|cin"
    Warning (332126): Node "U_ALU|Add1~33|sumout"
    Warning (332126): Node "U_ALU|Mux4~2|dataf"
    Warning (332126): Node "U_ALU|Mux4~2|combout"
    Warning (332126): Node "U_ALU|Equal1~4|datac"
    Warning (332126): Node "U_ALU|Add1~57|sumout"
    Warning (332126): Node "U_ALU|Mux5~5|datae"
    Warning (332126): Node "U_ALU|Mux5~5|combout"
    Warning (332126): Node "U_ALU|Equal1~2|dataa"
    Warning (332126): Node "U_ALU|Add1~53|sumout"
    Warning (332126): Node "U_ALU|Mux6~5|dataf"
    Warning (332126): Node "U_ALU|Mux6~5|combout"
    Warning (332126): Node "U_ALU|Equal1~2|datad"
    Warning (332126): Node "U_ALU|Mux8~1|datae"
    Warning (332126): Node "U_ALU|Mux8~1|combout"
    Warning (332126): Node "U_ALU|Mux8~2|dataf"
    Warning (332126): Node "U_ALU|Mux8~2|combout"
    Warning (332126): Node "U_ALU|Mux8~4|datac"
    Warning (332126): Node "U_ALU|Mux8~4|combout"
    Warning (332126): Node "U_ALU|Mux8~5|dataa"
    Warning (332126): Node "U_ALU|Mux8~5|combout"
    Warning (332126): Node "U_ALU|Equal1~2|dataf"
    Warning (332126): Node "U_ALU|Mux6~1|datac"
    Warning (332126): Node "U_ALU|Mux6~1|combout"
    Warning (332126): Node "U_ALU|Mux6~2|dataf"
    Warning (332126): Node "U_ALU|Mux6~2|combout"
    Warning (332126): Node "U_ALU|Mux6~4|datac"
    Warning (332126): Node "U_ALU|Mux6~4|combout"
    Warning (332126): Node "U_ALU|Mux6~5|datab"
    Warning (332126): Node "U_ALU|Add9~61|datac"
    Warning (332126): Node "U_ALU|Add9~61|sumout"
    Warning (332126): Node "U_ALU|Mux7~0|datad"
    Warning (332126): Node "U_ALU|Mux7~0|combout"
    Warning (332126): Node "U_ALU|Mux7~5|datab"
    Warning (332126): Node "U_ALU|Add9~61|cout"
    Warning (332126): Node "U_ALU|Add9~53|cin"
    Warning (332126): Node "U_ALU|Add9~53|cout"
    Warning (332126): Node "U_ALU|Add9~57|cin"
    Warning (332126): Node "U_ALU|Add9~57|cout"
    Warning (332126): Node "U_ALU|Add9~33|cin"
    Warning (332126): Node "U_ALU|Add9~33|cout"
    Warning (332126): Node "U_ALU|Add9~1|cin"
    Warning (332126): Node "U_ALU|Add9~33|sumout"
    Warning (332126): Node "U_ALU|Mux4~0|datae"
    Warning (332126): Node "U_ALU|Mux4~0|combout"
    Warning (332126): Node "U_ALU|Mux4~2|datac"
    Warning (332126): Node "U_ALU|Add9~57|sumout"
    Warning (332126): Node "U_ALU|Mux5~0|datab"
    Warning (332126): Node "U_ALU|Mux5~0|combout"
    Warning (332126): Node "U_ALU|Mux5~5|dataf"
    Warning (332126): Node "U_ALU|Add9~53|sumout"
    Warning (332126): Node "U_ALU|Mux6~0|dataa"
    Warning (332126): Node "U_ALU|Mux6~0|combout"
    Warning (332126): Node "U_ALU|Mux6~5|datac"
    Warning (332126): Node "U_ALU|Add0~61|datac"
    Warning (332126): Node "U_ALU|Add0~61|sumout"
    Warning (332126): Node "U_ALU|Mux7~2|dataf"
    Warning (332126): Node "U_ALU|Add0~61|cout"
    Warning (332126): Node "U_ALU|Add0~53|cin"
    Warning (332126): Node "U_ALU|Add0~53|cout"
    Warning (332126): Node "U_ALU|Add0~57|cin"
    Warning (332126): Node "U_ALU|Add0~57|cout"
    Warning (332126): Node "U_ALU|Add0~33|cin"
    Warning (332126): Node "U_ALU|Add0~33|cout"
    Warning (332126): Node "U_ALU|Add0~1|cin"
    Warning (332126): Node "U_ALU|Add0~33|sumout"
    Warning (332126): Node "U_ALU|Mux4~4|dataf"
    Warning (332126): Node "U_ALU|Mux4~4|combout"
    Warning (332126): Node "U_ALU|Mux4~5|datac"
    Warning (332126): Node "U_ALU|Mux4~5|combout"
    Warning (332126): Node "U_ALU|Mux4~1|dataf"
    Warning (332126): Node "U_ALU|Mux4~1|combout"
    Warning (332126): Node "U_ALU|Mux4~2|datad"
    Warning (332126): Node "U_ALU|Add0~57|sumout"
    Warning (332126): Node "U_ALU|Mux5~2|datae"
    Warning (332126): Node "U_ALU|Mux5~2|combout"
    Warning (332126): Node "U_ALU|Mux5~4|datae"
    Warning (332126): Node "U_ALU|Mux5~4|combout"
    Warning (332126): Node "U_ALU|Mux5~5|datac"
    Warning (332126): Node "U_ALU|Add0~53|sumout"
    Warning (332126): Node "U_ALU|Mux6~2|datae"
    Warning (332126): Node "U_ALU|Add6~61|datac"
    Warning (332126): Node "U_ALU|Add6~61|sumout"
    Warning (332126): Node "U_ALU|Mux7~2|datad"
    Warning (332126): Node "U_ALU|Add6~61|cout"
    Warning (332126): Node "U_ALU|Add6~53|cin"
    Warning (332126): Node "U_ALU|Add6~53|cout"
    Warning (332126): Node "U_ALU|Add6~57|cin"
    Warning (332126): Node "U_ALU|Add6~57|cout"
    Warning (332126): Node "U_ALU|Add6~33|cin"
    Warning (332126): Node "U_ALU|Add6~33|cout"
    Warning (332126): Node "U_ALU|Add6~1|cin"
    Warning (332126): Node "U_ALU|Add6~33|sumout"
    Warning (332126): Node "U_ALU|Mux4~5|dataf"
    Warning (332126): Node "U_ALU|Add6~57|sumout"
    Warning (332126): Node "U_ALU|Mux5~2|dataf"
    Warning (332126): Node "U_ALU|Add6~53|sumout"
    Warning (332126): Node "U_ALU|Mux6~2|datad"
    Warning (332126): Node "U_ALU|Add3~61|datac"
    Warning (332126): Node "U_ALU|Add3~61|sumout"
    Warning (332126): Node "U_ALU|Mux7~4|datac"
    Warning (332126): Node "U_ALU|Add3~61|cout"
    Warning (332126): Node "U_ALU|Add3~53|cin"
    Warning (332126): Node "U_ALU|Add3~53|cout"
    Warning (332126): Node "U_ALU|Add3~57|cin"
    Warning (332126): Node "U_ALU|Add3~57|cout"
    Warning (332126): Node "U_ALU|Add3~33|cin"
    Warning (332126): Node "U_ALU|Add3~33|cout"
    Warning (332126): Node "U_ALU|Add3~1|cin"
    Warning (332126): Node "U_ALU|Add3~33|sumout"
    Warning (332126): Node "U_ALU|Mux4~1|datae"
    Warning (332126): Node "U_ALU|Add3~57|sumout"
    Warning (332126): Node "U_ALU|Mux5~4|datab"
    Warning (332126): Node "U_ALU|Add3~53|sumout"
    Warning (332126): Node "U_ALU|Mux6~4|dataf"
    Warning (332126): Node "U_REGS|Mux533~6|dataf"
    Warning (332126): Node "U_REGS|Mux533~6|combout"
    Warning (332126): Node "U_REGS|Mux533~9|datac"
    Warning (332126): Node "U_REGS|Mux533~9|combout"
    Warning (332126): Node "U_ALU|Mux5~3|datae"
    Warning (332126): Node "U_ALU|Mux5~3|combout"
    Warning (332126): Node "U_ALU|Mux5~4|dataf"
    Warning (332126): Node "U_REGS|Mux533~8|dataa"
    Warning (332126): Node "U_REGS|Mux533~8|combout"
    Warning (332126): Node "U_ALU|Mux4~4|datac"
    Warning (332126): Node "U_ALU|Mux5~1|dataa"
    Warning (332126): Node "U_ALU|Mux5~1|combout"
    Warning (332126): Node "U_ALU|Mux5~2|datad"
    Warning (332126): Node "U_ALU|Mux5~5|datad"
    Warning (332126): Node "U_ALU|Add1~57|datab"
    Warning (332126): Node "U_ALU|Add9~57|datab"
    Warning (332126): Node "U_ALU|Mux6~1|dataf"
    Warning (332126): Node "U_ALU|Add0~57|datad"
    Warning (332126): Node "U_ALU|Add6~57|datac"
    Warning (332126): Node "U_ALU|Add3~57|datad"
    Warning (332126): Node "U_REGS|Mux532~2|datab"
    Warning (332126): Node "U_REGS|Mux532~2|combout"
    Warning (332126): Node "U_REGS|Mux532~8|dataa"
    Warning (332126): Node "U_REGS|Mux532~8|combout"
    Warning (332126): Node "U_ALU|Add9~33|datac"
    Warning (332126): Node "U_ALU|Mux4~6|datad"
    Warning (332126): Node "U_ALU|Mux4~6|combout"
    Warning (332126): Node "U_ALU|Mux4~1|dataa"
    Warning (332126): Node "U_ALU|Mux4~5|datae"
    Warning (332126): Node "U_ALU|Mux4~2|datae"
    Warning (332126): Node "U_ALU|Add1~33|dataa"
    Warning (332126): Node "U_ALU|Mux5~1|datac"
    Warning (332126): Node "U_ALU|Mux3~5|datac"
    Warning (332126): Node "U_ALU|Add0~33|datad"
    Warning (332126): Node "U_ALU|Add6~33|dataa"
    Warning (332126): Node "U_ALU|Add3~33|datac"
    Warning (332126): Node "U_REGS|Mux531~1|dataf"
    Warning (332126): Node "U_REGS|Mux531~1|combout"
    Warning (332126): Node "U_ALU|Mux2~4|dataa"
    Warning (332126): Node "U_ALU|Mux2~4|combout"
    Warning (332126): Node "U_ALU|Mux2~5|datad"
    Warning (332126): Node "U_ALU|Mux4~3|datad"
    Warning (332126): Node "U_ALU|Mux4~3|combout"
    Warning (332126): Node "U_ALU|Mux4~4|datae"
    Warning (332126): Node "U_ALU|Equal1~6|datae"
    Warning (332126): Node "U_ALU|Mux3~2|datae"
    Warning (332126): Node "U_ALU|Mux3~2|combout"
    Warning (332126): Node "U_ALU|Mux3~3|dataf"
    Warning (332126): Node "U_REGS|Mux534~6|dataf"
    Warning (332126): Node "U_REGS|Mux534~6|combout"
    Warning (332126): Node "U_REGS|Mux534~9|datac"
    Warning (332126): Node "U_REGS|Mux534~9|combout"
    Warning (332126): Node "U_ALU|Mux6~3|datad"
    Warning (332126): Node "U_ALU|Mux6~3|combout"
    Warning (332126): Node "U_ALU|Mux6~4|datae"
    Warning (332126): Node "U_REGS|Mux534~8|datae"
    Warning (332126): Node "U_REGS|Mux534~8|combout"
    Warning (332126): Node "U_ALU|Mux7~1|datae"
    Warning (332126): Node "U_ALU|Mux5~1|dataf"
    Warning (332126): Node "U_ALU|Mux6~5|dataa"
    Warning (332126): Node "U_ALU|Mux6~1|datae"
    Warning (332126): Node "U_ALU|Add9~53|datad"
    Warning (332126): Node "U_ALU|Add0~53|datad"
    Warning (332126): Node "U_ALU|Add6~53|datad"
    Warning (332126): Node "U_ALU|Add3~53|datad"
    Warning (332126): Node "U_ALU|Add1~53|datad"
    Warning (332126): Node "U_REGS|Mux531~8|dataf"
    Warning (332126): Node "U_REGS|Mux528~14|datae"
    Warning (332126): Node "U_REGS|Mux528~14|combout"
    Warning (332126): Node "U_REGS|Mux528~16|datab"
    Warning (332126): Node "U_REGS|Mux528~15|dataf"
    Warning (332126): Node "U_REGS|Mux528~15|combout"
    Warning (332126): Node "U_REGS|Mux528~16|datad"
    Warning (332126): Node "U_REGS|Mux528~8|datac"
    Warning (332126): Node "U_REGS|Mux528~8|combout"
    Warning (332126): Node "U_REGS|Mux528~9|dataa"
    Warning (332126): Node "U_REGS|Mux529~4|datae"
    Warning (332126): Node "U_REGS|Mux529~4|combout"
    Warning (332126): Node "U_REGS|Mux529~7|datab"
    Warning (332126): Node "U_REGS|Mux529~7|combout"
    Warning (332126): Node "U_REGS|Mux529~8|dataa"
    Warning (332126): Node "U_REGS|Mux529~6|datad"
    Warning (332126): Node "U_REGS|Mux529~6|combout"
    Warning (332126): Node "U_REGS|Mux529~7|datac"
    Warning (332126): Node "U_REGS|Mux529~3|dataf"
    Warning (332126): Node "U_REGS|Mux529~3|combout"
    Warning (332126): Node "U_REGS|Mux529~7|datad"
    Warning (332126): Node "U_REGS|Mux529~5|dataf"
    Warning (332126): Node "U_REGS|Mux529~5|combout"
    Warning (332126): Node "U_REGS|Mux529~7|dataf"
    Warning (332126): Node "U_REGS|Mux529~1|dataf"
    Warning (332126): Node "U_REGS|Mux529~1|combout"
    Warning (332126): Node "U_REGS|Mux529~2|dataf"
    Warning (332126): Node "U_REGS|Mux529~0|dataf"
    Warning (332126): Node "U_REGS|Mux529~0|combout"
    Warning (332126): Node "U_REGS|Mux529~8|datae"
    Warning (332126): Node "U_REGS|Mux528~4|datae"
    Warning (332126): Node "U_REGS|Mux528~4|combout"
    Warning (332126): Node "U_REGS|Mux528~5|datad"
    Warning (332126): Node "U_REGS|Mux528~5|combout"
    Warning (332126): Node "U_REGS|Mux531~10|dataf"
    Warning (332126): Node "U_REGS|Mux531~10|combout"
    Warning (332126): Node "U_REGS|Mux531~8|datae"
    Warning (332126): Node "U_ALU|Mux2~4|datac"
    Warning (332126): Node "U_ALU|Mux4~3|datae"
    Warning (332126): Node "U_REGS|Mux530~8|datac"
    Warning (332126): Node "U_REGS|Mux533~8|datae"
    Warning (332126): Node "U_REGS|Mux534~8|dataf"
    Warning (332126): Node "U_REGS|Mux528~16|dataf"
    Warning (332126): Node "U_REGS|Mux530~9|dataf"
    Warning (332126): Node "U_REGS|Mux533~9|dataf"
    Warning (332126): Node "U_REGS|Mux534~9|dataf"
    Warning (332126): Node "U_REGS|Mux535~8|datae"
    Warning (332126): Node "U_REGS|Mux528~6|dataf"
    Warning (332126): Node "U_REGS|Mux528~6|combout"
    Warning (332126): Node "U_REGS|Mux531~8|dataa"
    Warning (332126): Node "U_REGS|Mux531~10|datae"
    Warning (332126): Node "U_REGS|Mux528~16|datac"
    Warning (332126): Node "U_ALU|Mux2~4|dataf"
    Warning (332126): Node "U_ALU|Mux4~3|dataf"
    Warning (332126): Node "U_REGS|Mux534~8|datac"
    Warning (332126): Node "U_REGS|Mux530~8|dataf"
    Warning (332126): Node "U_REGS|Mux533~8|dataf"
    Warning (332126): Node "U_REGS|Mux532~8|datae"
    Warning (332126): Node "U_ALU|Mux3~2|dataa"
    Warning (332126): Node "U_REGS|Mux528~7|datad"
    Warning (332126): Node "U_REGS|Mux528~7|combout"
    Warning (332126): Node "U_ALU|Mux2~1|dataf"
    Warning (332126): Node "U_ALU|Mux5~3|dataa"
    Warning (332126): Node "U_ALU|Mux6~3|datae"
    Warning (332126): Node "U_ALU|Mux3~6|datae"
    Warning (332126): Node "U_ALU|Mux3~6|combout"
    Warning (332126): Node "U_ALU|Mux3~2|datab"
    Warning (332126): Node "U_REGS|Mux529~8|dataf"
    Warning (332126): Node "U_REGS|Mux540~4|datae"
    Warning (332126): Node "U_REGS|Mux540~4|combout"
    Warning (332126): Node "U_REGS|Mux540~8|datad"
    Warning (332126): Node "U_REGS|Mux540~8|combout"
    Warning (332126): Node "U_ALU|Mux12~3|datad"
    Warning (332126): Node "U_ALU|Mux12~3|combout"
    Warning (332126): Node "U_ALU|Mux12~4|datae"
    Warning (332126): Node "U_ALU|Mux12~4|combout"
    Warning (332126): Node "U_ALU|Mux12~5|datab"
    Warning (332126): Node "U_ALU|Mux12~5|combout"
    Warning (332126): Node "U_ALU|Equal1~7|dataf"
    Warning (332126): Node "U_ALU|Equal1~7|combout"
    Warning (332126): Node "U_ALU|Equal1~4|dataa"
    Warning (332126): Node "U_ALU|Mux12~1|datab"
    Warning (332126): Node "U_ALU|Mux12~1|combout"
    Warning (332126): Node "U_ALU|Mux12~2|datae"
    Warning (332126): Node "U_ALU|Mux12~2|combout"
    Warning (332126): Node "U_ALU|Mux12~4|dataf"
    Warning (332126): Node "U_ALU|Mux12~5|datac"
    Warning (332126): Node "U_ALU|Mux11~8|datac"
    Warning (332126): Node "U_ALU|Mux11~8|combout"
    Warning (332126): Node "U_ALU|Mux11~9|datae"
    Warning (332126): Node "U_ALU|Mux11~9|combout"
    Warning (332126): Node "U_ALU|Mux11~11|dataf"
    Warning (332126): Node "U_ALU|Mux11~11|combout"
    Warning (332126): Node "U_ALU|Mux11~12|datae"
    Warning (332126): Node "U_ALU|Mux11~12|combout"
    Warning (332126): Node "U_ALU|Equal1~4|dataf"
    Warning (332126): Node "U_ALU|Mux13~1|datad"
    Warning (332126): Node "U_ALU|Mux13~1|combout"
    Warning (332126): Node "U_ALU|Mux13~2|dataf"
    Warning (332126): Node "U_ALU|Mux13~2|combout"
    Warning (332126): Node "U_ALU|Mux13~4|dataa"
    Warning (332126): Node "U_ALU|Mux13~4|combout"
    Warning (332126): Node "U_ALU|Mux13~5|datac"
    Warning (332126): Node "U_ALU|Mux13~5|combout"
    Warning (332126): Node "U_ALU|Equal1~7|datab"
    Warning (332126): Node "U_ALU|Add9~21|datac"
    Warning (332126): Node "U_ALU|Add9~21|sumout"
    Warning (332126): Node "U_ALU|Mux12~0|datab"
    Warning (332126): Node "U_ALU|Mux12~0|combout"
    Warning (332126): Node "U_ALU|Mux12~5|datae"
    Warning (332126): Node "U_ALU|Add9~21|cout"
    Warning (332126): Node "U_ALU|Add9~17|cin"
    Warning (332126): Node "U_ALU|Add9~17|cout"
    Warning (332126): Node "U_ALU|Add9~29|cin"
    Warning (332126): Node "U_ALU|Add9~29|cout"
    Warning (332126): Node "U_ALU|Add9~45|cin"
    Warning (332126): Node "U_ALU|Add9~45|cout"
    Warning (332126): Node "U_ALU|Add9~49|cin"
    Warning (332126): Node "U_ALU|Add9~49|cout"
    Warning (332126): Node "U_ALU|Add9~61|cin"
    Warning (332126): Node "U_ALU|Add9~49|sumout"
    Warning (332126): Node "U_ALU|Mux8~0|dataa"
    Warning (332126): Node "U_ALU|Mux8~0|combout"
    Warning (332126): Node "U_ALU|Mux8~5|dataf"
    Warning (332126): Node "U_ALU|Add9~45|sumout"
    Warning (332126): Node "U_ALU|Mux9~0|datad"
    Warning (332126): Node "U_ALU|Mux9~0|combout"
    Warning (332126): Node "U_ALU|Mux9~5|datad"
    Warning (332126): Node "U_ALU|Mux9~5|combout"
    Warning (332126): Node "U_ALU|Equal1~2|datab"
    Warning (332126): Node "U_ALU|Add9~29|sumout"
    Warning (332126): Node "U_ALU|Mux10~0|dataa"
    Warning (332126): Node "U_ALU|Mux10~0|combout"
    Warning (332126): Node "U_ALU|Mux10~5|datac"
    Warning (332126): Node "U_ALU|Mux10~5|combout"
    Warning (332126): Node "U_ALU|Equal1~4|datae"
    Warning (332126): Node "U_ALU|Add9~17|sumout"
    Warning (332126): Node "U_ALU|Mux11~7|datad"
    Warning (332126): Node "U_ALU|Mux11~7|combout"
    Warning (332126): Node "U_ALU|Mux11~12|dataa"
    Warning (332126): Node "U_ALU|Add0~21|datad"
    Warning (332126): Node "U_ALU|Add0~21|sumout"
    Warning (332126): Node "U_ALU|Mux12~2|datad"
    Warning (332126): Node "U_ALU|Add0~21|cout"
    Warning (332126): Node "U_ALU|Add0~17|cin"
    Warning (332126): Node "U_ALU|Add0~17|cout"
    Warning (332126): Node "U_ALU|Add0~29|cin"
    Warning (332126): Node "U_ALU|Add0~29|cout"
    Warning (332126): Node "U_ALU|Add0~45|cin"
    Warning (332126): Node "U_ALU|Add0~45|cout"
    Warning (332126): Node "U_ALU|Add0~49|cin"
    Warning (332126): Node "U_ALU|Add0~49|cout"
    Warning (332126): Node "U_ALU|Add0~61|cin"
    Warning (332126): Node "U_ALU|Add0~49|sumout"
    Warning (332126): Node "U_ALU|Mux8~2|datac"
    Warning (332126): Node "U_ALU|Add0~45|sumout"
    Warning (332126): Node "U_ALU|Mux9~2|dataf"
    Warning (332126): Node "U_ALU|Mux9~2|combout"
    Warning (332126): Node "U_ALU|Mux9~4|datae"
    Warning (332126): Node "U_ALU|Mux9~4|combout"
    Warning (332126): Node "U_ALU|Mux9~5|datae"
    Warning (332126): Node "U_ALU|Add0~29|sumout"
    Warning (332126): Node "U_ALU|Mux10~2|datac"
    Warning (332126): Node "U_ALU|Mux10~2|combout"
    Warning (332126): Node "U_ALU|Mux10~4|datac"
    Warning (332126): Node "U_ALU|Mux10~4|combout"
    Warning (332126): Node "U_ALU|Mux10~5|datae"
    Warning (332126): Node "U_ALU|Add0~17|sumout"
    Warning (332126): Node "U_ALU|Mux11~9|dataf"
    Warning (332126): Node "U_ALU|Add6~21|datac"
    Warning (332126): Node "U_ALU|Add6~21|sumout"
    Warning (332126): Node "U_ALU|Mux12~2|dataf"
    Warning (332126): Node "U_ALU|Add6~21|cout"
    Warning (332126): Node "U_ALU|Add6~17|cin"
    Warning (332126): Node "U_ALU|Add6~17|cout"
    Warning (332126): Node "U_ALU|Add6~29|cin"
    Warning (332126): Node "U_ALU|Add6~29|cout"
    Warning (332126): Node "U_ALU|Add6~45|cin"
    Warning (332126): Node "U_ALU|Add6~45|cout"
    Warning (332126): Node "U_ALU|Add6~49|cin"
    Warning (332126): Node "U_ALU|Add6~49|cout"
    Warning (332126): Node "U_ALU|Add6~61|cin"
    Warning (332126): Node "U_ALU|Add6~49|sumout"
    Warning (332126): Node "U_ALU|Mux8~2|datae"
    Warning (332126): Node "U_ALU|Add6~45|sumout"
    Warning (332126): Node "U_ALU|Mux9~2|datae"
    Warning (332126): Node "U_ALU|Add6~29|sumout"
    Warning (332126): Node "U_ALU|Mux10~2|dataf"
    Warning (332126): Node "U_ALU|Add6~17|sumout"
    Warning (332126): Node "U_ALU|Mux11~9|datac"
    Warning (332126): Node "U_ALU|Add3~21|datac"
    Warning (332126): Node "U_ALU|Add3~21|sumout"
    Warning (332126): Node "U_ALU|Mux12~4|datad"
    Warning (332126): Node "U_ALU|Add3~21|cout"
    Warning (332126): Node "U_ALU|Add3~17|cin"
    Warning (332126): Node "U_ALU|Add3~17|cout"
    Warning (332126): Node "U_ALU|Add3~29|cin"
    Warning (332126): Node "U_ALU|Add3~29|cout"
    Warning (332126): Node "U_ALU|Add3~45|cin"
    Warning (332126): Node "U_ALU|Add3~45|cout"
    Warning (332126): Node "U_ALU|Add3~49|cin"
    Warning (332126): Node "U_ALU|Add3~49|cout"
    Warning (332126): Node "U_ALU|Add3~61|cin"
    Warning (332126): Node "U_ALU|Add3~49|sumout"
    Warning (332126): Node "U_ALU|Mux8~4|datad"
    Warning (332126): Node "U_ALU|Add3~45|sumout"
    Warning (332126): Node "U_ALU|Mux9~4|dataf"
    Warning (332126): Node "U_ALU|Add3~29|sumout"
    Warning (332126): Node "U_ALU|Mux10~4|dataf"
    Warning (332126): Node "U_ALU|Add3~17|sumout"
    Warning (332126): Node "U_ALU|Mux11~11|dataa"
    Warning (332126): Node "U_ALU|Add1~21|datac"
    Warning (332126): Node "U_ALU|Add1~21|sumout"
    Warning (332126): Node "U_ALU|Mux12~5|dataf"
    Warning (332126): Node "U_ALU|Add1~21|cout"
    Warning (332126): Node "U_ALU|Add1~17|cin"
    Warning (332126): Node "U_ALU|Add1~17|cout"
    Warning (332126): Node "U_ALU|Add1~29|cin"
    Warning (332126): Node "U_ALU|Add1~29|cout"
    Warning (332126): Node "U_ALU|Add1~45|cin"
    Warning (332126): Node "U_ALU|Add1~45|cout"
    Warning (332126): Node "U_ALU|Add1~49|cin"
    Warning (332126): Node "U_ALU|Add1~49|cout"
    Warning (332126): Node "U_ALU|Add1~61|cin"
    Warning (332126): Node "U_ALU|Add1~49|sumout"
    Warning (332126): Node "U_ALU|Mux8~5|datae"
    Warning (332126): Node "U_ALU|Add1~45|sumout"
    Warning (332126): Node "U_ALU|Mux9~5|dataf"
    Warning (332126): Node "U_ALU|Add1~29|sumout"
    Warning (332126): Node "U_ALU|Mux10~5|datad"
    Warning (332126): Node "U_ALU|Add1~17|sumout"
    Warning (332126): Node "U_ALU|Mux11~12|dataf"
    Warning (332126): Node "U_REGS|Mux543~5|dataa"
    Warning (332126): Node "U_REGS|Mux543~5|combout"
    Warning (332126): Node "U_ALU|Mux15~3|datad"
    Warning (332126): Node "U_ALU|Mux15~3|combout"
    Warning (332126): Node "U_ALU|Mux15~6|datad"
    Warning (332126): Node "U_ALU|Mux15~6|combout"
    Warning (332126): Node "U_ALU|Mux15~2|datac"
    Warning (332126): Node "U_ALU|Mux15~2|combout"
    Warning (332126): Node "U_ALU|Equal1~7|datac"
    Warning (332126): Node "U_REGS|Mux543~9|datae"
    Warning (332126): Node "U_REGS|Mux543~9|combout"
    Warning (332126): Node "U_ALU|Mux14~1|dataf"
    Warning (332126): Node "U_ALU|Mux14~1|combout"
    Warning (332126): Node "U_ALU|Mux14~2|datab"
    Warning (332126): Node "U_ALU|Mux14~2|combout"
    Warning (332126): Node "U_ALU|Mux14~4|datac"
    Warning (332126): Node "U_ALU|Mux14~4|combout"
    Warning (332126): Node "U_ALU|Mux14~5|datae"
    Warning (332126): Node "U_ALU|Mux14~5|combout"
    Warning (332126): Node "U_ALU|Equal1~7|datae"
    Warning (332126): Node "U_ALU|Mux15~5|datac"
    Warning (332126): Node "U_ALU|Mux15~5|combout"
    Warning (332126): Node "U_ALU|Mux15~1|datac"
    Warning (332126): Node "U_ALU|Mux15~1|combout"
    Warning (332126): Node "U_ALU|Mux15~2|datab"
    Warning (332126): Node "U_ALU|Mux15~2|datae"
    Warning (332126): Node "U_ALU|Mux0~5|datac"
    Warning (332126): Node "U_ALU|Mux0~5|combout"
    Warning (332126): Node "U_ALU|Mux15~0|datac"
    Warning (332126): Node "U_ALU|Mux15~0|combout"
    Warning (332126): Node "U_ALU|Mux15~2|dataf"
    Warning (332126): Node "U_ALU|Add9~41|datac"
    Warning (332126): Node "U_ALU|Add9~41|sumout"
    Warning (332126): Node "U_ALU|Mux15~1|datae"
    Warning (332126): Node "U_ALU|Add9~41|cout"
    Warning (332126): Node "U_ALU|Add9~37|cin"
    Warning (332126): Node "U_ALU|Add9~37|cout"
    Warning (332126): Node "U_ALU|Add9~25|cin"
    Warning (332126): Node "U_ALU|Add9~25|cout"
    Warning (332126): Node "U_ALU|Add9~21|cin"
    Warning (332126): Node "U_ALU|Add9~25|sumout"
    Warning (332126): Node "U_ALU|Mux13~0|datac"
    Warning (332126): Node "U_ALU|Mux13~0|combout"
    Warning (332126): Node "U_ALU|Mux13~5|datae"
    Warning (332126): Node "U_ALU|Add9~37|sumout"
    Warning (332126): Node "U_ALU|Mux14~0|datac"
    Warning (332126): Node "U_ALU|Mux14~0|combout"
    Warning (332126): Node "U_ALU|Mux14~5|datad"
    Warning (332126): Node "U_ALU|Add0~41|datad"
    Warning (332126): Node "U_ALU|Add0~41|sumout"
    Warning (332126): Node "U_ALU|Mux0~5|dataf"
    Warning (332126): Node "U_ALU|Add0~41|cout"
    Warning (332126): Node "U_ALU|Add0~37|cin"
    Warning (332126): Node "U_ALU|Add0~37|cout"
    Warning (332126): Node "U_ALU|Add0~25|cin"
    Warning (332126): Node "U_ALU|Add0~25|cout"
    Warning (332126): Node "U_ALU|Add0~21|cin"
    Warning (332126): Node "U_ALU|Add0~25|sumout"
    Warning (332126): Node "U_ALU|Mux13~2|datac"
    Warning (332126): Node "U_ALU|Add0~37|sumout"
    Warning (332126): Node "U_ALU|Mux14~2|dataf"
    Warning (332126): Node "U_ALU|Add6~41|datac"
    Warning (332126): Node "U_ALU|Add6~41|sumout"
    Warning (332126): Node "U_ALU|Mux0~6|dataf"
    Warning (332126): Node "U_ALU|Mux0~6|combout"
    Warning (332126): Node "U_ALU|Mux15~0|datae"
    Warning (332126): Node "U_ALU|Add6~41|cout"
    Warning (332126): Node "U_ALU|Add6~37|cin"
    Warning (332126): Node "U_ALU|Add6~37|cout"
    Warning (332126): Node "U_ALU|Add6~25|cin"
    Warning (332126): Node "U_ALU|Add6~25|cout"
    Warning (332126): Node "U_ALU|Add6~21|cin"
    Warning (332126): Node "U_ALU|Add6~25|sumout"
    Warning (332126): Node "U_ALU|Mux13~2|datae"
    Warning (332126): Node "U_ALU|Add6~37|sumout"
    Warning (332126): Node "U_ALU|Mux14~2|datae"
    Warning (332126): Node "U_ALU|Add3~41|datac"
    Warning (332126): Node "U_ALU|Add3~41|sumout"
    Warning (332126): Node "U_ALU|Mux15~6|datac"
    Warning (332126): Node "U_ALU|Mux0~6|datac"
    Warning (332126): Node "U_ALU|Add3~41|cout"
    Warning (332126): Node "U_ALU|Add3~37|cin"
    Warning (332126): Node "U_ALU|Add3~37|cout"
    Warning (332126): Node "U_ALU|Add3~25|cin"
    Warning (332126): Node "U_ALU|Add3~25|cout"
    Warning (332126): Node "U_ALU|Add3~21|cin"
    Warning (332126): Node "U_ALU|Add3~25|sumout"
    Warning (332126): Node "U_ALU|Mux13~4|datae"
    Warning (332126): Node "U_ALU|Add3~37|sumout"
    Warning (332126): Node "U_ALU|Mux14~4|datae"
    Warning (332126): Node "U_ALU|Add1~41|datac"
    Warning (332126): Node "U_ALU|Add1~41|sumout"
    Warning (332126): Node "U_ALU|Mux15~6|dataa"
    Warning (332126): Node "U_ALU|Mux0~7|dataf"
    Warning (332126): Node "U_ALU|Mux0~7|combout"
    Warning (332126): Node "U_ALU|Mux15~0|dataf"
    Warning (332126): Node "U_ALU|Add1~41|cout"
    Warning (332126): Node "U_ALU|Add1~37|cin"
    Warning (332126): Node "U_ALU|Add1~37|cout"
    Warning (332126): Node "U_ALU|Add1~25|cin"
    Warning (332126): Node "U_ALU|Add1~25|cout"
    Warning (332126): Node "U_ALU|Add1~21|cin"
    Warning (332126): Node "U_ALU|Add1~25|sumout"
    Warning (332126): Node "U_ALU|Mux13~5|dataa"
    Warning (332126): Node "U_ALU|Add1~37|sumout"
    Warning (332126): Node "U_ALU|Mux14~5|datab"
    Warning (332126): Node "U_REGS|Mux534~4|datae"
    Warning (332126): Node "U_REGS|Mux534~4|combout"
    Warning (332126): Node "U_ALU|Mux6~3|dataa"
    Warning (332126): Node "U_REGS|Mux534~8|datab"
    Warning (332126): Node "U_REGS|Mux534~7|dataf"
    Warning (332126): Node "U_REGS|Mux534~7|combout"
    Warning (332126): Node "U_REGS|Mux534~9|datae"
    Warning (332126): Node "U_REGS|Mux534~8|datad"
    Warning (332126): Node "U_REGS|Mux530~6|datae"
    Warning (332126): Node "U_REGS|Mux530~6|combout"
    Warning (332126): Node "U_ALU|Mux2~1|datae"
    Warning (332126): Node "U_REGS|Mux530~8|datab"
    Warning (332126): Node "U_REGS|Mux530~0|dataf"
    Warning (332126): Node "U_REGS|Mux530~0|combout"
    Warning (332126): Node "U_REGS|Mux530~1|dataf"
    Warning (332126): Node "U_REGS|Mux530~7|datac"
    Warning (332126): Node "U_REGS|Mux530~7|combout"
    Warning (332126): Node "U_REGS|Mux530~9|datae"
    Warning (332126): Node "U_REGS|Mux530~8|datae"
    Warning (332126): Node "U_REGS|Mux535~1|datac"
    Warning (332126): Node "U_REGS|Mux535~1|combout"
    Warning (332126): Node "U_REGS|Mux535~2|datab"
    Warning (332126): Node "U_REGS|Mux535~7|datab"
    Warning (332126): Node "U_REGS|Mux535~7|combout"
    Warning (332126): Node "U_REGS|Mux535~8|datab"
    Warning (332126): Node "U_REGS|Mux535~0|dataf"
    Warning (332126): Node "U_REGS|Mux535~0|combout"
    Warning (332126): Node "U_REGS|Mux535~8|dataf"
    Warning (332126): Node "U_REGS|Mux533~5|dataf"
    Warning (332126): Node "U_REGS|Mux533~5|combout"
    Warning (332126): Node "U_REGS|Mux533~6|datac"
    Warning (332126): Node "U_REGS|Mux533~7|datad"
    Warning (332126): Node "U_REGS|Mux533~7|combout"
    Warning (332126): Node "U_REGS|Mux533~9|datae"
    Warning (332126): Node "U_REGS|Mux533~8|datac"
    Warning (332126): Node "U_REGS|Mux533~4|datad"
    Warning (332126): Node "U_REGS|Mux533~4|combout"
    Warning (332126): Node "U_ALU|Mux5~3|dataf"
    Warning (332126): Node "U_REGS|Mux533~8|datad"
    Warning (332126): Node "U_REGS|Mux532~1|datae"
    Warning (332126): Node "U_REGS|Mux532~1|combout"
    Warning (332126): Node "U_REGS|Mux532~2|dataf"
    Warning (332126): Node "U_REGS|Mux532~0|datae"
    Warning (332126): Node "U_REGS|Mux532~0|combout"
    Warning (332126): Node "U_REGS|Mux532~8|datac"
    Warning (332126): Node "U_REGS|Mux532~7|datad"
    Warning (332126): Node "U_REGS|Mux532~7|combout"
    Warning (332126): Node "U_REGS|Mux532~8|dataf"
    Warning (332126): Node "U_REGS|Mux531~6|dataa"
    Warning (332126): Node "U_REGS|Mux531~6|combout"
    Warning (332126): Node "U_REGS|Mux531~10|datab"
    Warning (332126): Node "U_ALU|Mux2~4|datab"
    Warning (332126): Node "U_ALU|Mux4~3|datab"
    Warning (332126): Node "U_ALU|Mux3~6|datac"
    Warning (332126): Node "U_REGS|Mux531~7|dataf"
    Warning (332126): Node "U_REGS|Mux531~7|combout"
    Warning (332126): Node "U_REGS|Mux531~10|datad"
    Warning (332126): Node "U_ALU|Mux2~4|datae"
    Warning (332126): Node "U_ALU|Mux4~3|datac"
    Warning (332126): Node "U_ALU|Mux3~2|datad"
    Warning (332126): Node "U_REGS|Mux531~0|datae"
    Warning (332126): Node "U_REGS|Mux531~0|combout"
    Warning (332126): Node "U_REGS|Mux531~8|datac"
    Warning (332126): Node "U_REGS|Mux531~1|datad"
    Warning (332126): Node "U_REGS|Mux541~6|dataf"
    Warning (332126): Node "U_REGS|Mux541~6|combout"
    Warning (332126): Node "U_REGS|Mux541~8|datae"
    Warning (332126): Node "U_REGS|Mux541~8|combout"
    Warning (332126): Node "U_ALU|Mux13~3|datab"
    Warning (332126): Node "U_ALU|Mux13~3|combout"
    Warning (332126): Node "U_ALU|Mux13~4|dataf"
    Warning (332126): Node "U_REGS|Mux541~9|datae"
    Warning (332126): Node "U_REGS|Mux541~9|combout"
    Warning (332126): Node "U_ALU|Mux12~1|dataf"
    Warning (332126): Node "U_ALU|Mux14~1|datad"
    Warning (332126): Node "U_ALU|Add1~25|datac"
    Warning (332126): Node "U_ALU|Mux13~1|dataf"
    Warning (332126): Node "U_ALU|Mux13~5|datad"
    Warning (332126): Node "U_ALU|Add0~25|datad"
    Warning (332126): Node "U_ALU|Add6~25|datad"
    Warning (332126): Node "U_ALU|Add3~25|datac"
    Warning (332126): Node "U_ALU|Add9~25|datac"
    Warning (332126): Node "U_REGS|Mux541~7|dataf"
    Warning (332126): Node "U_REGS|Mux541~7|combout"
    Warning (332126): Node "U_REGS|Mux541~8|dataf"
    Warning (332126): Node "U_REGS|Mux537~4|datae"
    Warning (332126): Node "U_REGS|Mux537~4|combout"
    Warning (332126): Node "U_REGS|Mux537~8|datab"
    Warning (332126): Node "U_REGS|Mux537~8|combout"
    Warning (332126): Node "U_ALU|Mux8~1|datac"
    Warning (332126): Node "U_ALU|Mux9~5|datac"
    Warning (332126): Node "U_ALU|Add9~45|datad"
    Warning (332126): Node "U_ALU|Mux9~3|datab"
    Warning (332126): Node "U_ALU|Mux9~3|combout"
    Warning (332126): Node "U_ALU|Mux9~4|datac"
    Warning (332126): Node "U_ALU|Mux9~1|dataa"
    Warning (332126): Node "U_ALU|Mux9~1|combout"
    Warning (332126): Node "U_ALU|Mux9~2|datab"
    Warning (332126): Node "U_ALU|Add6~45|datad"
    Warning (332126): Node "U_ALU|Add0~45|datad"
    Warning (332126): Node "U_ALU|Add3~45|datab"
    Warning (332126): Node "U_ALU|Add1~45|datac"
    Warning (332126): Node "U_ALU|Mux10~1|dataf"
    Warning (332126): Node "U_ALU|Mux10~1|combout"
    Warning (332126): Node "U_ALU|Mux10~2|datae"
    Warning (332126): Node "U_REGS|Mux537~7|dataf"
    Warning (332126): Node "U_REGS|Mux537~7|combout"
    Warning (332126): Node "U_REGS|Mux537~8|dataf"
    Warning (332126): Node "U_REGS|Mux542~4|datac"
    Warning (332126): Node "U_REGS|Mux542~4|combout"
    Warning (332126): Node "U_ALU|Mux0~8|datac"
    Warning (332126): Node "U_ALU|Mux0~8|combout"
    Warning (332126): Node "U_ALU|Mux15~0|datab"
    Warning (332126): Node "U_REGS|Mux542~8|datad"
    Warning (332126): Node "U_REGS|Mux542~8|combout"
    Warning (332126): Node "U_ALU|Mux14~5|datac"
    Warning (332126): Node "U_ALU|Mux14~1|datae"
    Warning (332126): Node "U_ALU|Mux14~3|datae"
    Warning (332126): Node "U_ALU|Mux14~3|combout"
    Warning (332126): Node "U_ALU|Mux14~4|dataf"
    Warning (332126): Node "U_ALU|Add1~37|datad"
    Warning (332126): Node "U_ALU|Mux13~1|datae"
    Warning (332126): Node "U_ALU|Add9~37|datad"
    Warning (332126): Node "U_ALU|Add0~37|datac"
    Warning (332126): Node "U_ALU|Add6~37|datad"
    Warning (332126): Node "U_ALU|Add3~37|datad"
    Warning (332126): Node "U_REGS|Mux542~7|dataf"
    Warning (332126): Node "U_REGS|Mux542~7|combout"
    Warning (332126): Node "U_ALU|Mux0~8|datae"
    Warning (332126): Node "U_REGS|Mux542~8|datae"
    Warning (332126): Node "U_REGS|Mux539~6|datac"
    Warning (332126): Node "U_REGS|Mux539~6|combout"
    Warning (332126): Node "U_REGS|Mux539~8|datab"
    Warning (332126): Node "U_REGS|Mux539~8|combout"
    Warning (332126): Node "U_ALU|Mux12~1|datac"
    Warning (332126): Node "U_ALU|Mux11~12|datac"
    Warning (332126): Node "U_ALU|Mux11~10|datae"
    Warning (332126): Node "U_ALU|Mux11~10|combout"
    Warning (332126): Node "U_ALU|Mux11~11|datad"
    Warning (332126): Node "U_ALU|Mux11~8|datad"
    Warning (332126): Node "U_ALU|Add1~17|datab"
    Warning (332126): Node "U_ALU|Add9~17|datac"
    Warning (332126): Node "U_ALU|Add0~17|datad"
    Warning (332126): Node "U_ALU|Mux10~1|datac"
    Warning (332126): Node "U_ALU|Add6~17|datac"
    Warning (332126): Node "U_ALU|Add3~17|datac"
    Warning (332126): Node "U_REGS|Mux539~7|dataf"
    Warning (332126): Node "U_REGS|Mux539~7|combout"
    Warning (332126): Node "U_REGS|Mux539~8|datae"
    Warning (332126): Node "U_REGS|Mux538~11|dataf"
    Warning (332126): Node "U_REGS|Mux538~11|combout"
    Warning (332126): Node "U_REGS|Mux538~12|datad"
    Warning (332126): Node "U_REGS|Mux538~12|combout"
    Warning (332126): Node "U_ALU|Mux10~3|datac"
    Warning (332126): Node "U_ALU|Mux10~3|combout"
    Warning (332126): Node "U_ALU|Mux10~4|datad"
    Warning (332126): Node "U_REGS|Mux538~13|dataf"
    Warning (332126): Node "U_REGS|Mux538~13|combout"
    Warning (332126): Node "U_ALU|Mux11~8|datae"
    Warning (332126): Node "U_ALU|Mux9~1|dataf"
    Warning (332126): Node "U_ALU|Add9~29|datad"
    Warning (332126): Node "U_ALU|Add1~29|datac"
    Warning (332126): Node "U_ALU|Add0~29|datac"
    Warning (332126): Node "U_ALU|Mux10~1|datad"
    Warning (332126): Node "U_ALU|Add6~29|datac"
    Warning (332126): Node "U_ALU|Add3~29|datad"
    Warning (332126): Node "U_ALU|Mux10~5|dataf"
    Warning (332126): Node "U_REGS|Mux538~10|datab"
    Warning (332126): Node "U_REGS|Mux538~10|combout"
    Warning (332126): Node "U_REGS|Mux538~12|datae"
    Warning (332126): Node "U_REGS|Mux536~4|datab"
    Warning (332126): Node "U_REGS|Mux536~4|combout"
    Warning (332126): Node "U_REGS|Mux536~8|datab"
    Warning (332126): Node "U_REGS|Mux536~8|combout"
    Warning (332126): Node "U_ALU|Mux7~1|dataf"
    Warning (332126): Node "U_ALU|Mux8~3|dataa"
    Warning (332126): Node "U_ALU|Mux8~3|combout"
    Warning (332126): Node "U_ALU|Mux8~4|datab"
    Warning (332126): Node "U_ALU|Mux8~1|dataf"
    Warning (332126): Node "U_ALU|Mux8~5|datac"
    Warning (332126): Node "U_ALU|Add1~49|datac"
    Warning (332126): Node "U_ALU|Add9~49|datad"
    Warning (332126): Node "U_ALU|Add0~49|datad"
    Warning (332126): Node "U_ALU|Add6~49|datac"
    Warning (332126): Node "U_ALU|Add3~49|datac"
    Warning (332126): Node "U_ALU|Mux9~1|datae"
    Warning (332126): Node "U_REGS|Mux538~1|datab"
    Warning (332126): Node "U_REGS|Mux538~1|combout"
    Warning (332126): Node "U_REGS|Mux540~6|datab"
    Warning (332126): Node "U_REGS|Mux540~6|combout"
    Warning (332126): Node "U_REGS|Mux540~8|datac"
    Warning (332126): Node "U_REGS|Mux543~7|datac"
    Warning (332126): Node "U_REGS|Mux543~7|combout"
    Warning (332126): Node "U_ALU|Mux15~4|datab"
    Warning (332126): Node "U_ALU|Mux15~4|combout"
    Warning (332126): Node "U_ALU|Mux15~6|dataf"
    Warning (332126): Node "U_REGS|Mux543~9|datab"
    Warning (332126): Node "U_REGS|Mux541~1|datac"
    Warning (332126): Node "U_REGS|Mux541~1|combout"
    Warning (332126): Node "U_ALU|Mux13~3|datac"
    Warning (332126): Node "U_REGS|Mux541~9|datad"
    Warning (332126): Node "U_REGS|Mux537~6|datab"
    Warning (332126): Node "U_REGS|Mux537~6|combout"
    Warning (332126): Node "U_REGS|Mux537~8|datae"
    Warning (332126): Node "U_REGS|Mux542~6|datad"
    Warning (332126): Node "U_REGS|Mux542~6|combout"
    Warning (332126): Node "U_ALU|Mux0~8|datab"
    Warning (332126): Node "U_REGS|Mux542~8|datac"
    Warning (332126): Node "U_REGS|Mux539~1|dataa"
    Warning (332126): Node "U_REGS|Mux539~1|combout"
    Warning (332126): Node "U_REGS|Mux539~8|dataf"
    Warning (332126): Node "U_REGS|Mux538~5|datad"
    Warning (332126): Node "U_REGS|Mux538~5|combout"
    Warning (332126): Node "U_ALU|Mux10~3|dataf"
    Warning (332126): Node "U_REGS|Mux538~13|dataa"
    Warning (332126): Node "U_REGS|Mux536~6|datab"
    Warning (332126): Node "U_REGS|Mux536~6|combout"
    Warning (332126): Node "U_REGS|Mux536~8|datac"
    Warning (332126): Node "U_REGS|Mux538~0|dataf"
    Warning (332126): Node "U_REGS|Mux538~0|combout"
    Warning (332126): Node "U_REGS|Mux540~6|dataa"
    Warning (332126): Node "U_REGS|Mux543~7|dataa"
    Warning (332126): Node "U_REGS|Mux541~1|datad"
    Warning (332126): Node "U_REGS|Mux537~6|datad"
    Warning (332126): Node "U_REGS|Mux542~6|datab"
    Warning (332126): Node "U_REGS|Mux539~1|datac"
    Warning (332126): Node "U_REGS|Mux538~5|datac"
    Warning (332126): Node "U_REGS|Mux536~6|datac"
    Warning (332126): Node "U_REGS|Mux536~7|datad"
    Warning (332126): Node "U_REGS|Mux536~7|combout"
    Warning (332126): Node "U_REGS|Mux536~8|datae"
    Warning (332126): Node "U_REGS|Mux538~2|datab"
    Warning (332126): Node "U_REGS|Mux538~2|combout"
    Warning (332126): Node "U_REGS|Mux540~8|datab"
    Warning (332126): Node "U_ALU|Mux15~3|datab"
    Warning (332126): Node "U_ALU|Mux0~8|dataf"
    Warning (332126): Node "U_REGS|Mux543~9|datad"
    Warning (332126): Node "U_REGS|Mux541~8|dataa"
    Warning (332126): Node "U_REGS|Mux537~8|datac"
    Warning (332126): Node "U_REGS|Mux542~8|dataf"
    Warning (332126): Node "U_REGS|Mux539~8|datad"
    Warning (332126): Node "U_REGS|Mux538~12|datac"
    Warning (332126): Node "U_REGS|Mux536~8|dataf"
    Warning (332126): Node "U_REGS|Mux543~0|dataf"
    Warning (332126): Node "U_REGS|Mux543~0|combout"
    Warning (332126): Node "U_ALU|Mux15~4|dataf"
    Warning (332126): Node "U_ALU|Mux13~3|datae"
    Warning (332126): Node "U_ALU|Mux10~3|dataa"
    Warning (332126): Node "U_REGS|Mux538~13|datae"
    Warning (332126): Node "U_REGS|Mux541~9|dataf"
    Warning (332126): Node "U_REGS|Mux534~5|dataf"
    Warning (332126): Node "U_REGS|Mux534~5|combout"
    Warning (332126): Node "U_REGS|Mux534~6|datad"
    Warning (332126): Node "U_REGS|Mux543~8|dataf"
    Warning (332126): Node "U_REGS|Mux543~8|combout"
    Warning (332126): Node "U_ALU|Mux15~3|datac"
    Warning (332126): Node "U_REGS|Mux543~9|dataf"
    Warning (332126): Node "U_REGS|Mux540~7|dataf"
    Warning (332126): Node "U_REGS|Mux540~7|combout"
    Warning (332126): Node "U_REGS|Mux540~8|dataf"
Critical Warning (332081): Design contains combinational loop of 989 nodes. Estimating the delays through the loop.
Info (332143): No user constrained clock uncertainty found in the design. Calling "derive_clock_uncertainty"
Info (332123): Deriving Clock Uncertainty. Please refer to report_sdc in the Timing Analyzer to see clock uncertainties.
Info: Found TIMING_ANALYZER_REPORT_SCRIPT_INCLUDE_DEFAULT_ANALYSIS = ON
Info: Analyzing Slow 1100mV 85C Model
Critical Warning (332148): Timing requirements not met
    Info (11105): For recommendations on closing timing, run Report Timing Closure Recommendations in the Timing Analyzer.
Info (332146): Worst-case setup slack is -22.830
    Info (332119):     Slack       End Point TNS Clock 
    Info (332119): ========= =================== =====================
    Info (332119):   -22.830         -251230.360 KEY[0] 
Info (332146): Worst-case hold slack is -0.032
    Info (332119):     Slack       End Point TNS Clock 
    Info (332119): ========= =================== =====================
    Info (332119):    -0.032              -0.057 KEY[0] 
Info (332140): No Recovery paths to report
Info (332140): No Removal paths to report
Info (332146): Worst-case minimum pulse width slack is -0.724
    Info (332119):     Slack       End Point TNS Clock 
    Info (332119): ========= =================== =====================
    Info (332119):    -0.724          -22466.596 KEY[0] 
Info: Analyzing Slow 1100mV 0C Model
Info (334003): Started post-fitting delay annotation
Info (334004): Delay annotation completed successfully
Info (332123): Deriving Clock Uncertainty. Please refer to report_sdc in the Timing Analyzer to see clock uncertainties.
Critical Warning (332148): Timing requirements not met
    Info (11105): For recommendations on closing timing, run Report Timing Closure Recommendations in the Timing Analyzer.
Info (332146): Worst-case setup slack is -22.428
    Info (332119):     Slack       End Point TNS Clock 
    Info (332119): ========= =================== =====================
    Info (332119):   -22.428         -247391.423 KEY[0] 
Info (332146): Worst-case hold slack is 0.029
    Info (332119):     Slack       End Point TNS Clock 
    Info (332119): ========= =================== =====================
    Info (332119):     0.029               0.000 KEY[0] 
Info (332140): No Recovery paths to report
Info (332140): No Removal paths to report
Info (332146): Worst-case minimum pulse width slack is -0.724
    Info (332119):     Slack       End Point TNS Clock 
    Info (332119): ========= =================== =====================
    Info (332119):    -0.724          -21214.576 KEY[0] 
Info: Analyzing Fast 1100mV 85C Model
Info (334003): Started post-fitting delay annotation
Info (334004): Delay annotation completed successfully
Info (332123): Deriving Clock Uncertainty. Please refer to report_sdc in the Timing Analyzer to see clock uncertainties.
Critical Warning (332148): Timing requirements not met
    Info (11105): For recommendations on closing timing, run Report Timing Closure Recommendations in the Timing Analyzer.
Info (332146): Worst-case setup slack is -10.228
    Info (332119):     Slack       End Point TNS Clock 
    Info (332119): ========= =================== =====================
    Info (332119):   -10.228         -118098.517 KEY[0] 
Info (332146): Worst-case hold slack is 0.100
    Info (332119):     Slack       End Point TNS Clock 
    Info (332119): ========= =================== =====================
    Info (332119):     0.100               0.000 KEY[0] 
Info (332140): No Recovery paths to report
Info (332140): No Removal paths to report
Info (332146): Worst-case minimum pulse width slack is -0.062
    Info (332119):     Slack       End Point TNS Clock 
    Info (332119): ========= =================== =====================
    Info (332119):    -0.062            -825.774 KEY[0] 
Info: Analyzing Fast 1100mV 0C Model
Info (332123): Deriving Clock Uncertainty. Please refer to report_sdc in the Timing Analyzer to see clock uncertainties.
Critical Warning (332148): Timing requirements not met
    Info (11105): For recommendations on closing timing, run Report Timing Closure Recommendations in the Timing Analyzer.
Info (332146): Worst-case setup slack is -8.983
    Info (332119):     Slack       End Point TNS Clock 
    Info (332119): ========= =================== =====================
    Info (332119):    -8.983         -102154.834 KEY[0] 
Info (332146): Worst-case hold slack is 0.108
    Info (332119):     Slack       End Point TNS Clock 
    Info (332119): ========= =================== =====================
    Info (332119):     0.108               0.000 KEY[0] 
Info (332140): No Recovery paths to report
Info (332140): No Removal paths to report
Info (332146): Worst-case minimum pulse width slack is -0.087
    Info (332119):     Slack       End Point TNS Clock 
    Info (332119): ========= =================== =====================
    Info (332119):    -0.087           -1231.215 KEY[0] 
Info (332102): Design is not fully constrained for setup requirements
Info (332102): Design is not fully constrained for hold requirements
Info: Quartus Prime Timing Analyzer was successful. 0 errors, 997 warnings
    Info: Peak virtual memory: 6211 megabytes
    Info: Processing ended: Sun Jun  7 01:19:36 2026
    Info: Elapsed time: 00:00:56
    Info: Total CPU time (on all processors): 00:02:41


